ARM GAS  C:\msys64\tmp\ccinQ4cb.s 			page 1


   1              		.cpu cortex-m0
   2              		.arch armv6s-m
   3              		.fpu softvfp
   4              		.eabi_attribute 20, 1
   5              		.eabi_attribute 21, 1
   6              		.eabi_attribute 23, 3
   7              		.eabi_attribute 24, 1
   8              		.eabi_attribute 25, 1
   9              		.eabi_attribute 26, 1
  10              		.eabi_attribute 30, 1
  11              		.eabi_attribute 34, 0
  12              		.eabi_attribute 18, 4
  13              		.file	"stm32f0xx_hal_rcc.c"
  14              		.text
  15              	.Ltext0:
  16              		.cfi_sections	.debug_frame
  17              		.file 1 "Drivers/STM32F0xx_HAL_Driver/Src/stm32f0xx_hal_rcc.c"
  18              		.section	.text.HAL_RCC_DeInit,"ax",%progbits
  19              		.align	1
  20              		.global	HAL_RCC_DeInit
  21              		.syntax unified
  22              		.code	16
  23              		.thumb_func
  25              	HAL_RCC_DeInit:
  26              	.LFB40:
   1:Drivers/STM32F0xx_HAL_Driver/Src/stm32f0xx_hal_rcc.c **** /**
   2:Drivers/STM32F0xx_HAL_Driver/Src/stm32f0xx_hal_rcc.c ****   ******************************************************************************
   3:Drivers/STM32F0xx_HAL_Driver/Src/stm32f0xx_hal_rcc.c ****   * @file    stm32f0xx_hal_rcc.c
   4:Drivers/STM32F0xx_HAL_Driver/Src/stm32f0xx_hal_rcc.c ****   * @author  MCD Application Team
   5:Drivers/STM32F0xx_HAL_Driver/Src/stm32f0xx_hal_rcc.c ****   * @brief   RCC HAL module driver.
   6:Drivers/STM32F0xx_HAL_Driver/Src/stm32f0xx_hal_rcc.c ****   *          This file provides firmware functions to manage the following 
   7:Drivers/STM32F0xx_HAL_Driver/Src/stm32f0xx_hal_rcc.c ****   *          functionalities of the Reset and Clock Control (RCC) peripheral:
   8:Drivers/STM32F0xx_HAL_Driver/Src/stm32f0xx_hal_rcc.c ****   *           + Initialization and de-initialization functions
   9:Drivers/STM32F0xx_HAL_Driver/Src/stm32f0xx_hal_rcc.c ****   *           + Peripheral Control functions
  10:Drivers/STM32F0xx_HAL_Driver/Src/stm32f0xx_hal_rcc.c ****   *       
  11:Drivers/STM32F0xx_HAL_Driver/Src/stm32f0xx_hal_rcc.c ****   @verbatim                
  12:Drivers/STM32F0xx_HAL_Driver/Src/stm32f0xx_hal_rcc.c ****   ==============================================================================
  13:Drivers/STM32F0xx_HAL_Driver/Src/stm32f0xx_hal_rcc.c ****                       ##### RCC specific features #####
  14:Drivers/STM32F0xx_HAL_Driver/Src/stm32f0xx_hal_rcc.c ****   ==============================================================================
  15:Drivers/STM32F0xx_HAL_Driver/Src/stm32f0xx_hal_rcc.c ****     [..]  
  16:Drivers/STM32F0xx_HAL_Driver/Src/stm32f0xx_hal_rcc.c ****       After reset the device is running from Internal High Speed oscillator
  17:Drivers/STM32F0xx_HAL_Driver/Src/stm32f0xx_hal_rcc.c ****       (HSI 8MHz) with Flash 0 wait state, Flash prefetch buffer is disabled, 
  18:Drivers/STM32F0xx_HAL_Driver/Src/stm32f0xx_hal_rcc.c ****       and all peripherals are off except internal SRAM, Flash and JTAG.
  19:Drivers/STM32F0xx_HAL_Driver/Src/stm32f0xx_hal_rcc.c ****       (+) There is no prescaler on High speed (AHB) and Low speed (APB) buses;
  20:Drivers/STM32F0xx_HAL_Driver/Src/stm32f0xx_hal_rcc.c ****           all peripherals mapped on these buses are running at HSI speed.
  21:Drivers/STM32F0xx_HAL_Driver/Src/stm32f0xx_hal_rcc.c ****       (+) The clock for all peripherals is switched off, except the SRAM and FLASH.
  22:Drivers/STM32F0xx_HAL_Driver/Src/stm32f0xx_hal_rcc.c ****       (+) All GPIOs are in input floating state, except the JTAG pins which
  23:Drivers/STM32F0xx_HAL_Driver/Src/stm32f0xx_hal_rcc.c ****           are assigned to be used for debug purpose.
  24:Drivers/STM32F0xx_HAL_Driver/Src/stm32f0xx_hal_rcc.c ****     [..] Once the device started from reset, the user application has to:
  25:Drivers/STM32F0xx_HAL_Driver/Src/stm32f0xx_hal_rcc.c ****       (+) Configure the clock source to be used to drive the System clock
  26:Drivers/STM32F0xx_HAL_Driver/Src/stm32f0xx_hal_rcc.c ****           (if the application needs higher frequency/performance)
  27:Drivers/STM32F0xx_HAL_Driver/Src/stm32f0xx_hal_rcc.c ****       (+) Configure the System clock frequency and Flash settings  
  28:Drivers/STM32F0xx_HAL_Driver/Src/stm32f0xx_hal_rcc.c ****       (+) Configure the AHB and APB buses prescalers
  29:Drivers/STM32F0xx_HAL_Driver/Src/stm32f0xx_hal_rcc.c ****       (+) Enable the clock for the peripheral(s) to be used
  30:Drivers/STM32F0xx_HAL_Driver/Src/stm32f0xx_hal_rcc.c ****       (+) Configure the clock source(s) for peripherals whose clocks are not
  31:Drivers/STM32F0xx_HAL_Driver/Src/stm32f0xx_hal_rcc.c ****           derived from the System clock (RTC, ADC, I2C, USART, TIM, USB FS, etc..)
  32:Drivers/STM32F0xx_HAL_Driver/Src/stm32f0xx_hal_rcc.c **** 
ARM GAS  C:\msys64\tmp\ccinQ4cb.s 			page 2


  33:Drivers/STM32F0xx_HAL_Driver/Src/stm32f0xx_hal_rcc.c ****                       ##### RCC Limitations #####
  34:Drivers/STM32F0xx_HAL_Driver/Src/stm32f0xx_hal_rcc.c ****   ==============================================================================
  35:Drivers/STM32F0xx_HAL_Driver/Src/stm32f0xx_hal_rcc.c ****     [..]  
  36:Drivers/STM32F0xx_HAL_Driver/Src/stm32f0xx_hal_rcc.c ****       A delay between an RCC peripheral clock enable and the effective peripheral 
  37:Drivers/STM32F0xx_HAL_Driver/Src/stm32f0xx_hal_rcc.c ****       enabling should be taken into account in order to manage the peripheral read/write 
  38:Drivers/STM32F0xx_HAL_Driver/Src/stm32f0xx_hal_rcc.c ****       from/to registers.
  39:Drivers/STM32F0xx_HAL_Driver/Src/stm32f0xx_hal_rcc.c ****       (+) This delay depends on the peripheral mapping.
  40:Drivers/STM32F0xx_HAL_Driver/Src/stm32f0xx_hal_rcc.c ****         (++) AHB & APB peripherals, 1 dummy read is necessary
  41:Drivers/STM32F0xx_HAL_Driver/Src/stm32f0xx_hal_rcc.c **** 
  42:Drivers/STM32F0xx_HAL_Driver/Src/stm32f0xx_hal_rcc.c ****     [..]  
  43:Drivers/STM32F0xx_HAL_Driver/Src/stm32f0xx_hal_rcc.c ****       Workarounds:
  44:Drivers/STM32F0xx_HAL_Driver/Src/stm32f0xx_hal_rcc.c ****       (#) For AHB & APB peripherals, a dummy read to the peripheral register has been
  45:Drivers/STM32F0xx_HAL_Driver/Src/stm32f0xx_hal_rcc.c ****           inserted in each __HAL_RCC_PPP_CLK_ENABLE() macro.
  46:Drivers/STM32F0xx_HAL_Driver/Src/stm32f0xx_hal_rcc.c **** 
  47:Drivers/STM32F0xx_HAL_Driver/Src/stm32f0xx_hal_rcc.c ****   @endverbatim
  48:Drivers/STM32F0xx_HAL_Driver/Src/stm32f0xx_hal_rcc.c ****   ******************************************************************************
  49:Drivers/STM32F0xx_HAL_Driver/Src/stm32f0xx_hal_rcc.c ****   * @attention
  50:Drivers/STM32F0xx_HAL_Driver/Src/stm32f0xx_hal_rcc.c ****   *
  51:Drivers/STM32F0xx_HAL_Driver/Src/stm32f0xx_hal_rcc.c ****   * Copyright (c) 2016 STMicroelectronics.
  52:Drivers/STM32F0xx_HAL_Driver/Src/stm32f0xx_hal_rcc.c ****   * All rights reserved.
  53:Drivers/STM32F0xx_HAL_Driver/Src/stm32f0xx_hal_rcc.c ****   *
  54:Drivers/STM32F0xx_HAL_Driver/Src/stm32f0xx_hal_rcc.c ****   * This software is licensed under terms that can be found in the LICENSE file in
  55:Drivers/STM32F0xx_HAL_Driver/Src/stm32f0xx_hal_rcc.c ****   * the root directory of this software component.
  56:Drivers/STM32F0xx_HAL_Driver/Src/stm32f0xx_hal_rcc.c ****   * If no LICENSE file comes with this software, it is provided AS-IS.
  57:Drivers/STM32F0xx_HAL_Driver/Src/stm32f0xx_hal_rcc.c ****   ******************************************************************************
  58:Drivers/STM32F0xx_HAL_Driver/Src/stm32f0xx_hal_rcc.c ****   */
  59:Drivers/STM32F0xx_HAL_Driver/Src/stm32f0xx_hal_rcc.c **** 
  60:Drivers/STM32F0xx_HAL_Driver/Src/stm32f0xx_hal_rcc.c **** /* Includes ------------------------------------------------------------------*/
  61:Drivers/STM32F0xx_HAL_Driver/Src/stm32f0xx_hal_rcc.c **** #include "stm32f0xx_hal.h"
  62:Drivers/STM32F0xx_HAL_Driver/Src/stm32f0xx_hal_rcc.c **** 
  63:Drivers/STM32F0xx_HAL_Driver/Src/stm32f0xx_hal_rcc.c **** /** @addtogroup STM32F0xx_HAL_Driver
  64:Drivers/STM32F0xx_HAL_Driver/Src/stm32f0xx_hal_rcc.c ****   * @{
  65:Drivers/STM32F0xx_HAL_Driver/Src/stm32f0xx_hal_rcc.c ****   */
  66:Drivers/STM32F0xx_HAL_Driver/Src/stm32f0xx_hal_rcc.c **** 
  67:Drivers/STM32F0xx_HAL_Driver/Src/stm32f0xx_hal_rcc.c **** /** @defgroup RCC RCC
  68:Drivers/STM32F0xx_HAL_Driver/Src/stm32f0xx_hal_rcc.c **** * @brief RCC HAL module driver
  69:Drivers/STM32F0xx_HAL_Driver/Src/stm32f0xx_hal_rcc.c ****   * @{
  70:Drivers/STM32F0xx_HAL_Driver/Src/stm32f0xx_hal_rcc.c ****   */
  71:Drivers/STM32F0xx_HAL_Driver/Src/stm32f0xx_hal_rcc.c **** 
  72:Drivers/STM32F0xx_HAL_Driver/Src/stm32f0xx_hal_rcc.c **** #ifdef HAL_RCC_MODULE_ENABLED
  73:Drivers/STM32F0xx_HAL_Driver/Src/stm32f0xx_hal_rcc.c **** 
  74:Drivers/STM32F0xx_HAL_Driver/Src/stm32f0xx_hal_rcc.c **** /* Private typedef -----------------------------------------------------------*/
  75:Drivers/STM32F0xx_HAL_Driver/Src/stm32f0xx_hal_rcc.c **** /* Private define ------------------------------------------------------------*/
  76:Drivers/STM32F0xx_HAL_Driver/Src/stm32f0xx_hal_rcc.c **** /** @defgroup RCC_Private_Constants RCC Private Constants
  77:Drivers/STM32F0xx_HAL_Driver/Src/stm32f0xx_hal_rcc.c ****  * @{
  78:Drivers/STM32F0xx_HAL_Driver/Src/stm32f0xx_hal_rcc.c ****  */
  79:Drivers/STM32F0xx_HAL_Driver/Src/stm32f0xx_hal_rcc.c **** /**
  80:Drivers/STM32F0xx_HAL_Driver/Src/stm32f0xx_hal_rcc.c ****   * @}
  81:Drivers/STM32F0xx_HAL_Driver/Src/stm32f0xx_hal_rcc.c ****   */
  82:Drivers/STM32F0xx_HAL_Driver/Src/stm32f0xx_hal_rcc.c **** /* Private macro -------------------------------------------------------------*/
  83:Drivers/STM32F0xx_HAL_Driver/Src/stm32f0xx_hal_rcc.c **** /** @defgroup RCC_Private_Macros RCC Private Macros
  84:Drivers/STM32F0xx_HAL_Driver/Src/stm32f0xx_hal_rcc.c ****   * @{
  85:Drivers/STM32F0xx_HAL_Driver/Src/stm32f0xx_hal_rcc.c ****   */
  86:Drivers/STM32F0xx_HAL_Driver/Src/stm32f0xx_hal_rcc.c **** 
  87:Drivers/STM32F0xx_HAL_Driver/Src/stm32f0xx_hal_rcc.c **** #define MCO1_CLK_ENABLE()     __HAL_RCC_GPIOA_CLK_ENABLE()
  88:Drivers/STM32F0xx_HAL_Driver/Src/stm32f0xx_hal_rcc.c **** #define MCO1_GPIO_PORT        GPIOA
  89:Drivers/STM32F0xx_HAL_Driver/Src/stm32f0xx_hal_rcc.c **** #define MCO1_PIN              GPIO_PIN_8
ARM GAS  C:\msys64\tmp\ccinQ4cb.s 			page 3


  90:Drivers/STM32F0xx_HAL_Driver/Src/stm32f0xx_hal_rcc.c **** 
  91:Drivers/STM32F0xx_HAL_Driver/Src/stm32f0xx_hal_rcc.c **** /**
  92:Drivers/STM32F0xx_HAL_Driver/Src/stm32f0xx_hal_rcc.c ****   * @}
  93:Drivers/STM32F0xx_HAL_Driver/Src/stm32f0xx_hal_rcc.c ****   */
  94:Drivers/STM32F0xx_HAL_Driver/Src/stm32f0xx_hal_rcc.c **** 
  95:Drivers/STM32F0xx_HAL_Driver/Src/stm32f0xx_hal_rcc.c **** /* Private variables ---------------------------------------------------------*/
  96:Drivers/STM32F0xx_HAL_Driver/Src/stm32f0xx_hal_rcc.c **** /** @defgroup RCC_Private_Variables RCC Private Variables
  97:Drivers/STM32F0xx_HAL_Driver/Src/stm32f0xx_hal_rcc.c ****   * @{
  98:Drivers/STM32F0xx_HAL_Driver/Src/stm32f0xx_hal_rcc.c ****   */
  99:Drivers/STM32F0xx_HAL_Driver/Src/stm32f0xx_hal_rcc.c **** /**
 100:Drivers/STM32F0xx_HAL_Driver/Src/stm32f0xx_hal_rcc.c ****   * @}
 101:Drivers/STM32F0xx_HAL_Driver/Src/stm32f0xx_hal_rcc.c ****   */
 102:Drivers/STM32F0xx_HAL_Driver/Src/stm32f0xx_hal_rcc.c **** 
 103:Drivers/STM32F0xx_HAL_Driver/Src/stm32f0xx_hal_rcc.c **** /* Private function prototypes -----------------------------------------------*/
 104:Drivers/STM32F0xx_HAL_Driver/Src/stm32f0xx_hal_rcc.c **** /* Exported functions ---------------------------------------------------------*/
 105:Drivers/STM32F0xx_HAL_Driver/Src/stm32f0xx_hal_rcc.c **** 
 106:Drivers/STM32F0xx_HAL_Driver/Src/stm32f0xx_hal_rcc.c **** /** @defgroup RCC_Exported_Functions RCC Exported Functions
 107:Drivers/STM32F0xx_HAL_Driver/Src/stm32f0xx_hal_rcc.c ****   * @{
 108:Drivers/STM32F0xx_HAL_Driver/Src/stm32f0xx_hal_rcc.c ****   */
 109:Drivers/STM32F0xx_HAL_Driver/Src/stm32f0xx_hal_rcc.c **** 
 110:Drivers/STM32F0xx_HAL_Driver/Src/stm32f0xx_hal_rcc.c **** /** @defgroup RCC_Exported_Functions_Group1 Initialization and de-initialization functions 
 111:Drivers/STM32F0xx_HAL_Driver/Src/stm32f0xx_hal_rcc.c ****   *  @brief    Initialization and Configuration functions 
 112:Drivers/STM32F0xx_HAL_Driver/Src/stm32f0xx_hal_rcc.c ****   *
 113:Drivers/STM32F0xx_HAL_Driver/Src/stm32f0xx_hal_rcc.c ****   @verbatim    
 114:Drivers/STM32F0xx_HAL_Driver/Src/stm32f0xx_hal_rcc.c ****   ===============================================================================
 115:Drivers/STM32F0xx_HAL_Driver/Src/stm32f0xx_hal_rcc.c ****            ##### Initialization and de-initialization functions #####
 116:Drivers/STM32F0xx_HAL_Driver/Src/stm32f0xx_hal_rcc.c ****   ===============================================================================
 117:Drivers/STM32F0xx_HAL_Driver/Src/stm32f0xx_hal_rcc.c ****     [..]
 118:Drivers/STM32F0xx_HAL_Driver/Src/stm32f0xx_hal_rcc.c ****       This section provides functions allowing to configure the internal/external oscillators
 119:Drivers/STM32F0xx_HAL_Driver/Src/stm32f0xx_hal_rcc.c ****       (HSE, HSI, HSI14, HSI48, LSE, LSI, PLL, CSS and MCO) and the System buses clocks (SYSCLK, 
 120:Drivers/STM32F0xx_HAL_Driver/Src/stm32f0xx_hal_rcc.c ****       AHB and APB1).
 121:Drivers/STM32F0xx_HAL_Driver/Src/stm32f0xx_hal_rcc.c **** 
 122:Drivers/STM32F0xx_HAL_Driver/Src/stm32f0xx_hal_rcc.c ****     [..] Internal/external clock and PLL configuration
 123:Drivers/STM32F0xx_HAL_Driver/Src/stm32f0xx_hal_rcc.c ****       (#) HSI (high-speed internal), 8 MHz factory-trimmed RC used directly or through
 124:Drivers/STM32F0xx_HAL_Driver/Src/stm32f0xx_hal_rcc.c ****           the PLL as System clock source.
 125:Drivers/STM32F0xx_HAL_Driver/Src/stm32f0xx_hal_rcc.c ****           The HSI clock can be used also to clock the USART and I2C peripherals.
 126:Drivers/STM32F0xx_HAL_Driver/Src/stm32f0xx_hal_rcc.c **** 
 127:Drivers/STM32F0xx_HAL_Driver/Src/stm32f0xx_hal_rcc.c ****       (#) HSI14 (high-speed internal), 14 MHz factory-trimmed RC used directly to clock 
 128:Drivers/STM32F0xx_HAL_Driver/Src/stm32f0xx_hal_rcc.c ****           the ADC peripheral.
 129:Drivers/STM32F0xx_HAL_Driver/Src/stm32f0xx_hal_rcc.c **** 
 130:Drivers/STM32F0xx_HAL_Driver/Src/stm32f0xx_hal_rcc.c ****       (#) LSI (low-speed internal), ~40 KHz low consumption RC used as IWDG and/or RTC
 131:Drivers/STM32F0xx_HAL_Driver/Src/stm32f0xx_hal_rcc.c ****           clock source.
 132:Drivers/STM32F0xx_HAL_Driver/Src/stm32f0xx_hal_rcc.c **** 
 133:Drivers/STM32F0xx_HAL_Driver/Src/stm32f0xx_hal_rcc.c ****       (#) HSE (high-speed external), 4 to 32 MHz crystal oscillator used directly or
 134:Drivers/STM32F0xx_HAL_Driver/Src/stm32f0xx_hal_rcc.c ****           through the PLL as System clock source. Can be used also as RTC clock source.
 135:Drivers/STM32F0xx_HAL_Driver/Src/stm32f0xx_hal_rcc.c **** 
 136:Drivers/STM32F0xx_HAL_Driver/Src/stm32f0xx_hal_rcc.c ****       (#) LSE (low-speed external), 32 KHz oscillator used as RTC clock source.   
 137:Drivers/STM32F0xx_HAL_Driver/Src/stm32f0xx_hal_rcc.c **** 
 138:Drivers/STM32F0xx_HAL_Driver/Src/stm32f0xx_hal_rcc.c ****       (#) PLL (clocked by HSI, HSI48 or HSE), featuring different output clocks:
 139:Drivers/STM32F0xx_HAL_Driver/Src/stm32f0xx_hal_rcc.c ****        (++) The first output is used to generate the high speed system clock (up to 48 MHz)
 140:Drivers/STM32F0xx_HAL_Driver/Src/stm32f0xx_hal_rcc.c ****        (++) The second output is used to generate the clock for the USB FS (48 MHz)
 141:Drivers/STM32F0xx_HAL_Driver/Src/stm32f0xx_hal_rcc.c ****        (++) The third output may be used to generate the clock for the TIM, I2C and USART 
 142:Drivers/STM32F0xx_HAL_Driver/Src/stm32f0xx_hal_rcc.c ****             peripherals (up to 48 MHz)
 143:Drivers/STM32F0xx_HAL_Driver/Src/stm32f0xx_hal_rcc.c **** 
 144:Drivers/STM32F0xx_HAL_Driver/Src/stm32f0xx_hal_rcc.c ****       (#) CSS (Clock security system), once enable using the macro __HAL_RCC_CSS_ENABLE()
 145:Drivers/STM32F0xx_HAL_Driver/Src/stm32f0xx_hal_rcc.c ****           and if a HSE clock failure occurs(HSE used directly or through PLL as System 
 146:Drivers/STM32F0xx_HAL_Driver/Src/stm32f0xx_hal_rcc.c ****           clock source), the System clocks automatically switched to HSI and an interrupt
ARM GAS  C:\msys64\tmp\ccinQ4cb.s 			page 4


 147:Drivers/STM32F0xx_HAL_Driver/Src/stm32f0xx_hal_rcc.c ****           is generated if enabled. The interrupt is linked to the Cortex-M0 NMI 
 148:Drivers/STM32F0xx_HAL_Driver/Src/stm32f0xx_hal_rcc.c ****           (Non-Maskable Interrupt) exception vector.   
 149:Drivers/STM32F0xx_HAL_Driver/Src/stm32f0xx_hal_rcc.c **** 
 150:Drivers/STM32F0xx_HAL_Driver/Src/stm32f0xx_hal_rcc.c ****       (#) MCO (microcontroller clock output), used to output SYSCLK, HSI, HSE, LSI, LSE or PLL
 151:Drivers/STM32F0xx_HAL_Driver/Src/stm32f0xx_hal_rcc.c ****           clock (divided by 2) output on pin (such as PA8 pin).
 152:Drivers/STM32F0xx_HAL_Driver/Src/stm32f0xx_hal_rcc.c **** 
 153:Drivers/STM32F0xx_HAL_Driver/Src/stm32f0xx_hal_rcc.c ****     [..] System, AHB and APB buses clocks configuration
 154:Drivers/STM32F0xx_HAL_Driver/Src/stm32f0xx_hal_rcc.c ****       (#) Several clock sources can be used to drive the System clock (SYSCLK): HSI,
 155:Drivers/STM32F0xx_HAL_Driver/Src/stm32f0xx_hal_rcc.c ****           HSE and PLL.
 156:Drivers/STM32F0xx_HAL_Driver/Src/stm32f0xx_hal_rcc.c ****           The AHB clock (HCLK) is derived from System clock through configurable
 157:Drivers/STM32F0xx_HAL_Driver/Src/stm32f0xx_hal_rcc.c ****           prescaler and used to clock the CPU, memory and peripherals mapped
 158:Drivers/STM32F0xx_HAL_Driver/Src/stm32f0xx_hal_rcc.c ****           on AHB bus (DMA, GPIO...). APB1 (PCLK1) clock is derived
 159:Drivers/STM32F0xx_HAL_Driver/Src/stm32f0xx_hal_rcc.c ****           from AHB clock through configurable prescalers and used to clock
 160:Drivers/STM32F0xx_HAL_Driver/Src/stm32f0xx_hal_rcc.c ****           the peripherals mapped on these buses. You can use
 161:Drivers/STM32F0xx_HAL_Driver/Src/stm32f0xx_hal_rcc.c ****           "HAL_RCC_GetSysClockFreq()" function to retrieve the frequencies of these clocks.
 162:Drivers/STM32F0xx_HAL_Driver/Src/stm32f0xx_hal_rcc.c **** 
 163:Drivers/STM32F0xx_HAL_Driver/Src/stm32f0xx_hal_rcc.c ****       (#) All the peripheral clocks are derived from the System clock (SYSCLK) except:
 164:Drivers/STM32F0xx_HAL_Driver/Src/stm32f0xx_hal_rcc.c ****         (++) The FLASH program/erase clock  which is always HSI 8MHz clock.
 165:Drivers/STM32F0xx_HAL_Driver/Src/stm32f0xx_hal_rcc.c ****         (++) The USB 48 MHz clock which is derived from the PLL VCO clock.
 166:Drivers/STM32F0xx_HAL_Driver/Src/stm32f0xx_hal_rcc.c ****         (++) The USART clock which can be derived as well from HSI 8MHz, LSI or LSE.
 167:Drivers/STM32F0xx_HAL_Driver/Src/stm32f0xx_hal_rcc.c ****         (++) The I2C clock which can be derived as well from HSI 8MHz clock.
 168:Drivers/STM32F0xx_HAL_Driver/Src/stm32f0xx_hal_rcc.c ****         (++) The ADC clock which is derived from PLL output.
 169:Drivers/STM32F0xx_HAL_Driver/Src/stm32f0xx_hal_rcc.c ****         (++) The RTC clock which is derived from the LSE, LSI or 1 MHz HSE_RTC
 170:Drivers/STM32F0xx_HAL_Driver/Src/stm32f0xx_hal_rcc.c ****              (HSE divided by a programmable prescaler). The System clock (SYSCLK)
 171:Drivers/STM32F0xx_HAL_Driver/Src/stm32f0xx_hal_rcc.c ****              frequency must be higher or equal to the RTC clock frequency.
 172:Drivers/STM32F0xx_HAL_Driver/Src/stm32f0xx_hal_rcc.c ****         (++) IWDG clock which is always the LSI clock.
 173:Drivers/STM32F0xx_HAL_Driver/Src/stm32f0xx_hal_rcc.c **** 
 174:Drivers/STM32F0xx_HAL_Driver/Src/stm32f0xx_hal_rcc.c ****       (#) For the STM32F0xx devices, the maximum frequency of the SYSCLK, HCLK and PCLK1 is 48 MHz,
 175:Drivers/STM32F0xx_HAL_Driver/Src/stm32f0xx_hal_rcc.c ****           Depending on the SYSCLK frequency, the flash latency should be adapted accordingly.
 176:Drivers/STM32F0xx_HAL_Driver/Src/stm32f0xx_hal_rcc.c **** 
 177:Drivers/STM32F0xx_HAL_Driver/Src/stm32f0xx_hal_rcc.c ****       (#) After reset, the System clock source is the HSI (8 MHz) with 0 WS and
 178:Drivers/STM32F0xx_HAL_Driver/Src/stm32f0xx_hal_rcc.c ****           prefetch is disabled.
 179:Drivers/STM32F0xx_HAL_Driver/Src/stm32f0xx_hal_rcc.c ****   @endverbatim
 180:Drivers/STM32F0xx_HAL_Driver/Src/stm32f0xx_hal_rcc.c ****   * @{
 181:Drivers/STM32F0xx_HAL_Driver/Src/stm32f0xx_hal_rcc.c ****   */
 182:Drivers/STM32F0xx_HAL_Driver/Src/stm32f0xx_hal_rcc.c ****   
 183:Drivers/STM32F0xx_HAL_Driver/Src/stm32f0xx_hal_rcc.c **** /*
 184:Drivers/STM32F0xx_HAL_Driver/Src/stm32f0xx_hal_rcc.c ****   Additional consideration on the SYSCLK based on Latency settings:
 185:Drivers/STM32F0xx_HAL_Driver/Src/stm32f0xx_hal_rcc.c ****           +-----------------------------------------------+
 186:Drivers/STM32F0xx_HAL_Driver/Src/stm32f0xx_hal_rcc.c ****           | Latency       | SYSCLK clock frequency (MHz)  |
 187:Drivers/STM32F0xx_HAL_Driver/Src/stm32f0xx_hal_rcc.c ****           |---------------|-------------------------------|
 188:Drivers/STM32F0xx_HAL_Driver/Src/stm32f0xx_hal_rcc.c ****           |0WS(1CPU cycle)|       0 < SYSCLK <= 24        |
 189:Drivers/STM32F0xx_HAL_Driver/Src/stm32f0xx_hal_rcc.c ****           |---------------|-------------------------------|
 190:Drivers/STM32F0xx_HAL_Driver/Src/stm32f0xx_hal_rcc.c ****           |1WS(2CPU cycle)|      24 < SYSCLK <= 48        |
 191:Drivers/STM32F0xx_HAL_Driver/Src/stm32f0xx_hal_rcc.c ****           +-----------------------------------------------+
 192:Drivers/STM32F0xx_HAL_Driver/Src/stm32f0xx_hal_rcc.c ****   */
 193:Drivers/STM32F0xx_HAL_Driver/Src/stm32f0xx_hal_rcc.c **** 
 194:Drivers/STM32F0xx_HAL_Driver/Src/stm32f0xx_hal_rcc.c **** /**
 195:Drivers/STM32F0xx_HAL_Driver/Src/stm32f0xx_hal_rcc.c ****   * @brief  Resets the RCC clock configuration to the default reset state.
 196:Drivers/STM32F0xx_HAL_Driver/Src/stm32f0xx_hal_rcc.c ****   * @note   The default reset state of the clock configuration is given below:
 197:Drivers/STM32F0xx_HAL_Driver/Src/stm32f0xx_hal_rcc.c ****   *            - HSI ON and used as system clock source
 198:Drivers/STM32F0xx_HAL_Driver/Src/stm32f0xx_hal_rcc.c ****   *            - HSE and PLL OFF
 199:Drivers/STM32F0xx_HAL_Driver/Src/stm32f0xx_hal_rcc.c ****   *            - AHB, APB1 prescaler set to 1.
 200:Drivers/STM32F0xx_HAL_Driver/Src/stm32f0xx_hal_rcc.c ****   *            - CSS and MCO1 OFF
 201:Drivers/STM32F0xx_HAL_Driver/Src/stm32f0xx_hal_rcc.c ****   *            - All interrupts disabled
 202:Drivers/STM32F0xx_HAL_Driver/Src/stm32f0xx_hal_rcc.c ****   *            - All interrupt and reset flags cleared
 203:Drivers/STM32F0xx_HAL_Driver/Src/stm32f0xx_hal_rcc.c ****   * @note   This function does not modify the configuration of the
ARM GAS  C:\msys64\tmp\ccinQ4cb.s 			page 5


 204:Drivers/STM32F0xx_HAL_Driver/Src/stm32f0xx_hal_rcc.c ****   *            - Peripheral clocks
 205:Drivers/STM32F0xx_HAL_Driver/Src/stm32f0xx_hal_rcc.c ****   *            - LSI, LSE and RTC clocks
 206:Drivers/STM32F0xx_HAL_Driver/Src/stm32f0xx_hal_rcc.c ****   * @retval HAL status
 207:Drivers/STM32F0xx_HAL_Driver/Src/stm32f0xx_hal_rcc.c ****   */
 208:Drivers/STM32F0xx_HAL_Driver/Src/stm32f0xx_hal_rcc.c **** HAL_StatusTypeDef HAL_RCC_DeInit(void)
 209:Drivers/STM32F0xx_HAL_Driver/Src/stm32f0xx_hal_rcc.c **** {
  27              		.loc 1 209 1 view -0
  28              		.cfi_startproc
  29              		@ args = 0, pretend = 0, frame = 0
  30              		@ frame_needed = 0, uses_anonymous_args = 0
  31 0000 70B5     		push	{r4, r5, r6, lr}
  32              	.LCFI0:
  33              		.cfi_def_cfa_offset 16
  34              		.cfi_offset 4, -16
  35              		.cfi_offset 5, -12
  36              		.cfi_offset 6, -8
  37              		.cfi_offset 14, -4
 210:Drivers/STM32F0xx_HAL_Driver/Src/stm32f0xx_hal_rcc.c ****   uint32_t tickstart;
  38              		.loc 1 210 3 view .LVU1
 211:Drivers/STM32F0xx_HAL_Driver/Src/stm32f0xx_hal_rcc.c **** 
 212:Drivers/STM32F0xx_HAL_Driver/Src/stm32f0xx_hal_rcc.c ****   /* Get Start Tick*/
 213:Drivers/STM32F0xx_HAL_Driver/Src/stm32f0xx_hal_rcc.c ****   tickstart = HAL_GetTick();
  39              		.loc 1 213 3 view .LVU2
  40              		.loc 1 213 15 is_stmt 0 view .LVU3
  41 0002 FFF7FEFF 		bl	HAL_GetTick
  42              	.LVL0:
  43 0006 0400     		movs	r4, r0
  44              	.LVL1:
 214:Drivers/STM32F0xx_HAL_Driver/Src/stm32f0xx_hal_rcc.c ****   
 215:Drivers/STM32F0xx_HAL_Driver/Src/stm32f0xx_hal_rcc.c ****   /* Set HSION bit, HSITRIM[4:0] bits to the reset value*/
 216:Drivers/STM32F0xx_HAL_Driver/Src/stm32f0xx_hal_rcc.c ****   SET_BIT(RCC->CR, RCC_CR_HSION | RCC_CR_HSITRIM_4); 
  45              		.loc 1 216 3 is_stmt 1 view .LVU4
  46 0008 274A     		ldr	r2, .L15
  47 000a 1368     		ldr	r3, [r2]
  48 000c 8121     		movs	r1, #129
  49 000e 0B43     		orrs	r3, r1
  50 0010 1360     		str	r3, [r2]
 217:Drivers/STM32F0xx_HAL_Driver/Src/stm32f0xx_hal_rcc.c **** 
 218:Drivers/STM32F0xx_HAL_Driver/Src/stm32f0xx_hal_rcc.c ****   /* Wait till HSI is ready */
 219:Drivers/STM32F0xx_HAL_Driver/Src/stm32f0xx_hal_rcc.c ****   while (READ_BIT(RCC->CR, RCC_CR_HSIRDY) == RESET)
  51              		.loc 1 219 3 view .LVU5
  52              	.LVL2:
  53              	.L2:
  54              		.loc 1 219 43 discriminator 1 view .LVU6
  55              		.loc 1 219 10 is_stmt 0 discriminator 1 view .LVU7
  56 0012 254B     		ldr	r3, .L15
  57 0014 1B68     		ldr	r3, [r3]
  58              		.loc 1 219 43 discriminator 1 view .LVU8
  59 0016 9B07     		lsls	r3, r3, #30
  60 0018 07D4     		bmi	.L11
 220:Drivers/STM32F0xx_HAL_Driver/Src/stm32f0xx_hal_rcc.c ****   {
 221:Drivers/STM32F0xx_HAL_Driver/Src/stm32f0xx_hal_rcc.c ****     if ((HAL_GetTick() - tickstart) > HSI_TIMEOUT_VALUE)
  61              		.loc 1 221 5 is_stmt 1 view .LVU9
  62              		.loc 1 221 10 is_stmt 0 view .LVU10
  63 001a FFF7FEFF 		bl	HAL_GetTick
  64              	.LVL3:
  65              		.loc 1 221 24 discriminator 1 view .LVU11
ARM GAS  C:\msys64\tmp\ccinQ4cb.s 			page 6


  66 001e 001B     		subs	r0, r0, r4
  67              		.loc 1 221 8 discriminator 1 view .LVU12
  68 0020 0228     		cmp	r0, #2
  69 0022 F6D9     		bls	.L2
  70              	.LVL4:
  71              	.L6:
 222:Drivers/STM32F0xx_HAL_Driver/Src/stm32f0xx_hal_rcc.c ****     {
 223:Drivers/STM32F0xx_HAL_Driver/Src/stm32f0xx_hal_rcc.c ****       return HAL_TIMEOUT;
  72              		.loc 1 223 14 view .LVU13
  73 0024 0324     		movs	r4, #3
  74              	.L3:
 224:Drivers/STM32F0xx_HAL_Driver/Src/stm32f0xx_hal_rcc.c ****     }
 225:Drivers/STM32F0xx_HAL_Driver/Src/stm32f0xx_hal_rcc.c ****   }
 226:Drivers/STM32F0xx_HAL_Driver/Src/stm32f0xx_hal_rcc.c **** 
 227:Drivers/STM32F0xx_HAL_Driver/Src/stm32f0xx_hal_rcc.c ****   /* Reset SW[1:0], HPRE[3:0], PPRE[2:0] and MCOSEL[2:0] bits */
 228:Drivers/STM32F0xx_HAL_Driver/Src/stm32f0xx_hal_rcc.c ****   CLEAR_BIT(RCC->CFGR, RCC_CFGR_SW | RCC_CFGR_HPRE | RCC_CFGR_PPRE | RCC_CFGR_MCO);
 229:Drivers/STM32F0xx_HAL_Driver/Src/stm32f0xx_hal_rcc.c **** 
 230:Drivers/STM32F0xx_HAL_Driver/Src/stm32f0xx_hal_rcc.c ****   /* Wait till HSI as SYSCLK status is enabled */
 231:Drivers/STM32F0xx_HAL_Driver/Src/stm32f0xx_hal_rcc.c ****   while (READ_BIT(RCC->CFGR, RCC_CFGR_SWS) != RESET)
 232:Drivers/STM32F0xx_HAL_Driver/Src/stm32f0xx_hal_rcc.c ****   {
 233:Drivers/STM32F0xx_HAL_Driver/Src/stm32f0xx_hal_rcc.c ****     if ((HAL_GetTick() - tickstart) > CLOCKSWITCH_TIMEOUT_VALUE)
 234:Drivers/STM32F0xx_HAL_Driver/Src/stm32f0xx_hal_rcc.c ****     {
 235:Drivers/STM32F0xx_HAL_Driver/Src/stm32f0xx_hal_rcc.c ****       return HAL_TIMEOUT;
 236:Drivers/STM32F0xx_HAL_Driver/Src/stm32f0xx_hal_rcc.c ****     }
 237:Drivers/STM32F0xx_HAL_Driver/Src/stm32f0xx_hal_rcc.c ****   }
 238:Drivers/STM32F0xx_HAL_Driver/Src/stm32f0xx_hal_rcc.c **** 
 239:Drivers/STM32F0xx_HAL_Driver/Src/stm32f0xx_hal_rcc.c ****   /* Update the SystemCoreClock global variable for HSI as system clock source */
 240:Drivers/STM32F0xx_HAL_Driver/Src/stm32f0xx_hal_rcc.c ****   SystemCoreClock = HSI_VALUE;
 241:Drivers/STM32F0xx_HAL_Driver/Src/stm32f0xx_hal_rcc.c **** 
 242:Drivers/STM32F0xx_HAL_Driver/Src/stm32f0xx_hal_rcc.c ****   /* Adapt Systick interrupt period */
 243:Drivers/STM32F0xx_HAL_Driver/Src/stm32f0xx_hal_rcc.c ****   if (HAL_InitTick(uwTickPrio) != HAL_OK)
 244:Drivers/STM32F0xx_HAL_Driver/Src/stm32f0xx_hal_rcc.c ****   {
 245:Drivers/STM32F0xx_HAL_Driver/Src/stm32f0xx_hal_rcc.c ****     return HAL_ERROR;
 246:Drivers/STM32F0xx_HAL_Driver/Src/stm32f0xx_hal_rcc.c ****   }
 247:Drivers/STM32F0xx_HAL_Driver/Src/stm32f0xx_hal_rcc.c **** 
 248:Drivers/STM32F0xx_HAL_Driver/Src/stm32f0xx_hal_rcc.c ****   /* Reset HSEON, CSSON, PLLON bits */
 249:Drivers/STM32F0xx_HAL_Driver/Src/stm32f0xx_hal_rcc.c ****   CLEAR_BIT(RCC->CR, RCC_CR_PLLON | RCC_CR_CSSON | RCC_CR_HSEON);
 250:Drivers/STM32F0xx_HAL_Driver/Src/stm32f0xx_hal_rcc.c ****   
 251:Drivers/STM32F0xx_HAL_Driver/Src/stm32f0xx_hal_rcc.c ****   /* Reset HSEBYP bit */
 252:Drivers/STM32F0xx_HAL_Driver/Src/stm32f0xx_hal_rcc.c ****   CLEAR_BIT(RCC->CR, RCC_CR_HSEBYP);
 253:Drivers/STM32F0xx_HAL_Driver/Src/stm32f0xx_hal_rcc.c **** 
 254:Drivers/STM32F0xx_HAL_Driver/Src/stm32f0xx_hal_rcc.c ****   /* Get start tick */
 255:Drivers/STM32F0xx_HAL_Driver/Src/stm32f0xx_hal_rcc.c ****   tickstart = HAL_GetTick();
 256:Drivers/STM32F0xx_HAL_Driver/Src/stm32f0xx_hal_rcc.c ****   
 257:Drivers/STM32F0xx_HAL_Driver/Src/stm32f0xx_hal_rcc.c ****   /* Wait till PLLRDY is cleared */
 258:Drivers/STM32F0xx_HAL_Driver/Src/stm32f0xx_hal_rcc.c ****   while(READ_BIT(RCC->CR, RCC_CR_PLLRDY) != RESET)
 259:Drivers/STM32F0xx_HAL_Driver/Src/stm32f0xx_hal_rcc.c ****   {
 260:Drivers/STM32F0xx_HAL_Driver/Src/stm32f0xx_hal_rcc.c ****     if((HAL_GetTick() - tickstart) > PLL_TIMEOUT_VALUE)
 261:Drivers/STM32F0xx_HAL_Driver/Src/stm32f0xx_hal_rcc.c ****     {
 262:Drivers/STM32F0xx_HAL_Driver/Src/stm32f0xx_hal_rcc.c ****       return HAL_TIMEOUT;
 263:Drivers/STM32F0xx_HAL_Driver/Src/stm32f0xx_hal_rcc.c ****     }
 264:Drivers/STM32F0xx_HAL_Driver/Src/stm32f0xx_hal_rcc.c ****   }
 265:Drivers/STM32F0xx_HAL_Driver/Src/stm32f0xx_hal_rcc.c **** 
 266:Drivers/STM32F0xx_HAL_Driver/Src/stm32f0xx_hal_rcc.c ****   /* Reset CFGR register */
 267:Drivers/STM32F0xx_HAL_Driver/Src/stm32f0xx_hal_rcc.c ****   CLEAR_REG(RCC->CFGR);
 268:Drivers/STM32F0xx_HAL_Driver/Src/stm32f0xx_hal_rcc.c **** 
 269:Drivers/STM32F0xx_HAL_Driver/Src/stm32f0xx_hal_rcc.c ****   /* Reset CFGR2 register */
ARM GAS  C:\msys64\tmp\ccinQ4cb.s 			page 7


 270:Drivers/STM32F0xx_HAL_Driver/Src/stm32f0xx_hal_rcc.c ****   CLEAR_REG(RCC->CFGR2);
 271:Drivers/STM32F0xx_HAL_Driver/Src/stm32f0xx_hal_rcc.c **** 
 272:Drivers/STM32F0xx_HAL_Driver/Src/stm32f0xx_hal_rcc.c ****   /* Reset CFGR3 register */
 273:Drivers/STM32F0xx_HAL_Driver/Src/stm32f0xx_hal_rcc.c ****   CLEAR_REG(RCC->CFGR3);
 274:Drivers/STM32F0xx_HAL_Driver/Src/stm32f0xx_hal_rcc.c **** 
 275:Drivers/STM32F0xx_HAL_Driver/Src/stm32f0xx_hal_rcc.c ****   /* Disable all interrupts */
 276:Drivers/STM32F0xx_HAL_Driver/Src/stm32f0xx_hal_rcc.c ****   CLEAR_REG(RCC->CIR);
 277:Drivers/STM32F0xx_HAL_Driver/Src/stm32f0xx_hal_rcc.c **** 
 278:Drivers/STM32F0xx_HAL_Driver/Src/stm32f0xx_hal_rcc.c ****   /* Clear all reset flags */
 279:Drivers/STM32F0xx_HAL_Driver/Src/stm32f0xx_hal_rcc.c ****   __HAL_RCC_CLEAR_RESET_FLAGS();
 280:Drivers/STM32F0xx_HAL_Driver/Src/stm32f0xx_hal_rcc.c **** 
 281:Drivers/STM32F0xx_HAL_Driver/Src/stm32f0xx_hal_rcc.c ****   return HAL_OK;
 282:Drivers/STM32F0xx_HAL_Driver/Src/stm32f0xx_hal_rcc.c **** }
  75              		.loc 1 282 1 view .LVU14
  76 0026 2000     		movs	r0, r4
  77              		@ sp needed
  78 0028 70BD     		pop	{r4, r5, r6, pc}
  79              	.LVL5:
  80              	.L11:
 228:Drivers/STM32F0xx_HAL_Driver/Src/stm32f0xx_hal_rcc.c **** 
  81              		.loc 1 228 3 is_stmt 1 view .LVU15
  82 002a 1F4A     		ldr	r2, .L15
  83 002c 5368     		ldr	r3, [r2, #4]
  84 002e 1F49     		ldr	r1, .L15+4
  85 0030 0B40     		ands	r3, r1
  86 0032 5360     		str	r3, [r2, #4]
 231:Drivers/STM32F0xx_HAL_Driver/Src/stm32f0xx_hal_rcc.c ****   {
  87              		.loc 1 231 3 view .LVU16
  88              	.L5:
 231:Drivers/STM32F0xx_HAL_Driver/Src/stm32f0xx_hal_rcc.c ****   {
  89              		.loc 1 231 44 discriminator 1 view .LVU17
 231:Drivers/STM32F0xx_HAL_Driver/Src/stm32f0xx_hal_rcc.c ****   {
  90              		.loc 1 231 10 is_stmt 0 discriminator 1 view .LVU18
  91 0034 1C4B     		ldr	r3, .L15
  92 0036 5B68     		ldr	r3, [r3, #4]
  93 0038 0C22     		movs	r2, #12
 231:Drivers/STM32F0xx_HAL_Driver/Src/stm32f0xx_hal_rcc.c ****   {
  94              		.loc 1 231 44 discriminator 1 view .LVU19
  95 003a 1A42     		tst	r2, r3
  96 003c 06D0     		beq	.L12
 233:Drivers/STM32F0xx_HAL_Driver/Src/stm32f0xx_hal_rcc.c ****     {
  97              		.loc 1 233 5 is_stmt 1 view .LVU20
 233:Drivers/STM32F0xx_HAL_Driver/Src/stm32f0xx_hal_rcc.c ****     {
  98              		.loc 1 233 10 is_stmt 0 view .LVU21
  99 003e FFF7FEFF 		bl	HAL_GetTick
 100              	.LVL6:
 233:Drivers/STM32F0xx_HAL_Driver/Src/stm32f0xx_hal_rcc.c ****     {
 101              		.loc 1 233 24 discriminator 1 view .LVU22
 102 0042 001B     		subs	r0, r0, r4
 233:Drivers/STM32F0xx_HAL_Driver/Src/stm32f0xx_hal_rcc.c ****     {
 103              		.loc 1 233 8 discriminator 1 view .LVU23
 104 0044 1A4B     		ldr	r3, .L15+8
 105 0046 9842     		cmp	r0, r3
 106 0048 F4D9     		bls	.L5
 107 004a EBE7     		b	.L6
 108              	.L12:
 240:Drivers/STM32F0xx_HAL_Driver/Src/stm32f0xx_hal_rcc.c **** 
ARM GAS  C:\msys64\tmp\ccinQ4cb.s 			page 8


 109              		.loc 1 240 3 is_stmt 1 view .LVU24
 240:Drivers/STM32F0xx_HAL_Driver/Src/stm32f0xx_hal_rcc.c **** 
 110              		.loc 1 240 19 is_stmt 0 view .LVU25
 111 004c 194B     		ldr	r3, .L15+12
 112 004e 1A4A     		ldr	r2, .L15+16
 113 0050 1A60     		str	r2, [r3]
 243:Drivers/STM32F0xx_HAL_Driver/Src/stm32f0xx_hal_rcc.c ****   {
 114              		.loc 1 243 3 is_stmt 1 view .LVU26
 243:Drivers/STM32F0xx_HAL_Driver/Src/stm32f0xx_hal_rcc.c ****   {
 115              		.loc 1 243 7 is_stmt 0 view .LVU27
 116 0052 1A4B     		ldr	r3, .L15+20
 117 0054 1868     		ldr	r0, [r3]
 118 0056 FFF7FEFF 		bl	HAL_InitTick
 119              	.LVL7:
 120 005a 041E     		subs	r4, r0, #0
 121              	.LVL8:
 243:Drivers/STM32F0xx_HAL_Driver/Src/stm32f0xx_hal_rcc.c ****   {
 122              		.loc 1 243 6 discriminator 1 view .LVU28
 123 005c 01D0     		beq	.L13
 245:Drivers/STM32F0xx_HAL_Driver/Src/stm32f0xx_hal_rcc.c ****   }
 124              		.loc 1 245 12 view .LVU29
 125 005e 0124     		movs	r4, #1
 126 0060 E1E7     		b	.L3
 127              	.L13:
 249:Drivers/STM32F0xx_HAL_Driver/Src/stm32f0xx_hal_rcc.c ****   
 128              		.loc 1 249 3 is_stmt 1 view .LVU30
 129 0062 114B     		ldr	r3, .L15
 130 0064 1A68     		ldr	r2, [r3]
 131 0066 1649     		ldr	r1, .L15+24
 132 0068 0A40     		ands	r2, r1
 133 006a 1A60     		str	r2, [r3]
 252:Drivers/STM32F0xx_HAL_Driver/Src/stm32f0xx_hal_rcc.c **** 
 134              		.loc 1 252 3 view .LVU31
 135 006c 1A68     		ldr	r2, [r3]
 136 006e 1549     		ldr	r1, .L15+28
 137 0070 0A40     		ands	r2, r1
 138 0072 1A60     		str	r2, [r3]
 255:Drivers/STM32F0xx_HAL_Driver/Src/stm32f0xx_hal_rcc.c ****   
 139              		.loc 1 255 3 view .LVU32
 255:Drivers/STM32F0xx_HAL_Driver/Src/stm32f0xx_hal_rcc.c ****   
 140              		.loc 1 255 15 is_stmt 0 view .LVU33
 141 0074 FFF7FEFF 		bl	HAL_GetTick
 142              	.LVL9:
 143 0078 0500     		movs	r5, r0
 144              	.LVL10:
 258:Drivers/STM32F0xx_HAL_Driver/Src/stm32f0xx_hal_rcc.c ****   {
 145              		.loc 1 258 3 is_stmt 1 view .LVU34
 146              	.L8:
 258:Drivers/STM32F0xx_HAL_Driver/Src/stm32f0xx_hal_rcc.c ****   {
 147              		.loc 1 258 42 discriminator 1 view .LVU35
 258:Drivers/STM32F0xx_HAL_Driver/Src/stm32f0xx_hal_rcc.c ****   {
 148              		.loc 1 258 9 is_stmt 0 discriminator 1 view .LVU36
 149 007a 0B4B     		ldr	r3, .L15
 150 007c 1B68     		ldr	r3, [r3]
 258:Drivers/STM32F0xx_HAL_Driver/Src/stm32f0xx_hal_rcc.c ****   {
 151              		.loc 1 258 42 discriminator 1 view .LVU37
 152 007e 9B01     		lsls	r3, r3, #6
ARM GAS  C:\msys64\tmp\ccinQ4cb.s 			page 9


 153 0080 05D5     		bpl	.L14
 260:Drivers/STM32F0xx_HAL_Driver/Src/stm32f0xx_hal_rcc.c ****     {
 154              		.loc 1 260 5 is_stmt 1 view .LVU38
 260:Drivers/STM32F0xx_HAL_Driver/Src/stm32f0xx_hal_rcc.c ****     {
 155              		.loc 1 260 9 is_stmt 0 view .LVU39
 156 0082 FFF7FEFF 		bl	HAL_GetTick
 157              	.LVL11:
 260:Drivers/STM32F0xx_HAL_Driver/Src/stm32f0xx_hal_rcc.c ****     {
 158              		.loc 1 260 23 discriminator 1 view .LVU40
 159 0086 401B     		subs	r0, r0, r5
 260:Drivers/STM32F0xx_HAL_Driver/Src/stm32f0xx_hal_rcc.c ****     {
 160              		.loc 1 260 7 discriminator 1 view .LVU41
 161 0088 0228     		cmp	r0, #2
 162 008a F6D9     		bls	.L8
 163 008c CAE7     		b	.L6
 164              	.L14:
 267:Drivers/STM32F0xx_HAL_Driver/Src/stm32f0xx_hal_rcc.c **** 
 165              		.loc 1 267 3 is_stmt 1 view .LVU42
 166 008e 064B     		ldr	r3, .L15
 167 0090 0022     		movs	r2, #0
 168 0092 5A60     		str	r2, [r3, #4]
 270:Drivers/STM32F0xx_HAL_Driver/Src/stm32f0xx_hal_rcc.c **** 
 169              		.loc 1 270 3 view .LVU43
 170 0094 DA62     		str	r2, [r3, #44]
 273:Drivers/STM32F0xx_HAL_Driver/Src/stm32f0xx_hal_rcc.c **** 
 171              		.loc 1 273 3 view .LVU44
 172 0096 1A63     		str	r2, [r3, #48]
 276:Drivers/STM32F0xx_HAL_Driver/Src/stm32f0xx_hal_rcc.c **** 
 173              		.loc 1 276 3 view .LVU45
 174 0098 9A60     		str	r2, [r3, #8]
 279:Drivers/STM32F0xx_HAL_Driver/Src/stm32f0xx_hal_rcc.c **** 
 175              		.loc 1 279 3 view .LVU46
 176 009a 596A     		ldr	r1, [r3, #36]
 177 009c 8022     		movs	r2, #128
 178 009e 5204     		lsls	r2, r2, #17
 179 00a0 0A43     		orrs	r2, r1
 180 00a2 5A62     		str	r2, [r3, #36]
 281:Drivers/STM32F0xx_HAL_Driver/Src/stm32f0xx_hal_rcc.c **** }
 181              		.loc 1 281 3 view .LVU47
 281:Drivers/STM32F0xx_HAL_Driver/Src/stm32f0xx_hal_rcc.c **** }
 182              		.loc 1 281 10 is_stmt 0 view .LVU48
 183 00a4 BFE7     		b	.L3
 184              	.L16:
 185 00a6 C046     		.align	2
 186              	.L15:
 187 00a8 00100240 		.word	1073876992
 188 00ac 0CF8FFF0 		.word	-251660276
 189 00b0 88130000 		.word	5000
 190 00b4 00000000 		.word	SystemCoreClock
 191 00b8 00127A00 		.word	8000000
 192 00bc 00000000 		.word	uwTickPrio
 193 00c0 FFFFF6FE 		.word	-17367041
 194 00c4 FFFFFBFF 		.word	-262145
 195              		.cfi_endproc
 196              	.LFE40:
 198              		.section	.text.HAL_RCC_OscConfig,"ax",%progbits
 199              		.align	1
ARM GAS  C:\msys64\tmp\ccinQ4cb.s 			page 10


 200              		.global	HAL_RCC_OscConfig
 201              		.syntax unified
 202              		.code	16
 203              		.thumb_func
 205              	HAL_RCC_OscConfig:
 206              	.LVL12:
 207              	.LFB41:
 283:Drivers/STM32F0xx_HAL_Driver/Src/stm32f0xx_hal_rcc.c **** 
 284:Drivers/STM32F0xx_HAL_Driver/Src/stm32f0xx_hal_rcc.c **** /**
 285:Drivers/STM32F0xx_HAL_Driver/Src/stm32f0xx_hal_rcc.c ****   * @brief  Initializes the RCC Oscillators according to the specified parameters in the
 286:Drivers/STM32F0xx_HAL_Driver/Src/stm32f0xx_hal_rcc.c ****   *         RCC_OscInitTypeDef.
 287:Drivers/STM32F0xx_HAL_Driver/Src/stm32f0xx_hal_rcc.c ****   * @param  RCC_OscInitStruct pointer to an RCC_OscInitTypeDef structure that
 288:Drivers/STM32F0xx_HAL_Driver/Src/stm32f0xx_hal_rcc.c ****   *         contains the configuration information for the RCC Oscillators.
 289:Drivers/STM32F0xx_HAL_Driver/Src/stm32f0xx_hal_rcc.c ****   * @note   The PLL is not disabled when used as system clock.
 290:Drivers/STM32F0xx_HAL_Driver/Src/stm32f0xx_hal_rcc.c ****   * @note   Transitions LSE Bypass to LSE On and LSE On to LSE Bypass are not
 291:Drivers/STM32F0xx_HAL_Driver/Src/stm32f0xx_hal_rcc.c ****   *         supported by this macro. User should request a transition to LSE Off
 292:Drivers/STM32F0xx_HAL_Driver/Src/stm32f0xx_hal_rcc.c ****   *         first and then LSE On or LSE Bypass.
 293:Drivers/STM32F0xx_HAL_Driver/Src/stm32f0xx_hal_rcc.c ****   * @note   Transition HSE Bypass to HSE On and HSE On to HSE Bypass are not
 294:Drivers/STM32F0xx_HAL_Driver/Src/stm32f0xx_hal_rcc.c ****   *         supported by this macro. User should request a transition to HSE Off
 295:Drivers/STM32F0xx_HAL_Driver/Src/stm32f0xx_hal_rcc.c ****   *         first and then HSE On or HSE Bypass.
 296:Drivers/STM32F0xx_HAL_Driver/Src/stm32f0xx_hal_rcc.c ****   * @retval HAL status
 297:Drivers/STM32F0xx_HAL_Driver/Src/stm32f0xx_hal_rcc.c ****   */
 298:Drivers/STM32F0xx_HAL_Driver/Src/stm32f0xx_hal_rcc.c **** HAL_StatusTypeDef HAL_RCC_OscConfig(RCC_OscInitTypeDef  *RCC_OscInitStruct)
 299:Drivers/STM32F0xx_HAL_Driver/Src/stm32f0xx_hal_rcc.c **** {
 208              		.loc 1 299 1 is_stmt 1 view -0
 209              		.cfi_startproc
 210              		@ args = 0, pretend = 0, frame = 8
 211              		@ frame_needed = 0, uses_anonymous_args = 0
 212              		.loc 1 299 1 is_stmt 0 view .LVU50
 213 0000 70B5     		push	{r4, r5, r6, lr}
 214              	.LCFI1:
 215              		.cfi_def_cfa_offset 16
 216              		.cfi_offset 4, -16
 217              		.cfi_offset 5, -12
 218              		.cfi_offset 6, -8
 219              		.cfi_offset 14, -4
 220 0002 82B0     		sub	sp, sp, #8
 221              	.LCFI2:
 222              		.cfi_def_cfa_offset 24
 223 0004 041E     		subs	r4, r0, #0
 300:Drivers/STM32F0xx_HAL_Driver/Src/stm32f0xx_hal_rcc.c ****   uint32_t tickstart;
 224              		.loc 1 300 3 is_stmt 1 view .LVU51
 301:Drivers/STM32F0xx_HAL_Driver/Src/stm32f0xx_hal_rcc.c ****   uint32_t pll_config;
 225              		.loc 1 301 3 view .LVU52
 302:Drivers/STM32F0xx_HAL_Driver/Src/stm32f0xx_hal_rcc.c ****   uint32_t pll_config2;
 226              		.loc 1 302 3 view .LVU53
 303:Drivers/STM32F0xx_HAL_Driver/Src/stm32f0xx_hal_rcc.c **** 
 304:Drivers/STM32F0xx_HAL_Driver/Src/stm32f0xx_hal_rcc.c ****   /* Check Null pointer */
 305:Drivers/STM32F0xx_HAL_Driver/Src/stm32f0xx_hal_rcc.c ****   if(RCC_OscInitStruct == NULL)
 227              		.loc 1 305 3 view .LVU54
 228              		.loc 1 305 5 is_stmt 0 view .LVU55
 229 0006 1DD0     		beq	.L23
 306:Drivers/STM32F0xx_HAL_Driver/Src/stm32f0xx_hal_rcc.c ****   {
 307:Drivers/STM32F0xx_HAL_Driver/Src/stm32f0xx_hal_rcc.c ****     return HAL_ERROR;
 308:Drivers/STM32F0xx_HAL_Driver/Src/stm32f0xx_hal_rcc.c ****   }
 309:Drivers/STM32F0xx_HAL_Driver/Src/stm32f0xx_hal_rcc.c **** 
 310:Drivers/STM32F0xx_HAL_Driver/Src/stm32f0xx_hal_rcc.c ****   /* Check the parameters */
ARM GAS  C:\msys64\tmp\ccinQ4cb.s 			page 11


 311:Drivers/STM32F0xx_HAL_Driver/Src/stm32f0xx_hal_rcc.c ****   assert_param(IS_RCC_OSCILLATORTYPE(RCC_OscInitStruct->OscillatorType));
 230              		.loc 1 311 3 is_stmt 1 view .LVU56
 312:Drivers/STM32F0xx_HAL_Driver/Src/stm32f0xx_hal_rcc.c **** 
 313:Drivers/STM32F0xx_HAL_Driver/Src/stm32f0xx_hal_rcc.c ****   /*------------------------------- HSE Configuration ------------------------*/ 
 314:Drivers/STM32F0xx_HAL_Driver/Src/stm32f0xx_hal_rcc.c ****   if(((RCC_OscInitStruct->OscillatorType) & RCC_OSCILLATORTYPE_HSE) == RCC_OSCILLATORTYPE_HSE)
 231              		.loc 1 314 3 view .LVU57
 232              		.loc 1 314 25 is_stmt 0 view .LVU58
 233 0008 0368     		ldr	r3, [r0]
 234              		.loc 1 314 5 view .LVU59
 235 000a DB07     		lsls	r3, r3, #31
 236 000c 27D5     		bpl	.L20
 315:Drivers/STM32F0xx_HAL_Driver/Src/stm32f0xx_hal_rcc.c ****   {
 316:Drivers/STM32F0xx_HAL_Driver/Src/stm32f0xx_hal_rcc.c ****     /* Check the parameters */
 317:Drivers/STM32F0xx_HAL_Driver/Src/stm32f0xx_hal_rcc.c ****     assert_param(IS_RCC_HSE(RCC_OscInitStruct->HSEState));
 237              		.loc 1 317 5 is_stmt 1 view .LVU60
 318:Drivers/STM32F0xx_HAL_Driver/Src/stm32f0xx_hal_rcc.c **** 
 319:Drivers/STM32F0xx_HAL_Driver/Src/stm32f0xx_hal_rcc.c ****     /* When the HSE is used as system clock or clock source for PLL in these cases it is not allowe
 320:Drivers/STM32F0xx_HAL_Driver/Src/stm32f0xx_hal_rcc.c ****     if((__HAL_RCC_GET_SYSCLK_SOURCE() == RCC_SYSCLKSOURCE_STATUS_HSE) 
 238              		.loc 1 320 5 view .LVU61
 239              		.loc 1 320 9 is_stmt 0 view .LVU62
 240 000e AC4B     		ldr	r3, .L105
 241 0010 5A68     		ldr	r2, [r3, #4]
 242 0012 0C23     		movs	r3, #12
 243 0014 1340     		ands	r3, r2
 244              		.loc 1 320 7 view .LVU63
 245 0016 042B     		cmp	r3, #4
 246 0018 1AD0     		beq	.L21
 321:Drivers/STM32F0xx_HAL_Driver/Src/stm32f0xx_hal_rcc.c ****        || ((__HAL_RCC_GET_SYSCLK_SOURCE() == RCC_SYSCLKSOURCE_STATUS_PLLCLK) && (__HAL_RCC_GET_PLL_
 247              		.loc 1 321 13 view .LVU64
 248 001a A94B     		ldr	r3, .L105
 249 001c 5A68     		ldr	r2, [r3, #4]
 250 001e 0C23     		movs	r3, #12
 251 0020 1340     		ands	r3, r2
 252              		.loc 1 321 8 view .LVU65
 253 0022 082B     		cmp	r3, #8
 254 0024 10D0     		beq	.L92
 255              	.L22:
 322:Drivers/STM32F0xx_HAL_Driver/Src/stm32f0xx_hal_rcc.c ****     {
 323:Drivers/STM32F0xx_HAL_Driver/Src/stm32f0xx_hal_rcc.c ****       if((__HAL_RCC_GET_FLAG(RCC_FLAG_HSERDY) != RESET) && (RCC_OscInitStruct->HSEState == RCC_HSE_
 324:Drivers/STM32F0xx_HAL_Driver/Src/stm32f0xx_hal_rcc.c ****       {
 325:Drivers/STM32F0xx_HAL_Driver/Src/stm32f0xx_hal_rcc.c ****         return HAL_ERROR;
 326:Drivers/STM32F0xx_HAL_Driver/Src/stm32f0xx_hal_rcc.c ****       }
 327:Drivers/STM32F0xx_HAL_Driver/Src/stm32f0xx_hal_rcc.c ****     }
 328:Drivers/STM32F0xx_HAL_Driver/Src/stm32f0xx_hal_rcc.c ****     else
 329:Drivers/STM32F0xx_HAL_Driver/Src/stm32f0xx_hal_rcc.c ****     {
 330:Drivers/STM32F0xx_HAL_Driver/Src/stm32f0xx_hal_rcc.c ****       /* Set the new HSE configuration ---------------------------------------*/
 331:Drivers/STM32F0xx_HAL_Driver/Src/stm32f0xx_hal_rcc.c ****       __HAL_RCC_HSE_CONFIG(RCC_OscInitStruct->HSEState);
 256              		.loc 1 331 7 is_stmt 1 view .LVU66
 257              		.loc 1 331 7 view .LVU67
 258 0026 6368     		ldr	r3, [r4, #4]
 259 0028 012B     		cmp	r3, #1
 260 002a 3DD0     		beq	.L93
 261              		.loc 1 331 7 discriminator 2 view .LVU68
 262 002c 002B     		cmp	r3, #0
 263 002e 51D1     		bne	.L26
 264              		.loc 1 331 7 discriminator 3 view .LVU69
 265 0030 A34B     		ldr	r3, .L105
ARM GAS  C:\msys64\tmp\ccinQ4cb.s 			page 12


 266 0032 1A68     		ldr	r2, [r3]
 267 0034 A349     		ldr	r1, .L105+4
 268 0036 0A40     		ands	r2, r1
 269 0038 1A60     		str	r2, [r3]
 270              		.loc 1 331 7 discriminator 3 view .LVU70
 271 003a 1A68     		ldr	r2, [r3]
 272 003c A249     		ldr	r1, .L105+8
 273 003e 0A40     		ands	r2, r1
 274 0040 1A60     		str	r2, [r3]
 275 0042 37E0     		b	.L25
 276              	.LVL13:
 277              	.L23:
 307:Drivers/STM32F0xx_HAL_Driver/Src/stm32f0xx_hal_rcc.c ****   }
 278              		.loc 1 307 12 is_stmt 0 view .LVU71
 279 0044 0120     		movs	r0, #1
 280 0046 95E0     		b	.L19
 281              	.LVL14:
 282              	.L92:
 321:Drivers/STM32F0xx_HAL_Driver/Src/stm32f0xx_hal_rcc.c ****        || ((__HAL_RCC_GET_SYSCLK_SOURCE() == RCC_SYSCLKSOURCE_STATUS_PLLCLK) && (__HAL_RCC_GET_PLL_
 283              		.loc 1 321 82 discriminator 1 view .LVU72
 284 0048 9D4B     		ldr	r3, .L105
 285 004a 5B68     		ldr	r3, [r3, #4]
 321:Drivers/STM32F0xx_HAL_Driver/Src/stm32f0xx_hal_rcc.c ****        || ((__HAL_RCC_GET_SYSCLK_SOURCE() == RCC_SYSCLKSOURCE_STATUS_PLLCLK) && (__HAL_RCC_GET_PLL_
 286              		.loc 1 321 78 discriminator 1 view .LVU73
 287 004c DB03     		lsls	r3, r3, #15
 288 004e EAD5     		bpl	.L22
 289              	.L21:
 323:Drivers/STM32F0xx_HAL_Driver/Src/stm32f0xx_hal_rcc.c ****       {
 290              		.loc 1 323 7 is_stmt 1 view .LVU74
 323:Drivers/STM32F0xx_HAL_Driver/Src/stm32f0xx_hal_rcc.c ****       {
 291              		.loc 1 323 11 is_stmt 0 view .LVU75
 292 0050 9B4B     		ldr	r3, .L105
 293 0052 1B68     		ldr	r3, [r3]
 323:Drivers/STM32F0xx_HAL_Driver/Src/stm32f0xx_hal_rcc.c ****       {
 294              		.loc 1 323 9 view .LVU76
 295 0054 9B03     		lsls	r3, r3, #14
 296 0056 02D5     		bpl	.L20
 323:Drivers/STM32F0xx_HAL_Driver/Src/stm32f0xx_hal_rcc.c ****       {
 297              		.loc 1 323 78 discriminator 1 view .LVU77
 298 0058 6368     		ldr	r3, [r4, #4]
 323:Drivers/STM32F0xx_HAL_Driver/Src/stm32f0xx_hal_rcc.c ****       {
 299              		.loc 1 323 57 discriminator 1 view .LVU78
 300 005a 002B     		cmp	r3, #0
 301 005c F2D0     		beq	.L23
 302              	.LVL15:
 303              	.L20:
 332:Drivers/STM32F0xx_HAL_Driver/Src/stm32f0xx_hal_rcc.c ****       
 333:Drivers/STM32F0xx_HAL_Driver/Src/stm32f0xx_hal_rcc.c **** 
 334:Drivers/STM32F0xx_HAL_Driver/Src/stm32f0xx_hal_rcc.c ****        /* Check the HSE State */
 335:Drivers/STM32F0xx_HAL_Driver/Src/stm32f0xx_hal_rcc.c ****       if(RCC_OscInitStruct->HSEState != RCC_HSE_OFF)
 336:Drivers/STM32F0xx_HAL_Driver/Src/stm32f0xx_hal_rcc.c ****       {
 337:Drivers/STM32F0xx_HAL_Driver/Src/stm32f0xx_hal_rcc.c ****         /* Get Start Tick */
 338:Drivers/STM32F0xx_HAL_Driver/Src/stm32f0xx_hal_rcc.c ****         tickstart = HAL_GetTick();
 339:Drivers/STM32F0xx_HAL_Driver/Src/stm32f0xx_hal_rcc.c ****         
 340:Drivers/STM32F0xx_HAL_Driver/Src/stm32f0xx_hal_rcc.c ****         /* Wait till HSE is ready */
 341:Drivers/STM32F0xx_HAL_Driver/Src/stm32f0xx_hal_rcc.c ****         while(__HAL_RCC_GET_FLAG(RCC_FLAG_HSERDY) == RESET)
 342:Drivers/STM32F0xx_HAL_Driver/Src/stm32f0xx_hal_rcc.c ****         {
ARM GAS  C:\msys64\tmp\ccinQ4cb.s 			page 13


 343:Drivers/STM32F0xx_HAL_Driver/Src/stm32f0xx_hal_rcc.c ****           if((HAL_GetTick() - tickstart ) > HSE_TIMEOUT_VALUE)
 344:Drivers/STM32F0xx_HAL_Driver/Src/stm32f0xx_hal_rcc.c ****           {
 345:Drivers/STM32F0xx_HAL_Driver/Src/stm32f0xx_hal_rcc.c ****             return HAL_TIMEOUT;
 346:Drivers/STM32F0xx_HAL_Driver/Src/stm32f0xx_hal_rcc.c ****           }
 347:Drivers/STM32F0xx_HAL_Driver/Src/stm32f0xx_hal_rcc.c ****         }
 348:Drivers/STM32F0xx_HAL_Driver/Src/stm32f0xx_hal_rcc.c ****       }
 349:Drivers/STM32F0xx_HAL_Driver/Src/stm32f0xx_hal_rcc.c ****       else
 350:Drivers/STM32F0xx_HAL_Driver/Src/stm32f0xx_hal_rcc.c ****       {
 351:Drivers/STM32F0xx_HAL_Driver/Src/stm32f0xx_hal_rcc.c ****         /* Get Start Tick */
 352:Drivers/STM32F0xx_HAL_Driver/Src/stm32f0xx_hal_rcc.c ****         tickstart = HAL_GetTick();
 353:Drivers/STM32F0xx_HAL_Driver/Src/stm32f0xx_hal_rcc.c ****         
 354:Drivers/STM32F0xx_HAL_Driver/Src/stm32f0xx_hal_rcc.c ****         /* Wait till HSE is disabled */
 355:Drivers/STM32F0xx_HAL_Driver/Src/stm32f0xx_hal_rcc.c ****         while(__HAL_RCC_GET_FLAG(RCC_FLAG_HSERDY) != RESET)
 356:Drivers/STM32F0xx_HAL_Driver/Src/stm32f0xx_hal_rcc.c ****         {
 357:Drivers/STM32F0xx_HAL_Driver/Src/stm32f0xx_hal_rcc.c ****            if((HAL_GetTick() - tickstart ) > HSE_TIMEOUT_VALUE)
 358:Drivers/STM32F0xx_HAL_Driver/Src/stm32f0xx_hal_rcc.c ****           {
 359:Drivers/STM32F0xx_HAL_Driver/Src/stm32f0xx_hal_rcc.c ****             return HAL_TIMEOUT;
 360:Drivers/STM32F0xx_HAL_Driver/Src/stm32f0xx_hal_rcc.c ****           }
 361:Drivers/STM32F0xx_HAL_Driver/Src/stm32f0xx_hal_rcc.c ****         }
 362:Drivers/STM32F0xx_HAL_Driver/Src/stm32f0xx_hal_rcc.c ****       }
 363:Drivers/STM32F0xx_HAL_Driver/Src/stm32f0xx_hal_rcc.c ****     }
 364:Drivers/STM32F0xx_HAL_Driver/Src/stm32f0xx_hal_rcc.c ****   }
 365:Drivers/STM32F0xx_HAL_Driver/Src/stm32f0xx_hal_rcc.c ****   /*----------------------------- HSI Configuration --------------------------*/ 
 366:Drivers/STM32F0xx_HAL_Driver/Src/stm32f0xx_hal_rcc.c ****   if(((RCC_OscInitStruct->OscillatorType) & RCC_OSCILLATORTYPE_HSI) == RCC_OSCILLATORTYPE_HSI)
 304              		.loc 1 366 3 is_stmt 1 view .LVU79
 305              		.loc 1 366 25 is_stmt 0 view .LVU80
 306 005e 2368     		ldr	r3, [r4]
 307              		.loc 1 366 5 view .LVU81
 308 0060 9B07     		lsls	r3, r3, #30
 309 0062 6FD5     		bpl	.L34
 367:Drivers/STM32F0xx_HAL_Driver/Src/stm32f0xx_hal_rcc.c ****   {
 368:Drivers/STM32F0xx_HAL_Driver/Src/stm32f0xx_hal_rcc.c ****     /* Check the parameters */
 369:Drivers/STM32F0xx_HAL_Driver/Src/stm32f0xx_hal_rcc.c ****     assert_param(IS_RCC_HSI(RCC_OscInitStruct->HSIState));
 310              		.loc 1 369 5 is_stmt 1 view .LVU82
 370:Drivers/STM32F0xx_HAL_Driver/Src/stm32f0xx_hal_rcc.c ****     assert_param(IS_RCC_CALIBRATION_VALUE(RCC_OscInitStruct->HSICalibrationValue));
 311              		.loc 1 370 5 view .LVU83
 371:Drivers/STM32F0xx_HAL_Driver/Src/stm32f0xx_hal_rcc.c ****     
 372:Drivers/STM32F0xx_HAL_Driver/Src/stm32f0xx_hal_rcc.c ****     /* Check if HSI is used as system clock or as PLL source when PLL is selected as system clock *
 373:Drivers/STM32F0xx_HAL_Driver/Src/stm32f0xx_hal_rcc.c ****     if((__HAL_RCC_GET_SYSCLK_SOURCE() == RCC_SYSCLKSOURCE_STATUS_HSI) 
 312              		.loc 1 373 5 view .LVU84
 313              		.loc 1 373 9 is_stmt 0 view .LVU85
 314 0064 964B     		ldr	r3, .L105
 315 0066 5B68     		ldr	r3, [r3, #4]
 316 0068 0C22     		movs	r2, #12
 317              		.loc 1 373 7 view .LVU86
 318 006a 1A42     		tst	r2, r3
 319 006c 5BD0     		beq	.L35
 374:Drivers/STM32F0xx_HAL_Driver/Src/stm32f0xx_hal_rcc.c ****        || ((__HAL_RCC_GET_SYSCLK_SOURCE() == RCC_SYSCLKSOURCE_STATUS_PLLCLK) && (__HAL_RCC_GET_PLL_
 320              		.loc 1 374 13 view .LVU87
 321 006e 944B     		ldr	r3, .L105
 322 0070 5A68     		ldr	r2, [r3, #4]
 323 0072 0C23     		movs	r3, #12
 324 0074 1340     		ands	r3, r2
 325              		.loc 1 374 8 view .LVU88
 326 0076 082B     		cmp	r3, #8
 327 0078 51D0     		beq	.L94
 328              	.L36:
ARM GAS  C:\msys64\tmp\ccinQ4cb.s 			page 14


 375:Drivers/STM32F0xx_HAL_Driver/Src/stm32f0xx_hal_rcc.c ****     {
 376:Drivers/STM32F0xx_HAL_Driver/Src/stm32f0xx_hal_rcc.c ****       /* When HSI is used as system clock it will not disabled */
 377:Drivers/STM32F0xx_HAL_Driver/Src/stm32f0xx_hal_rcc.c ****       if((__HAL_RCC_GET_FLAG(RCC_FLAG_HSIRDY) != RESET) && (RCC_OscInitStruct->HSIState != RCC_HSI_
 378:Drivers/STM32F0xx_HAL_Driver/Src/stm32f0xx_hal_rcc.c ****       {
 379:Drivers/STM32F0xx_HAL_Driver/Src/stm32f0xx_hal_rcc.c ****         return HAL_ERROR;
 380:Drivers/STM32F0xx_HAL_Driver/Src/stm32f0xx_hal_rcc.c ****       }
 381:Drivers/STM32F0xx_HAL_Driver/Src/stm32f0xx_hal_rcc.c ****       /* Otherwise, just the calibration is allowed */
 382:Drivers/STM32F0xx_HAL_Driver/Src/stm32f0xx_hal_rcc.c ****       else
 383:Drivers/STM32F0xx_HAL_Driver/Src/stm32f0xx_hal_rcc.c ****       {
 384:Drivers/STM32F0xx_HAL_Driver/Src/stm32f0xx_hal_rcc.c ****         /* Adjusts the Internal High Speed oscillator (HSI) calibration value.*/
 385:Drivers/STM32F0xx_HAL_Driver/Src/stm32f0xx_hal_rcc.c ****         __HAL_RCC_HSI_CALIBRATIONVALUE_ADJUST(RCC_OscInitStruct->HSICalibrationValue);
 386:Drivers/STM32F0xx_HAL_Driver/Src/stm32f0xx_hal_rcc.c ****       }
 387:Drivers/STM32F0xx_HAL_Driver/Src/stm32f0xx_hal_rcc.c ****     }
 388:Drivers/STM32F0xx_HAL_Driver/Src/stm32f0xx_hal_rcc.c ****     else
 389:Drivers/STM32F0xx_HAL_Driver/Src/stm32f0xx_hal_rcc.c ****     {
 390:Drivers/STM32F0xx_HAL_Driver/Src/stm32f0xx_hal_rcc.c ****       /* Check the HSI State */
 391:Drivers/STM32F0xx_HAL_Driver/Src/stm32f0xx_hal_rcc.c ****       if(RCC_OscInitStruct->HSIState != RCC_HSI_OFF)
 329              		.loc 1 391 7 is_stmt 1 view .LVU89
 330              		.loc 1 391 27 is_stmt 0 view .LVU90
 331 007a E368     		ldr	r3, [r4, #12]
 332              		.loc 1 391 9 view .LVU91
 333 007c 002B     		cmp	r3, #0
 334 007e 00D1     		bne	.LCB289
 335 0080 83E0     		b	.L38	@long jump
 336              	.LCB289:
 392:Drivers/STM32F0xx_HAL_Driver/Src/stm32f0xx_hal_rcc.c ****       {
 393:Drivers/STM32F0xx_HAL_Driver/Src/stm32f0xx_hal_rcc.c ****        /* Enable the Internal High Speed oscillator (HSI). */
 394:Drivers/STM32F0xx_HAL_Driver/Src/stm32f0xx_hal_rcc.c ****         __HAL_RCC_HSI_ENABLE();
 337              		.loc 1 394 9 is_stmt 1 view .LVU92
 338 0082 8F4A     		ldr	r2, .L105
 339 0084 1368     		ldr	r3, [r2]
 340 0086 0121     		movs	r1, #1
 341 0088 0B43     		orrs	r3, r1
 342 008a 1360     		str	r3, [r2]
 395:Drivers/STM32F0xx_HAL_Driver/Src/stm32f0xx_hal_rcc.c ****         
 396:Drivers/STM32F0xx_HAL_Driver/Src/stm32f0xx_hal_rcc.c ****         /* Get Start Tick */
 397:Drivers/STM32F0xx_HAL_Driver/Src/stm32f0xx_hal_rcc.c ****         tickstart = HAL_GetTick();
 343              		.loc 1 397 9 view .LVU93
 344              		.loc 1 397 21 is_stmt 0 view .LVU94
 345 008c FFF7FEFF 		bl	HAL_GetTick
 346              	.LVL16:
 347 0090 0500     		movs	r5, r0
 348              	.LVL17:
 398:Drivers/STM32F0xx_HAL_Driver/Src/stm32f0xx_hal_rcc.c ****         
 399:Drivers/STM32F0xx_HAL_Driver/Src/stm32f0xx_hal_rcc.c ****         /* Wait till HSI is ready */
 400:Drivers/STM32F0xx_HAL_Driver/Src/stm32f0xx_hal_rcc.c ****         while(__HAL_RCC_GET_FLAG(RCC_FLAG_HSIRDY) == RESET)
 349              		.loc 1 400 9 is_stmt 1 view .LVU95
 350              	.L39:
 351              		.loc 1 400 51 discriminator 1 view .LVU96
 352              		.loc 1 400 15 is_stmt 0 discriminator 1 view .LVU97
 353 0092 8B4B     		ldr	r3, .L105
 354 0094 1B68     		ldr	r3, [r3]
 355              		.loc 1 400 51 discriminator 1 view .LVU98
 356 0096 9B07     		lsls	r3, r3, #30
 357 0098 00D5     		bpl	.LCB310
 358 009a 6DE0     		b	.L95	@long jump
 359              	.LCB310:
ARM GAS  C:\msys64\tmp\ccinQ4cb.s 			page 15


 401:Drivers/STM32F0xx_HAL_Driver/Src/stm32f0xx_hal_rcc.c ****         {
 402:Drivers/STM32F0xx_HAL_Driver/Src/stm32f0xx_hal_rcc.c ****           if((HAL_GetTick() - tickstart ) > HSI_TIMEOUT_VALUE)
 360              		.loc 1 402 11 is_stmt 1 view .LVU99
 361              		.loc 1 402 15 is_stmt 0 view .LVU100
 362 009c FFF7FEFF 		bl	HAL_GetTick
 363              	.LVL18:
 364              		.loc 1 402 29 discriminator 1 view .LVU101
 365 00a0 401B     		subs	r0, r0, r5
 366              		.loc 1 402 13 discriminator 1 view .LVU102
 367 00a2 0228     		cmp	r0, #2
 368 00a4 F5D9     		bls	.L39
 369 00a6 64E0     		b	.L32
 370              	.LVL19:
 371              	.L93:
 331:Drivers/STM32F0xx_HAL_Driver/Src/stm32f0xx_hal_rcc.c ****       
 372              		.loc 1 331 7 is_stmt 1 discriminator 1 view .LVU103
 373 00a8 854A     		ldr	r2, .L105
 374 00aa 1168     		ldr	r1, [r2]
 375 00ac 8023     		movs	r3, #128
 376 00ae 5B02     		lsls	r3, r3, #9
 377 00b0 0B43     		orrs	r3, r1
 378 00b2 1360     		str	r3, [r2]
 379              	.L25:
 331:Drivers/STM32F0xx_HAL_Driver/Src/stm32f0xx_hal_rcc.c ****       
 380              		.loc 1 331 7 discriminator 7 view .LVU104
 335:Drivers/STM32F0xx_HAL_Driver/Src/stm32f0xx_hal_rcc.c ****       {
 381              		.loc 1 335 7 view .LVU105
 335:Drivers/STM32F0xx_HAL_Driver/Src/stm32f0xx_hal_rcc.c ****       {
 382              		.loc 1 335 27 is_stmt 0 view .LVU106
 383 00b4 6368     		ldr	r3, [r4, #4]
 335:Drivers/STM32F0xx_HAL_Driver/Src/stm32f0xx_hal_rcc.c ****       {
 384              		.loc 1 335 9 view .LVU107
 385 00b6 002B     		cmp	r3, #0
 386 00b8 24D0     		beq	.L28
 338:Drivers/STM32F0xx_HAL_Driver/Src/stm32f0xx_hal_rcc.c ****         
 387              		.loc 1 338 9 is_stmt 1 view .LVU108
 338:Drivers/STM32F0xx_HAL_Driver/Src/stm32f0xx_hal_rcc.c ****         
 388              		.loc 1 338 21 is_stmt 0 view .LVU109
 389 00ba FFF7FEFF 		bl	HAL_GetTick
 390              	.LVL20:
 338:Drivers/STM32F0xx_HAL_Driver/Src/stm32f0xx_hal_rcc.c ****         
 391              		.loc 1 338 21 view .LVU110
 392 00be 0500     		movs	r5, r0
 393              	.LVL21:
 341:Drivers/STM32F0xx_HAL_Driver/Src/stm32f0xx_hal_rcc.c ****         {
 394              		.loc 1 341 9 is_stmt 1 view .LVU111
 395              	.L29:
 341:Drivers/STM32F0xx_HAL_Driver/Src/stm32f0xx_hal_rcc.c ****         {
 396              		.loc 1 341 51 discriminator 1 view .LVU112
 341:Drivers/STM32F0xx_HAL_Driver/Src/stm32f0xx_hal_rcc.c ****         {
 397              		.loc 1 341 15 is_stmt 0 discriminator 1 view .LVU113
 398 00c0 7F4B     		ldr	r3, .L105
 399 00c2 1B68     		ldr	r3, [r3]
 341:Drivers/STM32F0xx_HAL_Driver/Src/stm32f0xx_hal_rcc.c ****         {
 400              		.loc 1 341 51 discriminator 1 view .LVU114
 401 00c4 9B03     		lsls	r3, r3, #14
 402 00c6 CAD4     		bmi	.L20
ARM GAS  C:\msys64\tmp\ccinQ4cb.s 			page 16


 343:Drivers/STM32F0xx_HAL_Driver/Src/stm32f0xx_hal_rcc.c ****           {
 403              		.loc 1 343 11 is_stmt 1 view .LVU115
 343:Drivers/STM32F0xx_HAL_Driver/Src/stm32f0xx_hal_rcc.c ****           {
 404              		.loc 1 343 15 is_stmt 0 view .LVU116
 405 00c8 FFF7FEFF 		bl	HAL_GetTick
 406              	.LVL22:
 343:Drivers/STM32F0xx_HAL_Driver/Src/stm32f0xx_hal_rcc.c ****           {
 407              		.loc 1 343 29 discriminator 1 view .LVU117
 408 00cc 401B     		subs	r0, r0, r5
 343:Drivers/STM32F0xx_HAL_Driver/Src/stm32f0xx_hal_rcc.c ****           {
 409              		.loc 1 343 13 discriminator 1 view .LVU118
 410 00ce 6428     		cmp	r0, #100
 411 00d0 F6D9     		bls	.L29
 412 00d2 4EE0     		b	.L32
 413              	.LVL23:
 414              	.L26:
 331:Drivers/STM32F0xx_HAL_Driver/Src/stm32f0xx_hal_rcc.c ****       
 415              		.loc 1 331 7 is_stmt 1 discriminator 4 view .LVU119
 416 00d4 052B     		cmp	r3, #5
 417 00d6 09D0     		beq	.L96
 331:Drivers/STM32F0xx_HAL_Driver/Src/stm32f0xx_hal_rcc.c ****       
 418              		.loc 1 331 7 discriminator 6 view .LVU120
 419 00d8 794B     		ldr	r3, .L105
 420 00da 1A68     		ldr	r2, [r3]
 421 00dc 7949     		ldr	r1, .L105+4
 422 00de 0A40     		ands	r2, r1
 423 00e0 1A60     		str	r2, [r3]
 331:Drivers/STM32F0xx_HAL_Driver/Src/stm32f0xx_hal_rcc.c ****       
 424              		.loc 1 331 7 discriminator 6 view .LVU121
 425 00e2 1A68     		ldr	r2, [r3]
 426 00e4 7849     		ldr	r1, .L105+8
 427 00e6 0A40     		ands	r2, r1
 428 00e8 1A60     		str	r2, [r3]
 429 00ea E3E7     		b	.L25
 430              	.L96:
 331:Drivers/STM32F0xx_HAL_Driver/Src/stm32f0xx_hal_rcc.c ****       
 431              		.loc 1 331 7 discriminator 5 view .LVU122
 432 00ec 744B     		ldr	r3, .L105
 433 00ee 1968     		ldr	r1, [r3]
 434 00f0 8022     		movs	r2, #128
 435 00f2 D202     		lsls	r2, r2, #11
 436 00f4 0A43     		orrs	r2, r1
 437 00f6 1A60     		str	r2, [r3]
 331:Drivers/STM32F0xx_HAL_Driver/Src/stm32f0xx_hal_rcc.c ****       
 438              		.loc 1 331 7 discriminator 5 view .LVU123
 439 00f8 1968     		ldr	r1, [r3]
 440 00fa 8022     		movs	r2, #128
 441 00fc 5202     		lsls	r2, r2, #9
 442 00fe 0A43     		orrs	r2, r1
 443 0100 1A60     		str	r2, [r3]
 444 0102 D7E7     		b	.L25
 445              	.L28:
 352:Drivers/STM32F0xx_HAL_Driver/Src/stm32f0xx_hal_rcc.c ****         
 446              		.loc 1 352 9 view .LVU124
 352:Drivers/STM32F0xx_HAL_Driver/Src/stm32f0xx_hal_rcc.c ****         
 447              		.loc 1 352 21 is_stmt 0 view .LVU125
 448 0104 FFF7FEFF 		bl	HAL_GetTick
ARM GAS  C:\msys64\tmp\ccinQ4cb.s 			page 17


 449              	.LVL24:
 352:Drivers/STM32F0xx_HAL_Driver/Src/stm32f0xx_hal_rcc.c ****         
 450              		.loc 1 352 21 view .LVU126
 451 0108 0500     		movs	r5, r0
 452              	.LVL25:
 355:Drivers/STM32F0xx_HAL_Driver/Src/stm32f0xx_hal_rcc.c ****         {
 453              		.loc 1 355 9 is_stmt 1 view .LVU127
 454              	.L31:
 355:Drivers/STM32F0xx_HAL_Driver/Src/stm32f0xx_hal_rcc.c ****         {
 455              		.loc 1 355 51 discriminator 1 view .LVU128
 355:Drivers/STM32F0xx_HAL_Driver/Src/stm32f0xx_hal_rcc.c ****         {
 456              		.loc 1 355 15 is_stmt 0 discriminator 1 view .LVU129
 457 010a 6D4B     		ldr	r3, .L105
 458 010c 1B68     		ldr	r3, [r3]
 355:Drivers/STM32F0xx_HAL_Driver/Src/stm32f0xx_hal_rcc.c ****         {
 459              		.loc 1 355 51 discriminator 1 view .LVU130
 460 010e 9B03     		lsls	r3, r3, #14
 461 0110 A5D5     		bpl	.L20
 357:Drivers/STM32F0xx_HAL_Driver/Src/stm32f0xx_hal_rcc.c ****           {
 462              		.loc 1 357 12 is_stmt 1 view .LVU131
 357:Drivers/STM32F0xx_HAL_Driver/Src/stm32f0xx_hal_rcc.c ****           {
 463              		.loc 1 357 16 is_stmt 0 view .LVU132
 464 0112 FFF7FEFF 		bl	HAL_GetTick
 465              	.LVL26:
 357:Drivers/STM32F0xx_HAL_Driver/Src/stm32f0xx_hal_rcc.c ****           {
 466              		.loc 1 357 30 discriminator 1 view .LVU133
 467 0116 401B     		subs	r0, r0, r5
 357:Drivers/STM32F0xx_HAL_Driver/Src/stm32f0xx_hal_rcc.c ****           {
 468              		.loc 1 357 14 discriminator 1 view .LVU134
 469 0118 6428     		cmp	r0, #100
 470 011a F6D9     		bls	.L31
 471 011c 29E0     		b	.L32
 472              	.LVL27:
 473              	.L94:
 374:Drivers/STM32F0xx_HAL_Driver/Src/stm32f0xx_hal_rcc.c ****     {
 474              		.loc 1 374 82 discriminator 1 view .LVU135
 475 011e 684B     		ldr	r3, .L105
 476 0120 5B68     		ldr	r3, [r3, #4]
 374:Drivers/STM32F0xx_HAL_Driver/Src/stm32f0xx_hal_rcc.c ****     {
 477              		.loc 1 374 78 discriminator 1 view .LVU136
 478 0122 DB03     		lsls	r3, r3, #15
 479 0124 A9D4     		bmi	.L36
 480              	.L35:
 377:Drivers/STM32F0xx_HAL_Driver/Src/stm32f0xx_hal_rcc.c ****       {
 481              		.loc 1 377 7 is_stmt 1 view .LVU137
 377:Drivers/STM32F0xx_HAL_Driver/Src/stm32f0xx_hal_rcc.c ****       {
 482              		.loc 1 377 11 is_stmt 0 view .LVU138
 483 0126 664B     		ldr	r3, .L105
 484 0128 1B68     		ldr	r3, [r3]
 377:Drivers/STM32F0xx_HAL_Driver/Src/stm32f0xx_hal_rcc.c ****       {
 485              		.loc 1 377 9 view .LVU139
 486 012a 9B07     		lsls	r3, r3, #30
 487 012c 02D5     		bpl	.L37
 377:Drivers/STM32F0xx_HAL_Driver/Src/stm32f0xx_hal_rcc.c ****       {
 488              		.loc 1 377 78 discriminator 1 view .LVU140
 489 012e E368     		ldr	r3, [r4, #12]
 377:Drivers/STM32F0xx_HAL_Driver/Src/stm32f0xx_hal_rcc.c ****       {
ARM GAS  C:\msys64\tmp\ccinQ4cb.s 			page 18


 490              		.loc 1 377 57 discriminator 1 view .LVU141
 491 0130 012B     		cmp	r3, #1
 492 0132 87D1     		bne	.L23
 493              	.L37:
 385:Drivers/STM32F0xx_HAL_Driver/Src/stm32f0xx_hal_rcc.c ****       }
 494              		.loc 1 385 9 is_stmt 1 view .LVU142
 495 0134 6249     		ldr	r1, .L105
 496 0136 0B68     		ldr	r3, [r1]
 497 0138 F822     		movs	r2, #248
 498 013a 9343     		bics	r3, r2
 499 013c 2269     		ldr	r2, [r4, #16]
 500 013e D200     		lsls	r2, r2, #3
 501 0140 1343     		orrs	r3, r2
 502 0142 0B60     		str	r3, [r1]
 503              	.L34:
 403:Drivers/STM32F0xx_HAL_Driver/Src/stm32f0xx_hal_rcc.c ****           {
 404:Drivers/STM32F0xx_HAL_Driver/Src/stm32f0xx_hal_rcc.c ****             return HAL_TIMEOUT;
 405:Drivers/STM32F0xx_HAL_Driver/Src/stm32f0xx_hal_rcc.c ****           }
 406:Drivers/STM32F0xx_HAL_Driver/Src/stm32f0xx_hal_rcc.c ****         }
 407:Drivers/STM32F0xx_HAL_Driver/Src/stm32f0xx_hal_rcc.c ****                 
 408:Drivers/STM32F0xx_HAL_Driver/Src/stm32f0xx_hal_rcc.c ****         /* Adjusts the Internal High Speed oscillator (HSI) calibration value.*/
 409:Drivers/STM32F0xx_HAL_Driver/Src/stm32f0xx_hal_rcc.c ****         __HAL_RCC_HSI_CALIBRATIONVALUE_ADJUST(RCC_OscInitStruct->HSICalibrationValue);
 410:Drivers/STM32F0xx_HAL_Driver/Src/stm32f0xx_hal_rcc.c ****       }
 411:Drivers/STM32F0xx_HAL_Driver/Src/stm32f0xx_hal_rcc.c ****       else
 412:Drivers/STM32F0xx_HAL_Driver/Src/stm32f0xx_hal_rcc.c ****       {
 413:Drivers/STM32F0xx_HAL_Driver/Src/stm32f0xx_hal_rcc.c ****         /* Disable the Internal High Speed oscillator (HSI). */
 414:Drivers/STM32F0xx_HAL_Driver/Src/stm32f0xx_hal_rcc.c ****         __HAL_RCC_HSI_DISABLE();
 415:Drivers/STM32F0xx_HAL_Driver/Src/stm32f0xx_hal_rcc.c ****         
 416:Drivers/STM32F0xx_HAL_Driver/Src/stm32f0xx_hal_rcc.c ****         /* Get Start Tick */
 417:Drivers/STM32F0xx_HAL_Driver/Src/stm32f0xx_hal_rcc.c ****         tickstart = HAL_GetTick();
 418:Drivers/STM32F0xx_HAL_Driver/Src/stm32f0xx_hal_rcc.c ****         
 419:Drivers/STM32F0xx_HAL_Driver/Src/stm32f0xx_hal_rcc.c ****         /* Wait till HSI is disabled */
 420:Drivers/STM32F0xx_HAL_Driver/Src/stm32f0xx_hal_rcc.c ****         while(__HAL_RCC_GET_FLAG(RCC_FLAG_HSIRDY) != RESET)
 421:Drivers/STM32F0xx_HAL_Driver/Src/stm32f0xx_hal_rcc.c ****         {
 422:Drivers/STM32F0xx_HAL_Driver/Src/stm32f0xx_hal_rcc.c ****           if((HAL_GetTick() - tickstart ) > HSI_TIMEOUT_VALUE)
 423:Drivers/STM32F0xx_HAL_Driver/Src/stm32f0xx_hal_rcc.c ****           {
 424:Drivers/STM32F0xx_HAL_Driver/Src/stm32f0xx_hal_rcc.c ****             return HAL_TIMEOUT;
 425:Drivers/STM32F0xx_HAL_Driver/Src/stm32f0xx_hal_rcc.c ****           }
 426:Drivers/STM32F0xx_HAL_Driver/Src/stm32f0xx_hal_rcc.c ****         }
 427:Drivers/STM32F0xx_HAL_Driver/Src/stm32f0xx_hal_rcc.c ****       }
 428:Drivers/STM32F0xx_HAL_Driver/Src/stm32f0xx_hal_rcc.c ****     }
 429:Drivers/STM32F0xx_HAL_Driver/Src/stm32f0xx_hal_rcc.c ****   }
 430:Drivers/STM32F0xx_HAL_Driver/Src/stm32f0xx_hal_rcc.c ****   /*------------------------------ LSI Configuration -------------------------*/ 
 431:Drivers/STM32F0xx_HAL_Driver/Src/stm32f0xx_hal_rcc.c ****   if(((RCC_OscInitStruct->OscillatorType) & RCC_OSCILLATORTYPE_LSI) == RCC_OSCILLATORTYPE_LSI)
 504              		.loc 1 431 3 view .LVU143
 505              		.loc 1 431 25 is_stmt 0 view .LVU144
 506 0144 2368     		ldr	r3, [r4]
 507              		.loc 1 431 5 view .LVU145
 508 0146 1B07     		lsls	r3, r3, #28
 509 0148 43D5     		bpl	.L43
 432:Drivers/STM32F0xx_HAL_Driver/Src/stm32f0xx_hal_rcc.c ****   {
 433:Drivers/STM32F0xx_HAL_Driver/Src/stm32f0xx_hal_rcc.c ****     /* Check the parameters */
 434:Drivers/STM32F0xx_HAL_Driver/Src/stm32f0xx_hal_rcc.c ****     assert_param(IS_RCC_LSI(RCC_OscInitStruct->LSIState));
 510              		.loc 1 434 5 is_stmt 1 view .LVU146
 435:Drivers/STM32F0xx_HAL_Driver/Src/stm32f0xx_hal_rcc.c ****     
 436:Drivers/STM32F0xx_HAL_Driver/Src/stm32f0xx_hal_rcc.c ****     /* Check the LSI State */
 437:Drivers/STM32F0xx_HAL_Driver/Src/stm32f0xx_hal_rcc.c ****     if(RCC_OscInitStruct->LSIState != RCC_LSI_OFF)
ARM GAS  C:\msys64\tmp\ccinQ4cb.s 			page 19


 511              		.loc 1 437 5 view .LVU147
 512              		.loc 1 437 25 is_stmt 0 view .LVU148
 513 014a E369     		ldr	r3, [r4, #28]
 514              		.loc 1 437 7 view .LVU149
 515 014c 002B     		cmp	r3, #0
 516 014e 2ED0     		beq	.L44
 438:Drivers/STM32F0xx_HAL_Driver/Src/stm32f0xx_hal_rcc.c ****     {
 439:Drivers/STM32F0xx_HAL_Driver/Src/stm32f0xx_hal_rcc.c ****       /* Enable the Internal Low Speed oscillator (LSI). */
 440:Drivers/STM32F0xx_HAL_Driver/Src/stm32f0xx_hal_rcc.c ****       __HAL_RCC_LSI_ENABLE();
 517              		.loc 1 440 7 is_stmt 1 view .LVU150
 518 0150 5B4A     		ldr	r2, .L105
 519 0152 536A     		ldr	r3, [r2, #36]
 520 0154 0121     		movs	r1, #1
 521 0156 0B43     		orrs	r3, r1
 522 0158 5362     		str	r3, [r2, #36]
 441:Drivers/STM32F0xx_HAL_Driver/Src/stm32f0xx_hal_rcc.c ****       
 442:Drivers/STM32F0xx_HAL_Driver/Src/stm32f0xx_hal_rcc.c ****       /* Get Start Tick */
 443:Drivers/STM32F0xx_HAL_Driver/Src/stm32f0xx_hal_rcc.c ****       tickstart = HAL_GetTick();
 523              		.loc 1 443 7 view .LVU151
 524              		.loc 1 443 19 is_stmt 0 view .LVU152
 525 015a FFF7FEFF 		bl	HAL_GetTick
 526              	.LVL28:
 527 015e 0500     		movs	r5, r0
 528              	.LVL29:
 444:Drivers/STM32F0xx_HAL_Driver/Src/stm32f0xx_hal_rcc.c ****       
 445:Drivers/STM32F0xx_HAL_Driver/Src/stm32f0xx_hal_rcc.c ****       /* Wait till LSI is ready */  
 446:Drivers/STM32F0xx_HAL_Driver/Src/stm32f0xx_hal_rcc.c ****       while(__HAL_RCC_GET_FLAG(RCC_FLAG_LSIRDY) == RESET)
 529              		.loc 1 446 7 is_stmt 1 view .LVU153
 530              	.L45:
 531              		.loc 1 446 49 discriminator 1 view .LVU154
 532              		.loc 1 446 13 is_stmt 0 discriminator 1 view .LVU155
 533 0160 574B     		ldr	r3, .L105
 534 0162 5B6A     		ldr	r3, [r3, #36]
 535              		.loc 1 446 49 discriminator 1 view .LVU156
 536 0164 9B07     		lsls	r3, r3, #30
 537 0166 34D4     		bmi	.L43
 447:Drivers/STM32F0xx_HAL_Driver/Src/stm32f0xx_hal_rcc.c ****       {
 448:Drivers/STM32F0xx_HAL_Driver/Src/stm32f0xx_hal_rcc.c ****         if((HAL_GetTick() - tickstart ) > LSI_TIMEOUT_VALUE)
 538              		.loc 1 448 9 is_stmt 1 view .LVU157
 539              		.loc 1 448 13 is_stmt 0 view .LVU158
 540 0168 FFF7FEFF 		bl	HAL_GetTick
 541              	.LVL30:
 542              		.loc 1 448 27 discriminator 1 view .LVU159
 543 016c 401B     		subs	r0, r0, r5
 544              		.loc 1 448 11 discriminator 1 view .LVU160
 545 016e 0228     		cmp	r0, #2
 546 0170 F6D9     		bls	.L45
 547              	.LVL31:
 548              	.L32:
 345:Drivers/STM32F0xx_HAL_Driver/Src/stm32f0xx_hal_rcc.c ****           }
 549              		.loc 1 345 20 view .LVU161
 550 0172 0320     		movs	r0, #3
 551              	.L19:
 449:Drivers/STM32F0xx_HAL_Driver/Src/stm32f0xx_hal_rcc.c ****         {
 450:Drivers/STM32F0xx_HAL_Driver/Src/stm32f0xx_hal_rcc.c ****           return HAL_TIMEOUT;
 451:Drivers/STM32F0xx_HAL_Driver/Src/stm32f0xx_hal_rcc.c ****         }
 452:Drivers/STM32F0xx_HAL_Driver/Src/stm32f0xx_hal_rcc.c ****       }
ARM GAS  C:\msys64\tmp\ccinQ4cb.s 			page 20


 453:Drivers/STM32F0xx_HAL_Driver/Src/stm32f0xx_hal_rcc.c ****     }
 454:Drivers/STM32F0xx_HAL_Driver/Src/stm32f0xx_hal_rcc.c ****     else
 455:Drivers/STM32F0xx_HAL_Driver/Src/stm32f0xx_hal_rcc.c ****     {
 456:Drivers/STM32F0xx_HAL_Driver/Src/stm32f0xx_hal_rcc.c ****       /* Disable the Internal Low Speed oscillator (LSI). */
 457:Drivers/STM32F0xx_HAL_Driver/Src/stm32f0xx_hal_rcc.c ****       __HAL_RCC_LSI_DISABLE();
 458:Drivers/STM32F0xx_HAL_Driver/Src/stm32f0xx_hal_rcc.c ****       
 459:Drivers/STM32F0xx_HAL_Driver/Src/stm32f0xx_hal_rcc.c ****       /* Get Start Tick */
 460:Drivers/STM32F0xx_HAL_Driver/Src/stm32f0xx_hal_rcc.c ****       tickstart = HAL_GetTick();
 461:Drivers/STM32F0xx_HAL_Driver/Src/stm32f0xx_hal_rcc.c ****       
 462:Drivers/STM32F0xx_HAL_Driver/Src/stm32f0xx_hal_rcc.c ****       /* Wait till LSI is disabled */  
 463:Drivers/STM32F0xx_HAL_Driver/Src/stm32f0xx_hal_rcc.c ****       while(__HAL_RCC_GET_FLAG(RCC_FLAG_LSIRDY) != RESET)
 464:Drivers/STM32F0xx_HAL_Driver/Src/stm32f0xx_hal_rcc.c ****       {
 465:Drivers/STM32F0xx_HAL_Driver/Src/stm32f0xx_hal_rcc.c ****         if((HAL_GetTick() - tickstart ) > LSI_TIMEOUT_VALUE)
 466:Drivers/STM32F0xx_HAL_Driver/Src/stm32f0xx_hal_rcc.c ****         {
 467:Drivers/STM32F0xx_HAL_Driver/Src/stm32f0xx_hal_rcc.c ****           return HAL_TIMEOUT;
 468:Drivers/STM32F0xx_HAL_Driver/Src/stm32f0xx_hal_rcc.c ****         }
 469:Drivers/STM32F0xx_HAL_Driver/Src/stm32f0xx_hal_rcc.c ****       }
 470:Drivers/STM32F0xx_HAL_Driver/Src/stm32f0xx_hal_rcc.c ****     }
 471:Drivers/STM32F0xx_HAL_Driver/Src/stm32f0xx_hal_rcc.c ****   }
 472:Drivers/STM32F0xx_HAL_Driver/Src/stm32f0xx_hal_rcc.c ****   /*------------------------------ LSE Configuration -------------------------*/ 
 473:Drivers/STM32F0xx_HAL_Driver/Src/stm32f0xx_hal_rcc.c ****   if(((RCC_OscInitStruct->OscillatorType) & RCC_OSCILLATORTYPE_LSE) == RCC_OSCILLATORTYPE_LSE)
 474:Drivers/STM32F0xx_HAL_Driver/Src/stm32f0xx_hal_rcc.c ****   {
 475:Drivers/STM32F0xx_HAL_Driver/Src/stm32f0xx_hal_rcc.c ****     FlagStatus       pwrclkchanged = RESET;
 476:Drivers/STM32F0xx_HAL_Driver/Src/stm32f0xx_hal_rcc.c ****     
 477:Drivers/STM32F0xx_HAL_Driver/Src/stm32f0xx_hal_rcc.c ****     /* Check the parameters */
 478:Drivers/STM32F0xx_HAL_Driver/Src/stm32f0xx_hal_rcc.c ****     assert_param(IS_RCC_LSE(RCC_OscInitStruct->LSEState));
 479:Drivers/STM32F0xx_HAL_Driver/Src/stm32f0xx_hal_rcc.c **** 
 480:Drivers/STM32F0xx_HAL_Driver/Src/stm32f0xx_hal_rcc.c ****     /* Update LSE configuration in Backup Domain control register    */
 481:Drivers/STM32F0xx_HAL_Driver/Src/stm32f0xx_hal_rcc.c ****     /* Requires to enable write access to Backup Domain of necessary */
 482:Drivers/STM32F0xx_HAL_Driver/Src/stm32f0xx_hal_rcc.c ****     if(__HAL_RCC_PWR_IS_CLK_DISABLED())
 483:Drivers/STM32F0xx_HAL_Driver/Src/stm32f0xx_hal_rcc.c ****     {
 484:Drivers/STM32F0xx_HAL_Driver/Src/stm32f0xx_hal_rcc.c ****       __HAL_RCC_PWR_CLK_ENABLE();
 485:Drivers/STM32F0xx_HAL_Driver/Src/stm32f0xx_hal_rcc.c ****       pwrclkchanged = SET;
 486:Drivers/STM32F0xx_HAL_Driver/Src/stm32f0xx_hal_rcc.c ****     }
 487:Drivers/STM32F0xx_HAL_Driver/Src/stm32f0xx_hal_rcc.c ****     
 488:Drivers/STM32F0xx_HAL_Driver/Src/stm32f0xx_hal_rcc.c ****     if(HAL_IS_BIT_CLR(PWR->CR, PWR_CR_DBP))
 489:Drivers/STM32F0xx_HAL_Driver/Src/stm32f0xx_hal_rcc.c ****     {
 490:Drivers/STM32F0xx_HAL_Driver/Src/stm32f0xx_hal_rcc.c ****       /* Enable write access to Backup domain */
 491:Drivers/STM32F0xx_HAL_Driver/Src/stm32f0xx_hal_rcc.c ****       SET_BIT(PWR->CR, PWR_CR_DBP);
 492:Drivers/STM32F0xx_HAL_Driver/Src/stm32f0xx_hal_rcc.c ****       
 493:Drivers/STM32F0xx_HAL_Driver/Src/stm32f0xx_hal_rcc.c ****       /* Wait for Backup domain Write protection disable */
 494:Drivers/STM32F0xx_HAL_Driver/Src/stm32f0xx_hal_rcc.c ****       tickstart = HAL_GetTick();
 495:Drivers/STM32F0xx_HAL_Driver/Src/stm32f0xx_hal_rcc.c **** 
 496:Drivers/STM32F0xx_HAL_Driver/Src/stm32f0xx_hal_rcc.c ****       while(HAL_IS_BIT_CLR(PWR->CR, PWR_CR_DBP))
 497:Drivers/STM32F0xx_HAL_Driver/Src/stm32f0xx_hal_rcc.c ****       {
 498:Drivers/STM32F0xx_HAL_Driver/Src/stm32f0xx_hal_rcc.c ****         if((HAL_GetTick() - tickstart) > RCC_DBP_TIMEOUT_VALUE)
 499:Drivers/STM32F0xx_HAL_Driver/Src/stm32f0xx_hal_rcc.c ****         {
 500:Drivers/STM32F0xx_HAL_Driver/Src/stm32f0xx_hal_rcc.c ****           return HAL_TIMEOUT;
 501:Drivers/STM32F0xx_HAL_Driver/Src/stm32f0xx_hal_rcc.c ****         }
 502:Drivers/STM32F0xx_HAL_Driver/Src/stm32f0xx_hal_rcc.c ****       }
 503:Drivers/STM32F0xx_HAL_Driver/Src/stm32f0xx_hal_rcc.c ****     }
 504:Drivers/STM32F0xx_HAL_Driver/Src/stm32f0xx_hal_rcc.c **** 
 505:Drivers/STM32F0xx_HAL_Driver/Src/stm32f0xx_hal_rcc.c ****     /* Set the new LSE configuration -----------------------------------------*/
 506:Drivers/STM32F0xx_HAL_Driver/Src/stm32f0xx_hal_rcc.c ****     __HAL_RCC_LSE_CONFIG(RCC_OscInitStruct->LSEState);
 507:Drivers/STM32F0xx_HAL_Driver/Src/stm32f0xx_hal_rcc.c ****     /* Check the LSE State */
 508:Drivers/STM32F0xx_HAL_Driver/Src/stm32f0xx_hal_rcc.c ****     if(RCC_OscInitStruct->LSEState != RCC_LSE_OFF)
 509:Drivers/STM32F0xx_HAL_Driver/Src/stm32f0xx_hal_rcc.c ****     {
ARM GAS  C:\msys64\tmp\ccinQ4cb.s 			page 21


 510:Drivers/STM32F0xx_HAL_Driver/Src/stm32f0xx_hal_rcc.c ****       /* Get Start Tick */
 511:Drivers/STM32F0xx_HAL_Driver/Src/stm32f0xx_hal_rcc.c ****       tickstart = HAL_GetTick();
 512:Drivers/STM32F0xx_HAL_Driver/Src/stm32f0xx_hal_rcc.c ****       
 513:Drivers/STM32F0xx_HAL_Driver/Src/stm32f0xx_hal_rcc.c ****       /* Wait till LSE is ready */  
 514:Drivers/STM32F0xx_HAL_Driver/Src/stm32f0xx_hal_rcc.c ****       while(__HAL_RCC_GET_FLAG(RCC_FLAG_LSERDY) == RESET)
 515:Drivers/STM32F0xx_HAL_Driver/Src/stm32f0xx_hal_rcc.c ****       {
 516:Drivers/STM32F0xx_HAL_Driver/Src/stm32f0xx_hal_rcc.c ****         if((HAL_GetTick() - tickstart ) > RCC_LSE_TIMEOUT_VALUE)
 517:Drivers/STM32F0xx_HAL_Driver/Src/stm32f0xx_hal_rcc.c ****         {
 518:Drivers/STM32F0xx_HAL_Driver/Src/stm32f0xx_hal_rcc.c ****           return HAL_TIMEOUT;
 519:Drivers/STM32F0xx_HAL_Driver/Src/stm32f0xx_hal_rcc.c ****         }
 520:Drivers/STM32F0xx_HAL_Driver/Src/stm32f0xx_hal_rcc.c ****       }
 521:Drivers/STM32F0xx_HAL_Driver/Src/stm32f0xx_hal_rcc.c ****     }
 522:Drivers/STM32F0xx_HAL_Driver/Src/stm32f0xx_hal_rcc.c ****     else
 523:Drivers/STM32F0xx_HAL_Driver/Src/stm32f0xx_hal_rcc.c ****     {
 524:Drivers/STM32F0xx_HAL_Driver/Src/stm32f0xx_hal_rcc.c ****       /* Get Start Tick */
 525:Drivers/STM32F0xx_HAL_Driver/Src/stm32f0xx_hal_rcc.c ****       tickstart = HAL_GetTick();
 526:Drivers/STM32F0xx_HAL_Driver/Src/stm32f0xx_hal_rcc.c ****       
 527:Drivers/STM32F0xx_HAL_Driver/Src/stm32f0xx_hal_rcc.c ****       /* Wait till LSE is disabled */  
 528:Drivers/STM32F0xx_HAL_Driver/Src/stm32f0xx_hal_rcc.c ****       while(__HAL_RCC_GET_FLAG(RCC_FLAG_LSERDY) != RESET)
 529:Drivers/STM32F0xx_HAL_Driver/Src/stm32f0xx_hal_rcc.c ****       {
 530:Drivers/STM32F0xx_HAL_Driver/Src/stm32f0xx_hal_rcc.c ****         if((HAL_GetTick() - tickstart ) > RCC_LSE_TIMEOUT_VALUE)
 531:Drivers/STM32F0xx_HAL_Driver/Src/stm32f0xx_hal_rcc.c ****         {
 532:Drivers/STM32F0xx_HAL_Driver/Src/stm32f0xx_hal_rcc.c ****           return HAL_TIMEOUT;
 533:Drivers/STM32F0xx_HAL_Driver/Src/stm32f0xx_hal_rcc.c ****         }
 534:Drivers/STM32F0xx_HAL_Driver/Src/stm32f0xx_hal_rcc.c ****       }
 535:Drivers/STM32F0xx_HAL_Driver/Src/stm32f0xx_hal_rcc.c ****     }
 536:Drivers/STM32F0xx_HAL_Driver/Src/stm32f0xx_hal_rcc.c **** 
 537:Drivers/STM32F0xx_HAL_Driver/Src/stm32f0xx_hal_rcc.c ****     /* Require to disable power clock if necessary */
 538:Drivers/STM32F0xx_HAL_Driver/Src/stm32f0xx_hal_rcc.c ****     if(pwrclkchanged == SET)
 539:Drivers/STM32F0xx_HAL_Driver/Src/stm32f0xx_hal_rcc.c ****     {
 540:Drivers/STM32F0xx_HAL_Driver/Src/stm32f0xx_hal_rcc.c ****       __HAL_RCC_PWR_CLK_DISABLE();
 541:Drivers/STM32F0xx_HAL_Driver/Src/stm32f0xx_hal_rcc.c ****     }
 542:Drivers/STM32F0xx_HAL_Driver/Src/stm32f0xx_hal_rcc.c ****   }
 543:Drivers/STM32F0xx_HAL_Driver/Src/stm32f0xx_hal_rcc.c **** 
 544:Drivers/STM32F0xx_HAL_Driver/Src/stm32f0xx_hal_rcc.c ****   /*----------------------------- HSI14 Configuration --------------------------*/
 545:Drivers/STM32F0xx_HAL_Driver/Src/stm32f0xx_hal_rcc.c ****   if(((RCC_OscInitStruct->OscillatorType) & RCC_OSCILLATORTYPE_HSI14) == RCC_OSCILLATORTYPE_HSI14)
 546:Drivers/STM32F0xx_HAL_Driver/Src/stm32f0xx_hal_rcc.c ****   {
 547:Drivers/STM32F0xx_HAL_Driver/Src/stm32f0xx_hal_rcc.c ****     /* Check the parameters */
 548:Drivers/STM32F0xx_HAL_Driver/Src/stm32f0xx_hal_rcc.c ****     assert_param(IS_RCC_HSI14(RCC_OscInitStruct->HSI14State));
 549:Drivers/STM32F0xx_HAL_Driver/Src/stm32f0xx_hal_rcc.c ****     assert_param(IS_RCC_CALIBRATION_VALUE(RCC_OscInitStruct->HSI14CalibrationValue));
 550:Drivers/STM32F0xx_HAL_Driver/Src/stm32f0xx_hal_rcc.c **** 
 551:Drivers/STM32F0xx_HAL_Driver/Src/stm32f0xx_hal_rcc.c ****     /* Check the HSI14 State */
 552:Drivers/STM32F0xx_HAL_Driver/Src/stm32f0xx_hal_rcc.c ****     if(RCC_OscInitStruct->HSI14State == RCC_HSI14_ON)
 553:Drivers/STM32F0xx_HAL_Driver/Src/stm32f0xx_hal_rcc.c ****     {
 554:Drivers/STM32F0xx_HAL_Driver/Src/stm32f0xx_hal_rcc.c ****       /* Disable ADC control of the Internal High Speed oscillator HSI14 */
 555:Drivers/STM32F0xx_HAL_Driver/Src/stm32f0xx_hal_rcc.c ****       __HAL_RCC_HSI14ADC_DISABLE();
 556:Drivers/STM32F0xx_HAL_Driver/Src/stm32f0xx_hal_rcc.c **** 
 557:Drivers/STM32F0xx_HAL_Driver/Src/stm32f0xx_hal_rcc.c ****       /* Enable the Internal High Speed oscillator (HSI). */
 558:Drivers/STM32F0xx_HAL_Driver/Src/stm32f0xx_hal_rcc.c ****       __HAL_RCC_HSI14_ENABLE();
 559:Drivers/STM32F0xx_HAL_Driver/Src/stm32f0xx_hal_rcc.c **** 
 560:Drivers/STM32F0xx_HAL_Driver/Src/stm32f0xx_hal_rcc.c ****       /* Get Start Tick */
 561:Drivers/STM32F0xx_HAL_Driver/Src/stm32f0xx_hal_rcc.c ****       tickstart = HAL_GetTick();
 562:Drivers/STM32F0xx_HAL_Driver/Src/stm32f0xx_hal_rcc.c ****       
 563:Drivers/STM32F0xx_HAL_Driver/Src/stm32f0xx_hal_rcc.c ****       /* Wait till HSI is ready */  
 564:Drivers/STM32F0xx_HAL_Driver/Src/stm32f0xx_hal_rcc.c ****       while(__HAL_RCC_GET_FLAG(RCC_FLAG_HSI14RDY) == RESET)
 565:Drivers/STM32F0xx_HAL_Driver/Src/stm32f0xx_hal_rcc.c ****       {
 566:Drivers/STM32F0xx_HAL_Driver/Src/stm32f0xx_hal_rcc.c ****         if((HAL_GetTick() - tickstart) > HSI14_TIMEOUT_VALUE)
ARM GAS  C:\msys64\tmp\ccinQ4cb.s 			page 22


 567:Drivers/STM32F0xx_HAL_Driver/Src/stm32f0xx_hal_rcc.c ****         {
 568:Drivers/STM32F0xx_HAL_Driver/Src/stm32f0xx_hal_rcc.c ****           return HAL_TIMEOUT;
 569:Drivers/STM32F0xx_HAL_Driver/Src/stm32f0xx_hal_rcc.c ****         }      
 570:Drivers/STM32F0xx_HAL_Driver/Src/stm32f0xx_hal_rcc.c ****       } 
 571:Drivers/STM32F0xx_HAL_Driver/Src/stm32f0xx_hal_rcc.c **** 
 572:Drivers/STM32F0xx_HAL_Driver/Src/stm32f0xx_hal_rcc.c ****       /* Adjusts the Internal High Speed oscillator 14Mhz (HSI14) calibration value. */
 573:Drivers/STM32F0xx_HAL_Driver/Src/stm32f0xx_hal_rcc.c ****       __HAL_RCC_HSI14_CALIBRATIONVALUE_ADJUST(RCC_OscInitStruct->HSI14CalibrationValue);
 574:Drivers/STM32F0xx_HAL_Driver/Src/stm32f0xx_hal_rcc.c ****     }
 575:Drivers/STM32F0xx_HAL_Driver/Src/stm32f0xx_hal_rcc.c ****     else if(RCC_OscInitStruct->HSI14State == RCC_HSI14_ADC_CONTROL)
 576:Drivers/STM32F0xx_HAL_Driver/Src/stm32f0xx_hal_rcc.c ****     {
 577:Drivers/STM32F0xx_HAL_Driver/Src/stm32f0xx_hal_rcc.c ****       /* Enable ADC control of the Internal High Speed oscillator HSI14 */
 578:Drivers/STM32F0xx_HAL_Driver/Src/stm32f0xx_hal_rcc.c ****       __HAL_RCC_HSI14ADC_ENABLE();
 579:Drivers/STM32F0xx_HAL_Driver/Src/stm32f0xx_hal_rcc.c **** 
 580:Drivers/STM32F0xx_HAL_Driver/Src/stm32f0xx_hal_rcc.c ****       /* Adjusts the Internal High Speed oscillator 14Mhz (HSI14) calibration value. */
 581:Drivers/STM32F0xx_HAL_Driver/Src/stm32f0xx_hal_rcc.c ****       __HAL_RCC_HSI14_CALIBRATIONVALUE_ADJUST(RCC_OscInitStruct->HSI14CalibrationValue);
 582:Drivers/STM32F0xx_HAL_Driver/Src/stm32f0xx_hal_rcc.c ****     }
 583:Drivers/STM32F0xx_HAL_Driver/Src/stm32f0xx_hal_rcc.c ****     else
 584:Drivers/STM32F0xx_HAL_Driver/Src/stm32f0xx_hal_rcc.c ****     {
 585:Drivers/STM32F0xx_HAL_Driver/Src/stm32f0xx_hal_rcc.c ****       /* Disable ADC control of the Internal High Speed oscillator HSI14 */
 586:Drivers/STM32F0xx_HAL_Driver/Src/stm32f0xx_hal_rcc.c ****       __HAL_RCC_HSI14ADC_DISABLE();
 587:Drivers/STM32F0xx_HAL_Driver/Src/stm32f0xx_hal_rcc.c **** 
 588:Drivers/STM32F0xx_HAL_Driver/Src/stm32f0xx_hal_rcc.c ****       /* Disable the Internal High Speed oscillator (HSI). */
 589:Drivers/STM32F0xx_HAL_Driver/Src/stm32f0xx_hal_rcc.c ****       __HAL_RCC_HSI14_DISABLE();
 590:Drivers/STM32F0xx_HAL_Driver/Src/stm32f0xx_hal_rcc.c **** 
 591:Drivers/STM32F0xx_HAL_Driver/Src/stm32f0xx_hal_rcc.c ****       /* Get Start Tick */
 592:Drivers/STM32F0xx_HAL_Driver/Src/stm32f0xx_hal_rcc.c ****       tickstart = HAL_GetTick();
 593:Drivers/STM32F0xx_HAL_Driver/Src/stm32f0xx_hal_rcc.c ****       
 594:Drivers/STM32F0xx_HAL_Driver/Src/stm32f0xx_hal_rcc.c ****       /* Wait till HSI is ready */  
 595:Drivers/STM32F0xx_HAL_Driver/Src/stm32f0xx_hal_rcc.c ****       while(__HAL_RCC_GET_FLAG(RCC_FLAG_HSI14RDY) != RESET)
 596:Drivers/STM32F0xx_HAL_Driver/Src/stm32f0xx_hal_rcc.c ****       {
 597:Drivers/STM32F0xx_HAL_Driver/Src/stm32f0xx_hal_rcc.c ****         if((HAL_GetTick() - tickstart) > HSI14_TIMEOUT_VALUE)
 598:Drivers/STM32F0xx_HAL_Driver/Src/stm32f0xx_hal_rcc.c ****         {
 599:Drivers/STM32F0xx_HAL_Driver/Src/stm32f0xx_hal_rcc.c ****           return HAL_TIMEOUT;
 600:Drivers/STM32F0xx_HAL_Driver/Src/stm32f0xx_hal_rcc.c ****         }
 601:Drivers/STM32F0xx_HAL_Driver/Src/stm32f0xx_hal_rcc.c ****       }
 602:Drivers/STM32F0xx_HAL_Driver/Src/stm32f0xx_hal_rcc.c ****     }
 603:Drivers/STM32F0xx_HAL_Driver/Src/stm32f0xx_hal_rcc.c ****   }
 604:Drivers/STM32F0xx_HAL_Driver/Src/stm32f0xx_hal_rcc.c **** 
 605:Drivers/STM32F0xx_HAL_Driver/Src/stm32f0xx_hal_rcc.c **** #if defined(RCC_HSI48_SUPPORT)
 606:Drivers/STM32F0xx_HAL_Driver/Src/stm32f0xx_hal_rcc.c ****   /*----------------------------- HSI48 Configuration --------------------------*/
 607:Drivers/STM32F0xx_HAL_Driver/Src/stm32f0xx_hal_rcc.c ****   if(((RCC_OscInitStruct->OscillatorType) & RCC_OSCILLATORTYPE_HSI48) == RCC_OSCILLATORTYPE_HSI48)
 608:Drivers/STM32F0xx_HAL_Driver/Src/stm32f0xx_hal_rcc.c ****   {
 609:Drivers/STM32F0xx_HAL_Driver/Src/stm32f0xx_hal_rcc.c ****     /* Check the parameters */
 610:Drivers/STM32F0xx_HAL_Driver/Src/stm32f0xx_hal_rcc.c ****     assert_param(IS_RCC_HSI48(RCC_OscInitStruct->HSI48State));
 611:Drivers/STM32F0xx_HAL_Driver/Src/stm32f0xx_hal_rcc.c **** 
 612:Drivers/STM32F0xx_HAL_Driver/Src/stm32f0xx_hal_rcc.c ****     /* When the HSI48 is used as system clock it is not allowed to be disabled */
 613:Drivers/STM32F0xx_HAL_Driver/Src/stm32f0xx_hal_rcc.c ****     if((__HAL_RCC_GET_SYSCLK_SOURCE() == RCC_SYSCLKSOURCE_STATUS_HSI48) ||
 614:Drivers/STM32F0xx_HAL_Driver/Src/stm32f0xx_hal_rcc.c ****        ((__HAL_RCC_GET_SYSCLK_SOURCE() == RCC_SYSCLKSOURCE_STATUS_PLLCLK) && (__HAL_RCC_GET_PLL_OSC
 615:Drivers/STM32F0xx_HAL_Driver/Src/stm32f0xx_hal_rcc.c ****     {
 616:Drivers/STM32F0xx_HAL_Driver/Src/stm32f0xx_hal_rcc.c ****       if((__HAL_RCC_GET_FLAG(RCC_FLAG_HSI48RDY) != RESET) && (RCC_OscInitStruct->HSI48State != RCC_
 617:Drivers/STM32F0xx_HAL_Driver/Src/stm32f0xx_hal_rcc.c ****       {
 618:Drivers/STM32F0xx_HAL_Driver/Src/stm32f0xx_hal_rcc.c ****         return HAL_ERROR;
 619:Drivers/STM32F0xx_HAL_Driver/Src/stm32f0xx_hal_rcc.c ****       }
 620:Drivers/STM32F0xx_HAL_Driver/Src/stm32f0xx_hal_rcc.c ****     }
 621:Drivers/STM32F0xx_HAL_Driver/Src/stm32f0xx_hal_rcc.c ****     else
 622:Drivers/STM32F0xx_HAL_Driver/Src/stm32f0xx_hal_rcc.c ****     {
 623:Drivers/STM32F0xx_HAL_Driver/Src/stm32f0xx_hal_rcc.c ****       /* Check the HSI48 State */
ARM GAS  C:\msys64\tmp\ccinQ4cb.s 			page 23


 624:Drivers/STM32F0xx_HAL_Driver/Src/stm32f0xx_hal_rcc.c ****       if(RCC_OscInitStruct->HSI48State != RCC_HSI48_OFF)
 625:Drivers/STM32F0xx_HAL_Driver/Src/stm32f0xx_hal_rcc.c ****       {
 626:Drivers/STM32F0xx_HAL_Driver/Src/stm32f0xx_hal_rcc.c ****         /* Enable the Internal High Speed oscillator (HSI48). */
 627:Drivers/STM32F0xx_HAL_Driver/Src/stm32f0xx_hal_rcc.c ****         __HAL_RCC_HSI48_ENABLE();
 628:Drivers/STM32F0xx_HAL_Driver/Src/stm32f0xx_hal_rcc.c **** 
 629:Drivers/STM32F0xx_HAL_Driver/Src/stm32f0xx_hal_rcc.c ****         /* Get Start Tick */
 630:Drivers/STM32F0xx_HAL_Driver/Src/stm32f0xx_hal_rcc.c ****         tickstart = HAL_GetTick();
 631:Drivers/STM32F0xx_HAL_Driver/Src/stm32f0xx_hal_rcc.c ****       
 632:Drivers/STM32F0xx_HAL_Driver/Src/stm32f0xx_hal_rcc.c ****         /* Wait till HSI48 is ready */  
 633:Drivers/STM32F0xx_HAL_Driver/Src/stm32f0xx_hal_rcc.c ****         while(__HAL_RCC_GET_FLAG(RCC_FLAG_HSI48RDY) == RESET)
 634:Drivers/STM32F0xx_HAL_Driver/Src/stm32f0xx_hal_rcc.c ****         {
 635:Drivers/STM32F0xx_HAL_Driver/Src/stm32f0xx_hal_rcc.c ****           if((HAL_GetTick() - tickstart) > HSI48_TIMEOUT_VALUE)
 636:Drivers/STM32F0xx_HAL_Driver/Src/stm32f0xx_hal_rcc.c ****           {
 637:Drivers/STM32F0xx_HAL_Driver/Src/stm32f0xx_hal_rcc.c ****             return HAL_TIMEOUT;
 638:Drivers/STM32F0xx_HAL_Driver/Src/stm32f0xx_hal_rcc.c ****           }
 639:Drivers/STM32F0xx_HAL_Driver/Src/stm32f0xx_hal_rcc.c ****         } 
 640:Drivers/STM32F0xx_HAL_Driver/Src/stm32f0xx_hal_rcc.c ****       }
 641:Drivers/STM32F0xx_HAL_Driver/Src/stm32f0xx_hal_rcc.c ****       else
 642:Drivers/STM32F0xx_HAL_Driver/Src/stm32f0xx_hal_rcc.c ****       {
 643:Drivers/STM32F0xx_HAL_Driver/Src/stm32f0xx_hal_rcc.c ****         /* Disable the Internal High Speed oscillator (HSI48). */
 644:Drivers/STM32F0xx_HAL_Driver/Src/stm32f0xx_hal_rcc.c ****         __HAL_RCC_HSI48_DISABLE();
 645:Drivers/STM32F0xx_HAL_Driver/Src/stm32f0xx_hal_rcc.c **** 
 646:Drivers/STM32F0xx_HAL_Driver/Src/stm32f0xx_hal_rcc.c ****         /* Get Start Tick */
 647:Drivers/STM32F0xx_HAL_Driver/Src/stm32f0xx_hal_rcc.c ****         tickstart = HAL_GetTick();
 648:Drivers/STM32F0xx_HAL_Driver/Src/stm32f0xx_hal_rcc.c ****       
 649:Drivers/STM32F0xx_HAL_Driver/Src/stm32f0xx_hal_rcc.c ****         /* Wait till HSI48 is ready */  
 650:Drivers/STM32F0xx_HAL_Driver/Src/stm32f0xx_hal_rcc.c ****         while(__HAL_RCC_GET_FLAG(RCC_FLAG_HSI48RDY) != RESET)
 651:Drivers/STM32F0xx_HAL_Driver/Src/stm32f0xx_hal_rcc.c ****         {
 652:Drivers/STM32F0xx_HAL_Driver/Src/stm32f0xx_hal_rcc.c ****           if((HAL_GetTick() - tickstart) > HSI48_TIMEOUT_VALUE)
 653:Drivers/STM32F0xx_HAL_Driver/Src/stm32f0xx_hal_rcc.c ****           {
 654:Drivers/STM32F0xx_HAL_Driver/Src/stm32f0xx_hal_rcc.c ****             return HAL_TIMEOUT;
 655:Drivers/STM32F0xx_HAL_Driver/Src/stm32f0xx_hal_rcc.c ****           }
 656:Drivers/STM32F0xx_HAL_Driver/Src/stm32f0xx_hal_rcc.c ****         }
 657:Drivers/STM32F0xx_HAL_Driver/Src/stm32f0xx_hal_rcc.c ****       }
 658:Drivers/STM32F0xx_HAL_Driver/Src/stm32f0xx_hal_rcc.c ****     }
 659:Drivers/STM32F0xx_HAL_Driver/Src/stm32f0xx_hal_rcc.c ****   }
 660:Drivers/STM32F0xx_HAL_Driver/Src/stm32f0xx_hal_rcc.c **** #endif /* RCC_HSI48_SUPPORT */
 661:Drivers/STM32F0xx_HAL_Driver/Src/stm32f0xx_hal_rcc.c ****        
 662:Drivers/STM32F0xx_HAL_Driver/Src/stm32f0xx_hal_rcc.c ****   /*-------------------------------- PLL Configuration -----------------------*/
 663:Drivers/STM32F0xx_HAL_Driver/Src/stm32f0xx_hal_rcc.c ****   /* Check the parameters */
 664:Drivers/STM32F0xx_HAL_Driver/Src/stm32f0xx_hal_rcc.c ****   assert_param(IS_RCC_PLL(RCC_OscInitStruct->PLL.PLLState));
 665:Drivers/STM32F0xx_HAL_Driver/Src/stm32f0xx_hal_rcc.c ****   if ((RCC_OscInitStruct->PLL.PLLState) != RCC_PLL_NONE)
 666:Drivers/STM32F0xx_HAL_Driver/Src/stm32f0xx_hal_rcc.c ****   {
 667:Drivers/STM32F0xx_HAL_Driver/Src/stm32f0xx_hal_rcc.c ****     /* Check if the PLL is used as system clock or not */
 668:Drivers/STM32F0xx_HAL_Driver/Src/stm32f0xx_hal_rcc.c ****     if(__HAL_RCC_GET_SYSCLK_SOURCE() != RCC_SYSCLKSOURCE_STATUS_PLLCLK)
 669:Drivers/STM32F0xx_HAL_Driver/Src/stm32f0xx_hal_rcc.c ****     { 
 670:Drivers/STM32F0xx_HAL_Driver/Src/stm32f0xx_hal_rcc.c ****       if((RCC_OscInitStruct->PLL.PLLState) == RCC_PLL_ON)
 671:Drivers/STM32F0xx_HAL_Driver/Src/stm32f0xx_hal_rcc.c ****       {
 672:Drivers/STM32F0xx_HAL_Driver/Src/stm32f0xx_hal_rcc.c ****         /* Check the parameters */
 673:Drivers/STM32F0xx_HAL_Driver/Src/stm32f0xx_hal_rcc.c ****         assert_param(IS_RCC_PLLSOURCE(RCC_OscInitStruct->PLL.PLLSource));
 674:Drivers/STM32F0xx_HAL_Driver/Src/stm32f0xx_hal_rcc.c ****         assert_param(IS_RCC_PLL_MUL(RCC_OscInitStruct->PLL.PLLMUL));
 675:Drivers/STM32F0xx_HAL_Driver/Src/stm32f0xx_hal_rcc.c ****         assert_param(IS_RCC_PREDIV(RCC_OscInitStruct->PLL.PREDIV));
 676:Drivers/STM32F0xx_HAL_Driver/Src/stm32f0xx_hal_rcc.c ****   
 677:Drivers/STM32F0xx_HAL_Driver/Src/stm32f0xx_hal_rcc.c ****         /* Disable the main PLL. */
 678:Drivers/STM32F0xx_HAL_Driver/Src/stm32f0xx_hal_rcc.c ****         __HAL_RCC_PLL_DISABLE();
 679:Drivers/STM32F0xx_HAL_Driver/Src/stm32f0xx_hal_rcc.c ****         
 680:Drivers/STM32F0xx_HAL_Driver/Src/stm32f0xx_hal_rcc.c ****         /* Get Start Tick */
ARM GAS  C:\msys64\tmp\ccinQ4cb.s 			page 24


 681:Drivers/STM32F0xx_HAL_Driver/Src/stm32f0xx_hal_rcc.c ****         tickstart = HAL_GetTick();
 682:Drivers/STM32F0xx_HAL_Driver/Src/stm32f0xx_hal_rcc.c ****         
 683:Drivers/STM32F0xx_HAL_Driver/Src/stm32f0xx_hal_rcc.c ****         /* Wait till PLL is disabled */
 684:Drivers/STM32F0xx_HAL_Driver/Src/stm32f0xx_hal_rcc.c ****         while(__HAL_RCC_GET_FLAG(RCC_FLAG_PLLRDY)  != RESET)
 685:Drivers/STM32F0xx_HAL_Driver/Src/stm32f0xx_hal_rcc.c ****         {
 686:Drivers/STM32F0xx_HAL_Driver/Src/stm32f0xx_hal_rcc.c ****           if((HAL_GetTick() - tickstart ) > PLL_TIMEOUT_VALUE)
 687:Drivers/STM32F0xx_HAL_Driver/Src/stm32f0xx_hal_rcc.c ****           {
 688:Drivers/STM32F0xx_HAL_Driver/Src/stm32f0xx_hal_rcc.c ****             return HAL_TIMEOUT;
 689:Drivers/STM32F0xx_HAL_Driver/Src/stm32f0xx_hal_rcc.c ****           }
 690:Drivers/STM32F0xx_HAL_Driver/Src/stm32f0xx_hal_rcc.c ****         }
 691:Drivers/STM32F0xx_HAL_Driver/Src/stm32f0xx_hal_rcc.c **** 
 692:Drivers/STM32F0xx_HAL_Driver/Src/stm32f0xx_hal_rcc.c ****         /* Configure the main PLL clock source, predivider and multiplication factor. */
 693:Drivers/STM32F0xx_HAL_Driver/Src/stm32f0xx_hal_rcc.c ****         __HAL_RCC_PLL_CONFIG(RCC_OscInitStruct->PLL.PLLSource,
 694:Drivers/STM32F0xx_HAL_Driver/Src/stm32f0xx_hal_rcc.c ****                              RCC_OscInitStruct->PLL.PREDIV,
 695:Drivers/STM32F0xx_HAL_Driver/Src/stm32f0xx_hal_rcc.c ****                              RCC_OscInitStruct->PLL.PLLMUL);
 696:Drivers/STM32F0xx_HAL_Driver/Src/stm32f0xx_hal_rcc.c ****         /* Enable the main PLL. */
 697:Drivers/STM32F0xx_HAL_Driver/Src/stm32f0xx_hal_rcc.c ****         __HAL_RCC_PLL_ENABLE();
 698:Drivers/STM32F0xx_HAL_Driver/Src/stm32f0xx_hal_rcc.c ****         
 699:Drivers/STM32F0xx_HAL_Driver/Src/stm32f0xx_hal_rcc.c ****         /* Get Start Tick */
 700:Drivers/STM32F0xx_HAL_Driver/Src/stm32f0xx_hal_rcc.c ****         tickstart = HAL_GetTick();
 701:Drivers/STM32F0xx_HAL_Driver/Src/stm32f0xx_hal_rcc.c ****         
 702:Drivers/STM32F0xx_HAL_Driver/Src/stm32f0xx_hal_rcc.c ****         /* Wait till PLL is ready */
 703:Drivers/STM32F0xx_HAL_Driver/Src/stm32f0xx_hal_rcc.c ****         while(__HAL_RCC_GET_FLAG(RCC_FLAG_PLLRDY)  == RESET)
 704:Drivers/STM32F0xx_HAL_Driver/Src/stm32f0xx_hal_rcc.c ****         {
 705:Drivers/STM32F0xx_HAL_Driver/Src/stm32f0xx_hal_rcc.c ****           if((HAL_GetTick() - tickstart ) > PLL_TIMEOUT_VALUE)
 706:Drivers/STM32F0xx_HAL_Driver/Src/stm32f0xx_hal_rcc.c ****           {
 707:Drivers/STM32F0xx_HAL_Driver/Src/stm32f0xx_hal_rcc.c ****             return HAL_TIMEOUT;
 708:Drivers/STM32F0xx_HAL_Driver/Src/stm32f0xx_hal_rcc.c ****           }
 709:Drivers/STM32F0xx_HAL_Driver/Src/stm32f0xx_hal_rcc.c ****         }
 710:Drivers/STM32F0xx_HAL_Driver/Src/stm32f0xx_hal_rcc.c ****       }
 711:Drivers/STM32F0xx_HAL_Driver/Src/stm32f0xx_hal_rcc.c ****       else
 712:Drivers/STM32F0xx_HAL_Driver/Src/stm32f0xx_hal_rcc.c ****       {
 713:Drivers/STM32F0xx_HAL_Driver/Src/stm32f0xx_hal_rcc.c ****         /* Disable the main PLL. */
 714:Drivers/STM32F0xx_HAL_Driver/Src/stm32f0xx_hal_rcc.c ****         __HAL_RCC_PLL_DISABLE();
 715:Drivers/STM32F0xx_HAL_Driver/Src/stm32f0xx_hal_rcc.c ****  
 716:Drivers/STM32F0xx_HAL_Driver/Src/stm32f0xx_hal_rcc.c ****         /* Get Start Tick */
 717:Drivers/STM32F0xx_HAL_Driver/Src/stm32f0xx_hal_rcc.c ****         tickstart = HAL_GetTick();
 718:Drivers/STM32F0xx_HAL_Driver/Src/stm32f0xx_hal_rcc.c ****         
 719:Drivers/STM32F0xx_HAL_Driver/Src/stm32f0xx_hal_rcc.c ****         /* Wait till PLL is disabled */  
 720:Drivers/STM32F0xx_HAL_Driver/Src/stm32f0xx_hal_rcc.c ****         while(__HAL_RCC_GET_FLAG(RCC_FLAG_PLLRDY)  != RESET)
 721:Drivers/STM32F0xx_HAL_Driver/Src/stm32f0xx_hal_rcc.c ****         {
 722:Drivers/STM32F0xx_HAL_Driver/Src/stm32f0xx_hal_rcc.c ****           if((HAL_GetTick() - tickstart ) > PLL_TIMEOUT_VALUE)
 723:Drivers/STM32F0xx_HAL_Driver/Src/stm32f0xx_hal_rcc.c ****           {
 724:Drivers/STM32F0xx_HAL_Driver/Src/stm32f0xx_hal_rcc.c ****             return HAL_TIMEOUT;
 725:Drivers/STM32F0xx_HAL_Driver/Src/stm32f0xx_hal_rcc.c ****           }
 726:Drivers/STM32F0xx_HAL_Driver/Src/stm32f0xx_hal_rcc.c ****         }
 727:Drivers/STM32F0xx_HAL_Driver/Src/stm32f0xx_hal_rcc.c ****       }
 728:Drivers/STM32F0xx_HAL_Driver/Src/stm32f0xx_hal_rcc.c ****     }
 729:Drivers/STM32F0xx_HAL_Driver/Src/stm32f0xx_hal_rcc.c ****     else
 730:Drivers/STM32F0xx_HAL_Driver/Src/stm32f0xx_hal_rcc.c ****     {
 731:Drivers/STM32F0xx_HAL_Driver/Src/stm32f0xx_hal_rcc.c ****       /* Check if there is a request to disable the PLL used as System clock source */
 732:Drivers/STM32F0xx_HAL_Driver/Src/stm32f0xx_hal_rcc.c ****       if((RCC_OscInitStruct->PLL.PLLState) == RCC_PLL_OFF)
 733:Drivers/STM32F0xx_HAL_Driver/Src/stm32f0xx_hal_rcc.c ****       {
 734:Drivers/STM32F0xx_HAL_Driver/Src/stm32f0xx_hal_rcc.c ****         return HAL_ERROR;
 735:Drivers/STM32F0xx_HAL_Driver/Src/stm32f0xx_hal_rcc.c ****       }
 736:Drivers/STM32F0xx_HAL_Driver/Src/stm32f0xx_hal_rcc.c ****       else
 737:Drivers/STM32F0xx_HAL_Driver/Src/stm32f0xx_hal_rcc.c ****       {
ARM GAS  C:\msys64\tmp\ccinQ4cb.s 			page 25


 738:Drivers/STM32F0xx_HAL_Driver/Src/stm32f0xx_hal_rcc.c ****         /* Do not return HAL_ERROR if request repeats the current configuration */
 739:Drivers/STM32F0xx_HAL_Driver/Src/stm32f0xx_hal_rcc.c ****         pll_config  = RCC->CFGR;
 740:Drivers/STM32F0xx_HAL_Driver/Src/stm32f0xx_hal_rcc.c ****         pll_config2 = RCC->CFGR2;
 741:Drivers/STM32F0xx_HAL_Driver/Src/stm32f0xx_hal_rcc.c ****         if((READ_BIT(pll_config,  RCC_CFGR_PLLSRC)  != RCC_OscInitStruct->PLL.PLLSource) ||
 742:Drivers/STM32F0xx_HAL_Driver/Src/stm32f0xx_hal_rcc.c ****            (READ_BIT(pll_config2, RCC_CFGR2_PREDIV) != RCC_OscInitStruct->PLL.PREDIV)    ||
 743:Drivers/STM32F0xx_HAL_Driver/Src/stm32f0xx_hal_rcc.c ****            (READ_BIT(pll_config,  RCC_CFGR_PLLMUL)  != RCC_OscInitStruct->PLL.PLLMUL))
 744:Drivers/STM32F0xx_HAL_Driver/Src/stm32f0xx_hal_rcc.c ****         {
 745:Drivers/STM32F0xx_HAL_Driver/Src/stm32f0xx_hal_rcc.c ****           return HAL_ERROR;
 746:Drivers/STM32F0xx_HAL_Driver/Src/stm32f0xx_hal_rcc.c ****         }
 747:Drivers/STM32F0xx_HAL_Driver/Src/stm32f0xx_hal_rcc.c ****       }
 748:Drivers/STM32F0xx_HAL_Driver/Src/stm32f0xx_hal_rcc.c ****     }
 749:Drivers/STM32F0xx_HAL_Driver/Src/stm32f0xx_hal_rcc.c ****   }
 750:Drivers/STM32F0xx_HAL_Driver/Src/stm32f0xx_hal_rcc.c **** 
 751:Drivers/STM32F0xx_HAL_Driver/Src/stm32f0xx_hal_rcc.c ****   return HAL_OK;
 752:Drivers/STM32F0xx_HAL_Driver/Src/stm32f0xx_hal_rcc.c **** }
 552              		.loc 1 752 1 view .LVU162
 553 0174 02B0     		add	sp, sp, #8
 554              		@ sp needed
 555 0176 70BD     		pop	{r4, r5, r6, pc}
 556              	.LVL32:
 557              	.L95:
 409:Drivers/STM32F0xx_HAL_Driver/Src/stm32f0xx_hal_rcc.c ****       }
 558              		.loc 1 409 9 is_stmt 1 view .LVU163
 559 0178 5149     		ldr	r1, .L105
 560 017a 0B68     		ldr	r3, [r1]
 561 017c F822     		movs	r2, #248
 562 017e 9343     		bics	r3, r2
 563 0180 2269     		ldr	r2, [r4, #16]
 564 0182 D200     		lsls	r2, r2, #3
 565 0184 1343     		orrs	r3, r2
 566 0186 0B60     		str	r3, [r1]
 567 0188 DCE7     		b	.L34
 568              	.LVL33:
 569              	.L38:
 414:Drivers/STM32F0xx_HAL_Driver/Src/stm32f0xx_hal_rcc.c ****         
 570              		.loc 1 414 9 view .LVU164
 571 018a 4D4A     		ldr	r2, .L105
 572 018c 1368     		ldr	r3, [r2]
 573 018e 0121     		movs	r1, #1
 574 0190 8B43     		bics	r3, r1
 575 0192 1360     		str	r3, [r2]
 417:Drivers/STM32F0xx_HAL_Driver/Src/stm32f0xx_hal_rcc.c ****         
 576              		.loc 1 417 9 view .LVU165
 417:Drivers/STM32F0xx_HAL_Driver/Src/stm32f0xx_hal_rcc.c ****         
 577              		.loc 1 417 21 is_stmt 0 view .LVU166
 578 0194 FFF7FEFF 		bl	HAL_GetTick
 579              	.LVL34:
 580 0198 0500     		movs	r5, r0
 581              	.LVL35:
 420:Drivers/STM32F0xx_HAL_Driver/Src/stm32f0xx_hal_rcc.c ****         {
 582              		.loc 1 420 9 is_stmt 1 view .LVU167
 583              	.L41:
 420:Drivers/STM32F0xx_HAL_Driver/Src/stm32f0xx_hal_rcc.c ****         {
 584              		.loc 1 420 51 discriminator 1 view .LVU168
 420:Drivers/STM32F0xx_HAL_Driver/Src/stm32f0xx_hal_rcc.c ****         {
 585              		.loc 1 420 15 is_stmt 0 discriminator 1 view .LVU169
 586 019a 494B     		ldr	r3, .L105
ARM GAS  C:\msys64\tmp\ccinQ4cb.s 			page 26


 587 019c 1B68     		ldr	r3, [r3]
 420:Drivers/STM32F0xx_HAL_Driver/Src/stm32f0xx_hal_rcc.c ****         {
 588              		.loc 1 420 51 discriminator 1 view .LVU170
 589 019e 9B07     		lsls	r3, r3, #30
 590 01a0 D0D5     		bpl	.L34
 422:Drivers/STM32F0xx_HAL_Driver/Src/stm32f0xx_hal_rcc.c ****           {
 591              		.loc 1 422 11 is_stmt 1 view .LVU171
 422:Drivers/STM32F0xx_HAL_Driver/Src/stm32f0xx_hal_rcc.c ****           {
 592              		.loc 1 422 15 is_stmt 0 view .LVU172
 593 01a2 FFF7FEFF 		bl	HAL_GetTick
 594              	.LVL36:
 422:Drivers/STM32F0xx_HAL_Driver/Src/stm32f0xx_hal_rcc.c ****           {
 595              		.loc 1 422 29 discriminator 1 view .LVU173
 596 01a6 401B     		subs	r0, r0, r5
 422:Drivers/STM32F0xx_HAL_Driver/Src/stm32f0xx_hal_rcc.c ****           {
 597              		.loc 1 422 13 discriminator 1 view .LVU174
 598 01a8 0228     		cmp	r0, #2
 599 01aa F6D9     		bls	.L41
 600 01ac E1E7     		b	.L32
 601              	.LVL37:
 602              	.L44:
 457:Drivers/STM32F0xx_HAL_Driver/Src/stm32f0xx_hal_rcc.c ****       
 603              		.loc 1 457 7 is_stmt 1 view .LVU175
 604 01ae 444A     		ldr	r2, .L105
 605 01b0 536A     		ldr	r3, [r2, #36]
 606 01b2 0121     		movs	r1, #1
 607 01b4 8B43     		bics	r3, r1
 608 01b6 5362     		str	r3, [r2, #36]
 460:Drivers/STM32F0xx_HAL_Driver/Src/stm32f0xx_hal_rcc.c ****       
 609              		.loc 1 460 7 view .LVU176
 460:Drivers/STM32F0xx_HAL_Driver/Src/stm32f0xx_hal_rcc.c ****       
 610              		.loc 1 460 19 is_stmt 0 view .LVU177
 611 01b8 FFF7FEFF 		bl	HAL_GetTick
 612              	.LVL38:
 613 01bc 0500     		movs	r5, r0
 614              	.LVL39:
 463:Drivers/STM32F0xx_HAL_Driver/Src/stm32f0xx_hal_rcc.c ****       {
 615              		.loc 1 463 7 is_stmt 1 view .LVU178
 616              	.L47:
 463:Drivers/STM32F0xx_HAL_Driver/Src/stm32f0xx_hal_rcc.c ****       {
 617              		.loc 1 463 49 discriminator 1 view .LVU179
 463:Drivers/STM32F0xx_HAL_Driver/Src/stm32f0xx_hal_rcc.c ****       {
 618              		.loc 1 463 13 is_stmt 0 discriminator 1 view .LVU180
 619 01be 404B     		ldr	r3, .L105
 620 01c0 5B6A     		ldr	r3, [r3, #36]
 463:Drivers/STM32F0xx_HAL_Driver/Src/stm32f0xx_hal_rcc.c ****       {
 621              		.loc 1 463 49 discriminator 1 view .LVU181
 622 01c2 9B07     		lsls	r3, r3, #30
 623 01c4 05D5     		bpl	.L43
 465:Drivers/STM32F0xx_HAL_Driver/Src/stm32f0xx_hal_rcc.c ****         {
 624              		.loc 1 465 9 is_stmt 1 view .LVU182
 465:Drivers/STM32F0xx_HAL_Driver/Src/stm32f0xx_hal_rcc.c ****         {
 625              		.loc 1 465 13 is_stmt 0 view .LVU183
 626 01c6 FFF7FEFF 		bl	HAL_GetTick
 627              	.LVL40:
 465:Drivers/STM32F0xx_HAL_Driver/Src/stm32f0xx_hal_rcc.c ****         {
 628              		.loc 1 465 27 discriminator 1 view .LVU184
ARM GAS  C:\msys64\tmp\ccinQ4cb.s 			page 27


 629 01ca 401B     		subs	r0, r0, r5
 465:Drivers/STM32F0xx_HAL_Driver/Src/stm32f0xx_hal_rcc.c ****         {
 630              		.loc 1 465 11 discriminator 1 view .LVU185
 631 01cc 0228     		cmp	r0, #2
 632 01ce F6D9     		bls	.L47
 633 01d0 CFE7     		b	.L32
 634              	.LVL41:
 635              	.L43:
 473:Drivers/STM32F0xx_HAL_Driver/Src/stm32f0xx_hal_rcc.c ****   {
 636              		.loc 1 473 3 is_stmt 1 view .LVU186
 473:Drivers/STM32F0xx_HAL_Driver/Src/stm32f0xx_hal_rcc.c ****   {
 637              		.loc 1 473 25 is_stmt 0 view .LVU187
 638 01d2 2368     		ldr	r3, [r4]
 473:Drivers/STM32F0xx_HAL_Driver/Src/stm32f0xx_hal_rcc.c ****   {
 639              		.loc 1 473 5 view .LVU188
 640 01d4 5B07     		lsls	r3, r3, #29
 641 01d6 00D4     		bmi	.LCB603
 642 01d8 7EE0     		b	.L49	@long jump
 643              	.LCB603:
 644              	.LBB2:
 475:Drivers/STM32F0xx_HAL_Driver/Src/stm32f0xx_hal_rcc.c ****     
 645              		.loc 1 475 5 is_stmt 1 view .LVU189
 646              	.LVL42:
 478:Drivers/STM32F0xx_HAL_Driver/Src/stm32f0xx_hal_rcc.c **** 
 647              		.loc 1 478 5 view .LVU190
 482:Drivers/STM32F0xx_HAL_Driver/Src/stm32f0xx_hal_rcc.c ****     {
 648              		.loc 1 482 5 view .LVU191
 482:Drivers/STM32F0xx_HAL_Driver/Src/stm32f0xx_hal_rcc.c ****     {
 649              		.loc 1 482 8 is_stmt 0 view .LVU192
 650 01da 394B     		ldr	r3, .L105
 651 01dc DB69     		ldr	r3, [r3, #28]
 482:Drivers/STM32F0xx_HAL_Driver/Src/stm32f0xx_hal_rcc.c ****     {
 652              		.loc 1 482 7 view .LVU193
 653 01de DB00     		lsls	r3, r3, #3
 654 01e0 1ED4     		bmi	.L80
 484:Drivers/STM32F0xx_HAL_Driver/Src/stm32f0xx_hal_rcc.c ****       pwrclkchanged = SET;
 655              		.loc 1 484 7 is_stmt 1 view .LVU194
 656              	.LBB3:
 484:Drivers/STM32F0xx_HAL_Driver/Src/stm32f0xx_hal_rcc.c ****       pwrclkchanged = SET;
 657              		.loc 1 484 7 view .LVU195
 484:Drivers/STM32F0xx_HAL_Driver/Src/stm32f0xx_hal_rcc.c ****       pwrclkchanged = SET;
 658              		.loc 1 484 7 view .LVU196
 659 01e2 374B     		ldr	r3, .L105
 660 01e4 DA69     		ldr	r2, [r3, #28]
 661 01e6 8021     		movs	r1, #128
 662 01e8 4905     		lsls	r1, r1, #21
 663 01ea 0A43     		orrs	r2, r1
 664 01ec DA61     		str	r2, [r3, #28]
 484:Drivers/STM32F0xx_HAL_Driver/Src/stm32f0xx_hal_rcc.c ****       pwrclkchanged = SET;
 665              		.loc 1 484 7 view .LVU197
 666 01ee DB69     		ldr	r3, [r3, #28]
 667 01f0 0B40     		ands	r3, r1
 668 01f2 0193     		str	r3, [sp, #4]
 484:Drivers/STM32F0xx_HAL_Driver/Src/stm32f0xx_hal_rcc.c ****       pwrclkchanged = SET;
 669              		.loc 1 484 7 view .LVU198
 670 01f4 019B     		ldr	r3, [sp, #4]
 671              	.LBE3:
ARM GAS  C:\msys64\tmp\ccinQ4cb.s 			page 28


 484:Drivers/STM32F0xx_HAL_Driver/Src/stm32f0xx_hal_rcc.c ****       pwrclkchanged = SET;
 672              		.loc 1 484 7 view .LVU199
 485:Drivers/STM32F0xx_HAL_Driver/Src/stm32f0xx_hal_rcc.c ****     }
 673              		.loc 1 485 7 view .LVU200
 674              	.LVL43:
 485:Drivers/STM32F0xx_HAL_Driver/Src/stm32f0xx_hal_rcc.c ****     }
 675              		.loc 1 485 21 is_stmt 0 view .LVU201
 676 01f6 0123     		movs	r3, #1
 677 01f8 1E00     		movs	r6, r3
 678              	.LVL44:
 679              	.L50:
 488:Drivers/STM32F0xx_HAL_Driver/Src/stm32f0xx_hal_rcc.c ****     {
 680              		.loc 1 488 5 is_stmt 1 view .LVU202
 488:Drivers/STM32F0xx_HAL_Driver/Src/stm32f0xx_hal_rcc.c ****     {
 681              		.loc 1 488 8 is_stmt 0 view .LVU203
 682 01fa 344B     		ldr	r3, .L105+12
 683 01fc 1B68     		ldr	r3, [r3]
 488:Drivers/STM32F0xx_HAL_Driver/Src/stm32f0xx_hal_rcc.c ****     {
 684              		.loc 1 488 7 view .LVU204
 685 01fe DB05     		lsls	r3, r3, #23
 686 0200 11D5     		bpl	.L97
 687              	.L51:
 506:Drivers/STM32F0xx_HAL_Driver/Src/stm32f0xx_hal_rcc.c ****     /* Check the LSE State */
 688              		.loc 1 506 5 is_stmt 1 view .LVU205
 506:Drivers/STM32F0xx_HAL_Driver/Src/stm32f0xx_hal_rcc.c ****     /* Check the LSE State */
 689              		.loc 1 506 5 view .LVU206
 690 0202 A368     		ldr	r3, [r4, #8]
 691 0204 012B     		cmp	r3, #1
 692 0206 21D0     		beq	.L98
 506:Drivers/STM32F0xx_HAL_Driver/Src/stm32f0xx_hal_rcc.c ****     /* Check the LSE State */
 693              		.loc 1 506 5 discriminator 2 view .LVU207
 694 0208 002B     		cmp	r3, #0
 695 020a 35D1     		bne	.L56
 506:Drivers/STM32F0xx_HAL_Driver/Src/stm32f0xx_hal_rcc.c ****     /* Check the LSE State */
 696              		.loc 1 506 5 discriminator 3 view .LVU208
 697 020c 2C4B     		ldr	r3, .L105
 698 020e 1A6A     		ldr	r2, [r3, #32]
 699 0210 0121     		movs	r1, #1
 700 0212 8A43     		bics	r2, r1
 701 0214 1A62     		str	r2, [r3, #32]
 506:Drivers/STM32F0xx_HAL_Driver/Src/stm32f0xx_hal_rcc.c ****     /* Check the LSE State */
 702              		.loc 1 506 5 discriminator 3 view .LVU209
 703 0216 1A6A     		ldr	r2, [r3, #32]
 704 0218 0331     		adds	r1, r1, #3
 705 021a 8A43     		bics	r2, r1
 706 021c 1A62     		str	r2, [r3, #32]
 707 021e 1AE0     		b	.L55
 708              	.LVL45:
 709              	.L80:
 475:Drivers/STM32F0xx_HAL_Driver/Src/stm32f0xx_hal_rcc.c ****     
 710              		.loc 1 475 22 is_stmt 0 view .LVU210
 711 0220 0023     		movs	r3, #0
 712 0222 1E00     		movs	r6, r3
 713 0224 E9E7     		b	.L50
 714              	.LVL46:
 715              	.L97:
 491:Drivers/STM32F0xx_HAL_Driver/Src/stm32f0xx_hal_rcc.c ****       
ARM GAS  C:\msys64\tmp\ccinQ4cb.s 			page 29


 716              		.loc 1 491 7 is_stmt 1 view .LVU211
 717 0226 294A     		ldr	r2, .L105+12
 718 0228 1168     		ldr	r1, [r2]
 719 022a 8023     		movs	r3, #128
 720 022c 5B00     		lsls	r3, r3, #1
 721 022e 0B43     		orrs	r3, r1
 722 0230 1360     		str	r3, [r2]
 494:Drivers/STM32F0xx_HAL_Driver/Src/stm32f0xx_hal_rcc.c **** 
 723              		.loc 1 494 7 view .LVU212
 494:Drivers/STM32F0xx_HAL_Driver/Src/stm32f0xx_hal_rcc.c **** 
 724              		.loc 1 494 19 is_stmt 0 view .LVU213
 725 0232 FFF7FEFF 		bl	HAL_GetTick
 726              	.LVL47:
 727 0236 0500     		movs	r5, r0
 728              	.LVL48:
 496:Drivers/STM32F0xx_HAL_Driver/Src/stm32f0xx_hal_rcc.c ****       {
 729              		.loc 1 496 7 is_stmt 1 view .LVU214
 730              	.L52:
 496:Drivers/STM32F0xx_HAL_Driver/Src/stm32f0xx_hal_rcc.c ****       {
 731              		.loc 1 496 13 discriminator 1 view .LVU215
 732 0238 244B     		ldr	r3, .L105+12
 733 023a 1B68     		ldr	r3, [r3]
 734 023c DB05     		lsls	r3, r3, #23
 735 023e E0D4     		bmi	.L51
 498:Drivers/STM32F0xx_HAL_Driver/Src/stm32f0xx_hal_rcc.c ****         {
 736              		.loc 1 498 9 view .LVU216
 498:Drivers/STM32F0xx_HAL_Driver/Src/stm32f0xx_hal_rcc.c ****         {
 737              		.loc 1 498 13 is_stmt 0 view .LVU217
 738 0240 FFF7FEFF 		bl	HAL_GetTick
 739              	.LVL49:
 498:Drivers/STM32F0xx_HAL_Driver/Src/stm32f0xx_hal_rcc.c ****         {
 740              		.loc 1 498 27 discriminator 1 view .LVU218
 741 0244 401B     		subs	r0, r0, r5
 498:Drivers/STM32F0xx_HAL_Driver/Src/stm32f0xx_hal_rcc.c ****         {
 742              		.loc 1 498 11 discriminator 1 view .LVU219
 743 0246 6428     		cmp	r0, #100
 744 0248 F6D9     		bls	.L52
 745 024a 92E7     		b	.L32
 746              	.LVL50:
 747              	.L98:
 506:Drivers/STM32F0xx_HAL_Driver/Src/stm32f0xx_hal_rcc.c ****     /* Check the LSE State */
 748              		.loc 1 506 5 is_stmt 1 discriminator 1 view .LVU220
 749 024c 1C4A     		ldr	r2, .L105
 750 024e 136A     		ldr	r3, [r2, #32]
 751 0250 0121     		movs	r1, #1
 752 0252 0B43     		orrs	r3, r1
 753 0254 1362     		str	r3, [r2, #32]
 754              	.L55:
 506:Drivers/STM32F0xx_HAL_Driver/Src/stm32f0xx_hal_rcc.c ****     /* Check the LSE State */
 755              		.loc 1 506 5 discriminator 7 view .LVU221
 508:Drivers/STM32F0xx_HAL_Driver/Src/stm32f0xx_hal_rcc.c ****     {
 756              		.loc 1 508 5 view .LVU222
 508:Drivers/STM32F0xx_HAL_Driver/Src/stm32f0xx_hal_rcc.c ****     {
 757              		.loc 1 508 25 is_stmt 0 view .LVU223
 758 0256 A368     		ldr	r3, [r4, #8]
 508:Drivers/STM32F0xx_HAL_Driver/Src/stm32f0xx_hal_rcc.c ****     {
 759              		.loc 1 508 7 view .LVU224
ARM GAS  C:\msys64\tmp\ccinQ4cb.s 			page 30


 760 0258 002B     		cmp	r3, #0
 761 025a 23D0     		beq	.L58
 511:Drivers/STM32F0xx_HAL_Driver/Src/stm32f0xx_hal_rcc.c ****       
 762              		.loc 1 511 7 is_stmt 1 view .LVU225
 511:Drivers/STM32F0xx_HAL_Driver/Src/stm32f0xx_hal_rcc.c ****       
 763              		.loc 1 511 19 is_stmt 0 view .LVU226
 764 025c FFF7FEFF 		bl	HAL_GetTick
 765              	.LVL51:
 766 0260 0500     		movs	r5, r0
 767              	.LVL52:
 514:Drivers/STM32F0xx_HAL_Driver/Src/stm32f0xx_hal_rcc.c ****       {
 768              		.loc 1 514 7 is_stmt 1 view .LVU227
 769              	.L59:
 514:Drivers/STM32F0xx_HAL_Driver/Src/stm32f0xx_hal_rcc.c ****       {
 770              		.loc 1 514 49 discriminator 1 view .LVU228
 514:Drivers/STM32F0xx_HAL_Driver/Src/stm32f0xx_hal_rcc.c ****       {
 771              		.loc 1 514 13 is_stmt 0 discriminator 1 view .LVU229
 772 0262 174B     		ldr	r3, .L105
 773 0264 1B6A     		ldr	r3, [r3, #32]
 514:Drivers/STM32F0xx_HAL_Driver/Src/stm32f0xx_hal_rcc.c ****       {
 774              		.loc 1 514 49 discriminator 1 view .LVU230
 775 0266 9B07     		lsls	r3, r3, #30
 776 0268 34D4     		bmi	.L61
 516:Drivers/STM32F0xx_HAL_Driver/Src/stm32f0xx_hal_rcc.c ****         {
 777              		.loc 1 516 9 is_stmt 1 view .LVU231
 516:Drivers/STM32F0xx_HAL_Driver/Src/stm32f0xx_hal_rcc.c ****         {
 778              		.loc 1 516 13 is_stmt 0 view .LVU232
 779 026a FFF7FEFF 		bl	HAL_GetTick
 780              	.LVL53:
 516:Drivers/STM32F0xx_HAL_Driver/Src/stm32f0xx_hal_rcc.c ****         {
 781              		.loc 1 516 27 discriminator 1 view .LVU233
 782 026e 401B     		subs	r0, r0, r5
 516:Drivers/STM32F0xx_HAL_Driver/Src/stm32f0xx_hal_rcc.c ****         {
 783              		.loc 1 516 11 discriminator 1 view .LVU234
 784 0270 174B     		ldr	r3, .L105+16
 785 0272 9842     		cmp	r0, r3
 786 0274 F5D9     		bls	.L59
 787 0276 7CE7     		b	.L32
 788              	.LVL54:
 789              	.L56:
 506:Drivers/STM32F0xx_HAL_Driver/Src/stm32f0xx_hal_rcc.c ****     /* Check the LSE State */
 790              		.loc 1 506 5 is_stmt 1 discriminator 4 view .LVU235
 791 0278 052B     		cmp	r3, #5
 792 027a 09D0     		beq	.L99
 506:Drivers/STM32F0xx_HAL_Driver/Src/stm32f0xx_hal_rcc.c ****     /* Check the LSE State */
 793              		.loc 1 506 5 discriminator 6 view .LVU236
 794 027c 104B     		ldr	r3, .L105
 795 027e 1A6A     		ldr	r2, [r3, #32]
 796 0280 0121     		movs	r1, #1
 797 0282 8A43     		bics	r2, r1
 798 0284 1A62     		str	r2, [r3, #32]
 506:Drivers/STM32F0xx_HAL_Driver/Src/stm32f0xx_hal_rcc.c ****     /* Check the LSE State */
 799              		.loc 1 506 5 discriminator 6 view .LVU237
 800 0286 1A6A     		ldr	r2, [r3, #32]
 801 0288 0331     		adds	r1, r1, #3
 802 028a 8A43     		bics	r2, r1
 803 028c 1A62     		str	r2, [r3, #32]
ARM GAS  C:\msys64\tmp\ccinQ4cb.s 			page 31


 804 028e E2E7     		b	.L55
 805              	.L99:
 506:Drivers/STM32F0xx_HAL_Driver/Src/stm32f0xx_hal_rcc.c ****     /* Check the LSE State */
 806              		.loc 1 506 5 discriminator 5 view .LVU238
 807 0290 0B4B     		ldr	r3, .L105
 808 0292 1A6A     		ldr	r2, [r3, #32]
 809 0294 0421     		movs	r1, #4
 810 0296 0A43     		orrs	r2, r1
 811 0298 1A62     		str	r2, [r3, #32]
 506:Drivers/STM32F0xx_HAL_Driver/Src/stm32f0xx_hal_rcc.c ****     /* Check the LSE State */
 812              		.loc 1 506 5 discriminator 5 view .LVU239
 813 029a 1A6A     		ldr	r2, [r3, #32]
 814 029c 0339     		subs	r1, r1, #3
 815 029e 0A43     		orrs	r2, r1
 816 02a0 1A62     		str	r2, [r3, #32]
 817 02a2 D8E7     		b	.L55
 818              	.L58:
 525:Drivers/STM32F0xx_HAL_Driver/Src/stm32f0xx_hal_rcc.c ****       
 819              		.loc 1 525 7 view .LVU240
 525:Drivers/STM32F0xx_HAL_Driver/Src/stm32f0xx_hal_rcc.c ****       
 820              		.loc 1 525 19 is_stmt 0 view .LVU241
 821 02a4 FFF7FEFF 		bl	HAL_GetTick
 822              	.LVL55:
 823 02a8 0500     		movs	r5, r0
 824              	.LVL56:
 528:Drivers/STM32F0xx_HAL_Driver/Src/stm32f0xx_hal_rcc.c ****       {
 825              		.loc 1 528 7 is_stmt 1 view .LVU242
 826              	.L62:
 528:Drivers/STM32F0xx_HAL_Driver/Src/stm32f0xx_hal_rcc.c ****       {
 827              		.loc 1 528 49 discriminator 1 view .LVU243
 528:Drivers/STM32F0xx_HAL_Driver/Src/stm32f0xx_hal_rcc.c ****       {
 828              		.loc 1 528 13 is_stmt 0 discriminator 1 view .LVU244
 829 02aa 054B     		ldr	r3, .L105
 830 02ac 1B6A     		ldr	r3, [r3, #32]
 528:Drivers/STM32F0xx_HAL_Driver/Src/stm32f0xx_hal_rcc.c ****       {
 831              		.loc 1 528 49 discriminator 1 view .LVU245
 832 02ae 9B07     		lsls	r3, r3, #30
 833 02b0 10D5     		bpl	.L61
 530:Drivers/STM32F0xx_HAL_Driver/Src/stm32f0xx_hal_rcc.c ****         {
 834              		.loc 1 530 9 is_stmt 1 view .LVU246
 530:Drivers/STM32F0xx_HAL_Driver/Src/stm32f0xx_hal_rcc.c ****         {
 835              		.loc 1 530 13 is_stmt 0 view .LVU247
 836 02b2 FFF7FEFF 		bl	HAL_GetTick
 837              	.LVL57:
 530:Drivers/STM32F0xx_HAL_Driver/Src/stm32f0xx_hal_rcc.c ****         {
 838              		.loc 1 530 27 discriminator 1 view .LVU248
 839 02b6 401B     		subs	r0, r0, r5
 530:Drivers/STM32F0xx_HAL_Driver/Src/stm32f0xx_hal_rcc.c ****         {
 840              		.loc 1 530 11 discriminator 1 view .LVU249
 841 02b8 054B     		ldr	r3, .L105+16
 842 02ba 9842     		cmp	r0, r3
 843 02bc F5D9     		bls	.L62
 844 02be 58E7     		b	.L32
 845              	.L106:
 846              		.align	2
 847              	.L105:
 848 02c0 00100240 		.word	1073876992
ARM GAS  C:\msys64\tmp\ccinQ4cb.s 			page 32


 849 02c4 FFFFFEFF 		.word	-65537
 850 02c8 FFFFFBFF 		.word	-262145
 851 02cc 00700040 		.word	1073770496
 852 02d0 88130000 		.word	5000
 853              	.L61:
 538:Drivers/STM32F0xx_HAL_Driver/Src/stm32f0xx_hal_rcc.c ****     {
 854              		.loc 1 538 5 is_stmt 1 view .LVU250
 538:Drivers/STM32F0xx_HAL_Driver/Src/stm32f0xx_hal_rcc.c ****     {
 855              		.loc 1 538 7 is_stmt 0 view .LVU251
 856 02d4 012E     		cmp	r6, #1
 857 02d6 32D0     		beq	.L100
 858              	.LVL58:
 859              	.L49:
 538:Drivers/STM32F0xx_HAL_Driver/Src/stm32f0xx_hal_rcc.c ****     {
 860              		.loc 1 538 7 view .LVU252
 861              	.LBE2:
 545:Drivers/STM32F0xx_HAL_Driver/Src/stm32f0xx_hal_rcc.c ****   {
 862              		.loc 1 545 3 is_stmt 1 view .LVU253
 545:Drivers/STM32F0xx_HAL_Driver/Src/stm32f0xx_hal_rcc.c ****   {
 863              		.loc 1 545 25 is_stmt 0 view .LVU254
 864 02d8 2368     		ldr	r3, [r4]
 545:Drivers/STM32F0xx_HAL_Driver/Src/stm32f0xx_hal_rcc.c ****   {
 865              		.loc 1 545 5 view .LVU255
 866 02da DB06     		lsls	r3, r3, #27
 867 02dc 10D5     		bpl	.L64
 548:Drivers/STM32F0xx_HAL_Driver/Src/stm32f0xx_hal_rcc.c ****     assert_param(IS_RCC_CALIBRATION_VALUE(RCC_OscInitStruct->HSI14CalibrationValue));
 868              		.loc 1 548 5 is_stmt 1 view .LVU256
 549:Drivers/STM32F0xx_HAL_Driver/Src/stm32f0xx_hal_rcc.c **** 
 869              		.loc 1 549 5 view .LVU257
 552:Drivers/STM32F0xx_HAL_Driver/Src/stm32f0xx_hal_rcc.c ****     {
 870              		.loc 1 552 5 view .LVU258
 552:Drivers/STM32F0xx_HAL_Driver/Src/stm32f0xx_hal_rcc.c ****     {
 871              		.loc 1 552 25 is_stmt 0 view .LVU259
 872 02de 6369     		ldr	r3, [r4, #20]
 552:Drivers/STM32F0xx_HAL_Driver/Src/stm32f0xx_hal_rcc.c ****     {
 873              		.loc 1 552 7 view .LVU260
 874 02e0 012B     		cmp	r3, #1
 875 02e2 32D0     		beq	.L101
 575:Drivers/STM32F0xx_HAL_Driver/Src/stm32f0xx_hal_rcc.c ****     {
 876              		.loc 1 575 10 is_stmt 1 view .LVU261
 575:Drivers/STM32F0xx_HAL_Driver/Src/stm32f0xx_hal_rcc.c ****     {
 877              		.loc 1 575 12 is_stmt 0 view .LVU262
 878 02e4 0533     		adds	r3, r3, #5
 879 02e6 4FD1     		bne	.L68
 578:Drivers/STM32F0xx_HAL_Driver/Src/stm32f0xx_hal_rcc.c **** 
 880              		.loc 1 578 7 is_stmt 1 view .LVU263
 881 02e8 5B4A     		ldr	r2, .L107
 882 02ea 536B     		ldr	r3, [r2, #52]
 883 02ec 0421     		movs	r1, #4
 884 02ee 8B43     		bics	r3, r1
 885 02f0 5363     		str	r3, [r2, #52]
 581:Drivers/STM32F0xx_HAL_Driver/Src/stm32f0xx_hal_rcc.c ****     }
 886              		.loc 1 581 7 view .LVU264
 887 02f2 536B     		ldr	r3, [r2, #52]
 888 02f4 F431     		adds	r1, r1, #244
 889 02f6 8B43     		bics	r3, r1
 890 02f8 A169     		ldr	r1, [r4, #24]
ARM GAS  C:\msys64\tmp\ccinQ4cb.s 			page 33


 891 02fa C900     		lsls	r1, r1, #3
 892 02fc 0B43     		orrs	r3, r1
 893 02fe 5363     		str	r3, [r2, #52]
 894              	.L64:
 664:Drivers/STM32F0xx_HAL_Driver/Src/stm32f0xx_hal_rcc.c ****   if ((RCC_OscInitStruct->PLL.PLLState) != RCC_PLL_NONE)
 895              		.loc 1 664 3 view .LVU265
 665:Drivers/STM32F0xx_HAL_Driver/Src/stm32f0xx_hal_rcc.c ****   {
 896              		.loc 1 665 3 view .LVU266
 665:Drivers/STM32F0xx_HAL_Driver/Src/stm32f0xx_hal_rcc.c ****   {
 897              		.loc 1 665 30 is_stmt 0 view .LVU267
 898 0300 236A     		ldr	r3, [r4, #32]
 665:Drivers/STM32F0xx_HAL_Driver/Src/stm32f0xx_hal_rcc.c ****   {
 899              		.loc 1 665 6 view .LVU268
 900 0302 002B     		cmp	r3, #0
 901 0304 00D1     		bne	.LCB870
 902 0306 88E0     		b	.L71	@long jump
 903              	.LCB870:
 668:Drivers/STM32F0xx_HAL_Driver/Src/stm32f0xx_hal_rcc.c ****     { 
 904              		.loc 1 668 5 is_stmt 1 view .LVU269
 668:Drivers/STM32F0xx_HAL_Driver/Src/stm32f0xx_hal_rcc.c ****     { 
 905              		.loc 1 668 8 is_stmt 0 view .LVU270
 906 0308 534A     		ldr	r2, .L107
 907 030a 5168     		ldr	r1, [r2, #4]
 908 030c 0C22     		movs	r2, #12
 909 030e 0A40     		ands	r2, r1
 668:Drivers/STM32F0xx_HAL_Driver/Src/stm32f0xx_hal_rcc.c ****     { 
 910              		.loc 1 668 7 view .LVU271
 911 0310 082A     		cmp	r2, #8
 912 0312 00D1     		bne	.LCB877
 913 0314 83E0     		b	.L72	@long jump
 914              	.LCB877:
 670:Drivers/STM32F0xx_HAL_Driver/Src/stm32f0xx_hal_rcc.c ****       {
 915              		.loc 1 670 7 is_stmt 1 view .LVU272
 670:Drivers/STM32F0xx_HAL_Driver/Src/stm32f0xx_hal_rcc.c ****       {
 916              		.loc 1 670 9 is_stmt 0 view .LVU273
 917 0316 022B     		cmp	r3, #2
 918 0318 4CD0     		beq	.L102
 714:Drivers/STM32F0xx_HAL_Driver/Src/stm32f0xx_hal_rcc.c ****  
 919              		.loc 1 714 9 is_stmt 1 view .LVU274
 920 031a 4F4A     		ldr	r2, .L107
 921 031c 1368     		ldr	r3, [r2]
 922 031e 4F49     		ldr	r1, .L107+4
 923 0320 0B40     		ands	r3, r1
 924 0322 1360     		str	r3, [r2]
 717:Drivers/STM32F0xx_HAL_Driver/Src/stm32f0xx_hal_rcc.c ****         
 925              		.loc 1 717 9 view .LVU275
 717:Drivers/STM32F0xx_HAL_Driver/Src/stm32f0xx_hal_rcc.c ****         
 926              		.loc 1 717 21 is_stmt 0 view .LVU276
 927 0324 FFF7FEFF 		bl	HAL_GetTick
 928              	.LVL59:
 929 0328 0400     		movs	r4, r0
 930              	.LVL60:
 720:Drivers/STM32F0xx_HAL_Driver/Src/stm32f0xx_hal_rcc.c ****         {
 931              		.loc 1 720 9 is_stmt 1 view .LVU277
 932              	.L78:
 720:Drivers/STM32F0xx_HAL_Driver/Src/stm32f0xx_hal_rcc.c ****         {
 933              		.loc 1 720 52 discriminator 1 view .LVU278
ARM GAS  C:\msys64\tmp\ccinQ4cb.s 			page 34


 720:Drivers/STM32F0xx_HAL_Driver/Src/stm32f0xx_hal_rcc.c ****         {
 934              		.loc 1 720 15 is_stmt 0 discriminator 1 view .LVU279
 935 032a 4B4B     		ldr	r3, .L107
 936 032c 1B68     		ldr	r3, [r3]
 720:Drivers/STM32F0xx_HAL_Driver/Src/stm32f0xx_hal_rcc.c ****         {
 937              		.loc 1 720 52 discriminator 1 view .LVU280
 938 032e 9B01     		lsls	r3, r3, #6
 939 0330 73D5     		bpl	.L71
 722:Drivers/STM32F0xx_HAL_Driver/Src/stm32f0xx_hal_rcc.c ****           {
 940              		.loc 1 722 11 is_stmt 1 view .LVU281
 722:Drivers/STM32F0xx_HAL_Driver/Src/stm32f0xx_hal_rcc.c ****           {
 941              		.loc 1 722 15 is_stmt 0 view .LVU282
 942 0332 FFF7FEFF 		bl	HAL_GetTick
 943              	.LVL61:
 722:Drivers/STM32F0xx_HAL_Driver/Src/stm32f0xx_hal_rcc.c ****           {
 944              		.loc 1 722 29 discriminator 1 view .LVU283
 945 0336 001B     		subs	r0, r0, r4
 722:Drivers/STM32F0xx_HAL_Driver/Src/stm32f0xx_hal_rcc.c ****           {
 946              		.loc 1 722 13 discriminator 1 view .LVU284
 947 0338 0228     		cmp	r0, #2
 948 033a F6D9     		bls	.L78
 949 033c 19E7     		b	.L32
 950              	.LVL62:
 951              	.L100:
 952              	.LBB4:
 540:Drivers/STM32F0xx_HAL_Driver/Src/stm32f0xx_hal_rcc.c ****     }
 953              		.loc 1 540 7 is_stmt 1 view .LVU285
 954 033e 464A     		ldr	r2, .L107
 955 0340 D369     		ldr	r3, [r2, #28]
 956 0342 4749     		ldr	r1, .L107+8
 957 0344 0B40     		ands	r3, r1
 958 0346 D361     		str	r3, [r2, #28]
 959 0348 C6E7     		b	.L49
 960              	.LVL63:
 961              	.L101:
 540:Drivers/STM32F0xx_HAL_Driver/Src/stm32f0xx_hal_rcc.c ****     }
 962              		.loc 1 540 7 is_stmt 0 view .LVU286
 963              	.LBE4:
 555:Drivers/STM32F0xx_HAL_Driver/Src/stm32f0xx_hal_rcc.c **** 
 964              		.loc 1 555 7 is_stmt 1 view .LVU287
 965 034a 434B     		ldr	r3, .L107
 966 034c 5A6B     		ldr	r2, [r3, #52]
 967 034e 0421     		movs	r1, #4
 968 0350 0A43     		orrs	r2, r1
 969 0352 5A63     		str	r2, [r3, #52]
 558:Drivers/STM32F0xx_HAL_Driver/Src/stm32f0xx_hal_rcc.c **** 
 970              		.loc 1 558 7 view .LVU288
 971 0354 5A6B     		ldr	r2, [r3, #52]
 972 0356 0339     		subs	r1, r1, #3
 973 0358 0A43     		orrs	r2, r1
 974 035a 5A63     		str	r2, [r3, #52]
 561:Drivers/STM32F0xx_HAL_Driver/Src/stm32f0xx_hal_rcc.c ****       
 975              		.loc 1 561 7 view .LVU289
 561:Drivers/STM32F0xx_HAL_Driver/Src/stm32f0xx_hal_rcc.c ****       
 976              		.loc 1 561 19 is_stmt 0 view .LVU290
 977 035c FFF7FEFF 		bl	HAL_GetTick
 978              	.LVL64:
ARM GAS  C:\msys64\tmp\ccinQ4cb.s 			page 35


 979 0360 0500     		movs	r5, r0
 980              	.LVL65:
 564:Drivers/STM32F0xx_HAL_Driver/Src/stm32f0xx_hal_rcc.c ****       {
 981              		.loc 1 564 7 is_stmt 1 view .LVU291
 982              	.L66:
 564:Drivers/STM32F0xx_HAL_Driver/Src/stm32f0xx_hal_rcc.c ****       {
 983              		.loc 1 564 51 discriminator 1 view .LVU292
 564:Drivers/STM32F0xx_HAL_Driver/Src/stm32f0xx_hal_rcc.c ****       {
 984              		.loc 1 564 13 is_stmt 0 discriminator 1 view .LVU293
 985 0362 3D4B     		ldr	r3, .L107
 986 0364 5B6B     		ldr	r3, [r3, #52]
 564:Drivers/STM32F0xx_HAL_Driver/Src/stm32f0xx_hal_rcc.c ****       {
 987              		.loc 1 564 51 discriminator 1 view .LVU294
 988 0366 9B07     		lsls	r3, r3, #30
 989 0368 05D4     		bmi	.L103
 566:Drivers/STM32F0xx_HAL_Driver/Src/stm32f0xx_hal_rcc.c ****         {
 990              		.loc 1 566 9 is_stmt 1 view .LVU295
 566:Drivers/STM32F0xx_HAL_Driver/Src/stm32f0xx_hal_rcc.c ****         {
 991              		.loc 1 566 13 is_stmt 0 view .LVU296
 992 036a FFF7FEFF 		bl	HAL_GetTick
 993              	.LVL66:
 566:Drivers/STM32F0xx_HAL_Driver/Src/stm32f0xx_hal_rcc.c ****         {
 994              		.loc 1 566 27 discriminator 1 view .LVU297
 995 036e 401B     		subs	r0, r0, r5
 566:Drivers/STM32F0xx_HAL_Driver/Src/stm32f0xx_hal_rcc.c ****         {
 996              		.loc 1 566 11 discriminator 1 view .LVU298
 997 0370 0228     		cmp	r0, #2
 998 0372 F6D9     		bls	.L66
 999 0374 FDE6     		b	.L32
 1000              	.L103:
 573:Drivers/STM32F0xx_HAL_Driver/Src/stm32f0xx_hal_rcc.c ****     }
 1001              		.loc 1 573 7 is_stmt 1 view .LVU299
 1002 0376 3849     		ldr	r1, .L107
 1003 0378 4B6B     		ldr	r3, [r1, #52]
 1004 037a F822     		movs	r2, #248
 1005 037c 9343     		bics	r3, r2
 1006 037e A269     		ldr	r2, [r4, #24]
 1007 0380 D200     		lsls	r2, r2, #3
 1008 0382 1343     		orrs	r3, r2
 1009 0384 4B63     		str	r3, [r1, #52]
 1010 0386 BBE7     		b	.L64
 1011              	.LVL67:
 1012              	.L68:
 586:Drivers/STM32F0xx_HAL_Driver/Src/stm32f0xx_hal_rcc.c **** 
 1013              		.loc 1 586 7 view .LVU300
 1014 0388 334B     		ldr	r3, .L107
 1015 038a 5A6B     		ldr	r2, [r3, #52]
 1016 038c 0421     		movs	r1, #4
 1017 038e 0A43     		orrs	r2, r1
 1018 0390 5A63     		str	r2, [r3, #52]
 589:Drivers/STM32F0xx_HAL_Driver/Src/stm32f0xx_hal_rcc.c **** 
 1019              		.loc 1 589 7 view .LVU301
 1020 0392 5A6B     		ldr	r2, [r3, #52]
 1021 0394 0339     		subs	r1, r1, #3
 1022 0396 8A43     		bics	r2, r1
 1023 0398 5A63     		str	r2, [r3, #52]
 592:Drivers/STM32F0xx_HAL_Driver/Src/stm32f0xx_hal_rcc.c ****       
ARM GAS  C:\msys64\tmp\ccinQ4cb.s 			page 36


 1024              		.loc 1 592 7 view .LVU302
 592:Drivers/STM32F0xx_HAL_Driver/Src/stm32f0xx_hal_rcc.c ****       
 1025              		.loc 1 592 19 is_stmt 0 view .LVU303
 1026 039a FFF7FEFF 		bl	HAL_GetTick
 1027              	.LVL68:
 1028 039e 0500     		movs	r5, r0
 1029              	.LVL69:
 595:Drivers/STM32F0xx_HAL_Driver/Src/stm32f0xx_hal_rcc.c ****       {
 1030              		.loc 1 595 7 is_stmt 1 view .LVU304
 1031              	.L69:
 595:Drivers/STM32F0xx_HAL_Driver/Src/stm32f0xx_hal_rcc.c ****       {
 1032              		.loc 1 595 51 discriminator 1 view .LVU305
 595:Drivers/STM32F0xx_HAL_Driver/Src/stm32f0xx_hal_rcc.c ****       {
 1033              		.loc 1 595 13 is_stmt 0 discriminator 1 view .LVU306
 1034 03a0 2D4B     		ldr	r3, .L107
 1035 03a2 5B6B     		ldr	r3, [r3, #52]
 595:Drivers/STM32F0xx_HAL_Driver/Src/stm32f0xx_hal_rcc.c ****       {
 1036              		.loc 1 595 51 discriminator 1 view .LVU307
 1037 03a4 9B07     		lsls	r3, r3, #30
 1038 03a6 ABD5     		bpl	.L64
 597:Drivers/STM32F0xx_HAL_Driver/Src/stm32f0xx_hal_rcc.c ****         {
 1039              		.loc 1 597 9 is_stmt 1 view .LVU308
 597:Drivers/STM32F0xx_HAL_Driver/Src/stm32f0xx_hal_rcc.c ****         {
 1040              		.loc 1 597 13 is_stmt 0 view .LVU309
 1041 03a8 FFF7FEFF 		bl	HAL_GetTick
 1042              	.LVL70:
 597:Drivers/STM32F0xx_HAL_Driver/Src/stm32f0xx_hal_rcc.c ****         {
 1043              		.loc 1 597 27 discriminator 1 view .LVU310
 1044 03ac 401B     		subs	r0, r0, r5
 597:Drivers/STM32F0xx_HAL_Driver/Src/stm32f0xx_hal_rcc.c ****         {
 1045              		.loc 1 597 11 discriminator 1 view .LVU311
 1046 03ae 0228     		cmp	r0, #2
 1047 03b0 F6D9     		bls	.L69
 1048 03b2 DEE6     		b	.L32
 1049              	.LVL71:
 1050              	.L102:
 673:Drivers/STM32F0xx_HAL_Driver/Src/stm32f0xx_hal_rcc.c ****         assert_param(IS_RCC_PLL_MUL(RCC_OscInitStruct->PLL.PLLMUL));
 1051              		.loc 1 673 9 is_stmt 1 view .LVU312
 674:Drivers/STM32F0xx_HAL_Driver/Src/stm32f0xx_hal_rcc.c ****         assert_param(IS_RCC_PREDIV(RCC_OscInitStruct->PLL.PREDIV));
 1052              		.loc 1 674 9 view .LVU313
 675:Drivers/STM32F0xx_HAL_Driver/Src/stm32f0xx_hal_rcc.c ****   
 1053              		.loc 1 675 9 view .LVU314
 678:Drivers/STM32F0xx_HAL_Driver/Src/stm32f0xx_hal_rcc.c ****         
 1054              		.loc 1 678 9 view .LVU315
 1055 03b4 284A     		ldr	r2, .L107
 1056 03b6 1368     		ldr	r3, [r2]
 1057 03b8 2849     		ldr	r1, .L107+4
 1058 03ba 0B40     		ands	r3, r1
 1059 03bc 1360     		str	r3, [r2]
 681:Drivers/STM32F0xx_HAL_Driver/Src/stm32f0xx_hal_rcc.c ****         
 1060              		.loc 1 681 9 view .LVU316
 681:Drivers/STM32F0xx_HAL_Driver/Src/stm32f0xx_hal_rcc.c ****         
 1061              		.loc 1 681 21 is_stmt 0 view .LVU317
 1062 03be FFF7FEFF 		bl	HAL_GetTick
 1063              	.LVL72:
 1064 03c2 0500     		movs	r5, r0
 1065              	.LVL73:
ARM GAS  C:\msys64\tmp\ccinQ4cb.s 			page 37


 684:Drivers/STM32F0xx_HAL_Driver/Src/stm32f0xx_hal_rcc.c ****         {
 1066              		.loc 1 684 9 is_stmt 1 view .LVU318
 1067              	.L74:
 684:Drivers/STM32F0xx_HAL_Driver/Src/stm32f0xx_hal_rcc.c ****         {
 1068              		.loc 1 684 52 discriminator 1 view .LVU319
 684:Drivers/STM32F0xx_HAL_Driver/Src/stm32f0xx_hal_rcc.c ****         {
 1069              		.loc 1 684 15 is_stmt 0 discriminator 1 view .LVU320
 1070 03c4 244B     		ldr	r3, .L107
 1071 03c6 1B68     		ldr	r3, [r3]
 684:Drivers/STM32F0xx_HAL_Driver/Src/stm32f0xx_hal_rcc.c ****         {
 1072              		.loc 1 684 52 discriminator 1 view .LVU321
 1073 03c8 9B01     		lsls	r3, r3, #6
 1074 03ca 05D5     		bpl	.L104
 686:Drivers/STM32F0xx_HAL_Driver/Src/stm32f0xx_hal_rcc.c ****           {
 1075              		.loc 1 686 11 is_stmt 1 view .LVU322
 686:Drivers/STM32F0xx_HAL_Driver/Src/stm32f0xx_hal_rcc.c ****           {
 1076              		.loc 1 686 15 is_stmt 0 view .LVU323
 1077 03cc FFF7FEFF 		bl	HAL_GetTick
 1078              	.LVL74:
 686:Drivers/STM32F0xx_HAL_Driver/Src/stm32f0xx_hal_rcc.c ****           {
 1079              		.loc 1 686 29 discriminator 1 view .LVU324
 1080 03d0 401B     		subs	r0, r0, r5
 686:Drivers/STM32F0xx_HAL_Driver/Src/stm32f0xx_hal_rcc.c ****           {
 1081              		.loc 1 686 13 discriminator 1 view .LVU325
 1082 03d2 0228     		cmp	r0, #2
 1083 03d4 F6D9     		bls	.L74
 1084 03d6 CCE6     		b	.L32
 1085              	.L104:
 693:Drivers/STM32F0xx_HAL_Driver/Src/stm32f0xx_hal_rcc.c ****                              RCC_OscInitStruct->PLL.PREDIV,
 1086              		.loc 1 693 9 is_stmt 1 view .LVU326
 693:Drivers/STM32F0xx_HAL_Driver/Src/stm32f0xx_hal_rcc.c ****                              RCC_OscInitStruct->PLL.PREDIV,
 1087              		.loc 1 693 9 view .LVU327
 1088 03d8 1F4B     		ldr	r3, .L107
 1089 03da DA6A     		ldr	r2, [r3, #44]
 1090 03dc 0F21     		movs	r1, #15
 1091 03de 8A43     		bics	r2, r1
 1092 03e0 E16A     		ldr	r1, [r4, #44]
 1093 03e2 0A43     		orrs	r2, r1
 1094 03e4 DA62     		str	r2, [r3, #44]
 693:Drivers/STM32F0xx_HAL_Driver/Src/stm32f0xx_hal_rcc.c ****                              RCC_OscInitStruct->PLL.PREDIV,
 1095              		.loc 1 693 9 view .LVU328
 1096 03e6 5A68     		ldr	r2, [r3, #4]
 1097 03e8 1E49     		ldr	r1, .L107+12
 1098 03ea 0A40     		ands	r2, r1
 1099 03ec A16A     		ldr	r1, [r4, #40]
 1100 03ee 606A     		ldr	r0, [r4, #36]
 1101 03f0 0143     		orrs	r1, r0
 1102 03f2 0A43     		orrs	r2, r1
 1103 03f4 5A60     		str	r2, [r3, #4]
 693:Drivers/STM32F0xx_HAL_Driver/Src/stm32f0xx_hal_rcc.c ****                              RCC_OscInitStruct->PLL.PREDIV,
 1104              		.loc 1 693 9 view .LVU329
 697:Drivers/STM32F0xx_HAL_Driver/Src/stm32f0xx_hal_rcc.c ****         
 1105              		.loc 1 697 9 view .LVU330
 1106 03f6 1968     		ldr	r1, [r3]
 1107 03f8 8022     		movs	r2, #128
 1108 03fa 5204     		lsls	r2, r2, #17
 1109 03fc 0A43     		orrs	r2, r1
ARM GAS  C:\msys64\tmp\ccinQ4cb.s 			page 38


 1110 03fe 1A60     		str	r2, [r3]
 700:Drivers/STM32F0xx_HAL_Driver/Src/stm32f0xx_hal_rcc.c ****         
 1111              		.loc 1 700 9 view .LVU331
 700:Drivers/STM32F0xx_HAL_Driver/Src/stm32f0xx_hal_rcc.c ****         
 1112              		.loc 1 700 21 is_stmt 0 view .LVU332
 1113 0400 FFF7FEFF 		bl	HAL_GetTick
 1114              	.LVL75:
 1115 0404 0400     		movs	r4, r0
 1116              	.LVL76:
 703:Drivers/STM32F0xx_HAL_Driver/Src/stm32f0xx_hal_rcc.c ****         {
 1117              		.loc 1 703 9 is_stmt 1 view .LVU333
 1118              	.L76:
 703:Drivers/STM32F0xx_HAL_Driver/Src/stm32f0xx_hal_rcc.c ****         {
 1119              		.loc 1 703 52 discriminator 1 view .LVU334
 703:Drivers/STM32F0xx_HAL_Driver/Src/stm32f0xx_hal_rcc.c ****         {
 1120              		.loc 1 703 15 is_stmt 0 discriminator 1 view .LVU335
 1121 0406 144B     		ldr	r3, .L107
 1122 0408 1B68     		ldr	r3, [r3]
 703:Drivers/STM32F0xx_HAL_Driver/Src/stm32f0xx_hal_rcc.c ****         {
 1123              		.loc 1 703 52 discriminator 1 view .LVU336
 1124 040a 9B01     		lsls	r3, r3, #6
 1125 040c 05D4     		bmi	.L71
 705:Drivers/STM32F0xx_HAL_Driver/Src/stm32f0xx_hal_rcc.c ****           {
 1126              		.loc 1 705 11 is_stmt 1 view .LVU337
 705:Drivers/STM32F0xx_HAL_Driver/Src/stm32f0xx_hal_rcc.c ****           {
 1127              		.loc 1 705 15 is_stmt 0 view .LVU338
 1128 040e FFF7FEFF 		bl	HAL_GetTick
 1129              	.LVL77:
 705:Drivers/STM32F0xx_HAL_Driver/Src/stm32f0xx_hal_rcc.c ****           {
 1130              		.loc 1 705 29 discriminator 1 view .LVU339
 1131 0412 001B     		subs	r0, r0, r4
 705:Drivers/STM32F0xx_HAL_Driver/Src/stm32f0xx_hal_rcc.c ****           {
 1132              		.loc 1 705 13 discriminator 1 view .LVU340
 1133 0414 0228     		cmp	r0, #2
 1134 0416 F6D9     		bls	.L76
 1135 0418 ABE6     		b	.L32
 1136              	.LVL78:
 1137              	.L71:
 751:Drivers/STM32F0xx_HAL_Driver/Src/stm32f0xx_hal_rcc.c **** }
 1138              		.loc 1 751 10 view .LVU341
 1139 041a 0020     		movs	r0, #0
 1140 041c AAE6     		b	.L19
 1141              	.LVL79:
 1142              	.L72:
 732:Drivers/STM32F0xx_HAL_Driver/Src/stm32f0xx_hal_rcc.c ****       {
 1143              		.loc 1 732 7 is_stmt 1 view .LVU342
 732:Drivers/STM32F0xx_HAL_Driver/Src/stm32f0xx_hal_rcc.c ****       {
 1144              		.loc 1 732 9 is_stmt 0 view .LVU343
 1145 041e 012B     		cmp	r3, #1
 1146 0420 00D1     		bne	.LCB1117
 1147 0422 0FE6     		b	.L23	@long jump
 1148              	.LCB1117:
 739:Drivers/STM32F0xx_HAL_Driver/Src/stm32f0xx_hal_rcc.c ****         pll_config2 = RCC->CFGR2;
 1149              		.loc 1 739 9 is_stmt 1 view .LVU344
 739:Drivers/STM32F0xx_HAL_Driver/Src/stm32f0xx_hal_rcc.c ****         pll_config2 = RCC->CFGR2;
 1150              		.loc 1 739 21 is_stmt 0 view .LVU345
 1151 0424 0C4B     		ldr	r3, .L107
ARM GAS  C:\msys64\tmp\ccinQ4cb.s 			page 39


 1152 0426 5A68     		ldr	r2, [r3, #4]
 1153              	.LVL80:
 740:Drivers/STM32F0xx_HAL_Driver/Src/stm32f0xx_hal_rcc.c ****         if((READ_BIT(pll_config,  RCC_CFGR_PLLSRC)  != RCC_OscInitStruct->PLL.PLLSource) ||
 1154              		.loc 1 740 9 is_stmt 1 view .LVU346
 740:Drivers/STM32F0xx_HAL_Driver/Src/stm32f0xx_hal_rcc.c ****         if((READ_BIT(pll_config,  RCC_CFGR_PLLSRC)  != RCC_OscInitStruct->PLL.PLLSource) ||
 1155              		.loc 1 740 21 is_stmt 0 view .LVU347
 1156 0428 D86A     		ldr	r0, [r3, #44]
 1157              	.LVL81:
 741:Drivers/STM32F0xx_HAL_Driver/Src/stm32f0xx_hal_rcc.c ****            (READ_BIT(pll_config2, RCC_CFGR2_PREDIV) != RCC_OscInitStruct->PLL.PREDIV)    ||
 1158              		.loc 1 741 9 is_stmt 1 view .LVU348
 741:Drivers/STM32F0xx_HAL_Driver/Src/stm32f0xx_hal_rcc.c ****            (READ_BIT(pll_config2, RCC_CFGR2_PREDIV) != RCC_OscInitStruct->PLL.PREDIV)    ||
 1159              		.loc 1 741 13 is_stmt 0 view .LVU349
 1160 042a 8023     		movs	r3, #128
 1161 042c 5B02     		lsls	r3, r3, #9
 1162 042e 1340     		ands	r3, r2
 741:Drivers/STM32F0xx_HAL_Driver/Src/stm32f0xx_hal_rcc.c ****            (READ_BIT(pll_config2, RCC_CFGR2_PREDIV) != RCC_OscInitStruct->PLL.PREDIV)    ||
 1163              		.loc 1 741 78 view .LVU350
 1164 0430 616A     		ldr	r1, [r4, #36]
 741:Drivers/STM32F0xx_HAL_Driver/Src/stm32f0xx_hal_rcc.c ****            (READ_BIT(pll_config2, RCC_CFGR2_PREDIV) != RCC_OscInitStruct->PLL.PREDIV)    ||
 1165              		.loc 1 741 11 view .LVU351
 1166 0432 8B42     		cmp	r3, r1
 1167 0434 00D0     		beq	.LCB1131
 1168 0436 05E6     		b	.L23	@long jump
 1169              	.LCB1131:
 742:Drivers/STM32F0xx_HAL_Driver/Src/stm32f0xx_hal_rcc.c ****            (READ_BIT(pll_config,  RCC_CFGR_PLLMUL)  != RCC_OscInitStruct->PLL.PLLMUL))
 1170              		.loc 1 742 13 view .LVU352
 1171 0438 0F23     		movs	r3, #15
 1172 043a 0340     		ands	r3, r0
 742:Drivers/STM32F0xx_HAL_Driver/Src/stm32f0xx_hal_rcc.c ****            (READ_BIT(pll_config,  RCC_CFGR_PLLMUL)  != RCC_OscInitStruct->PLL.PLLMUL))
 1173              		.loc 1 742 78 view .LVU353
 1174 043c E16A     		ldr	r1, [r4, #44]
 741:Drivers/STM32F0xx_HAL_Driver/Src/stm32f0xx_hal_rcc.c ****            (READ_BIT(pll_config2, RCC_CFGR2_PREDIV) != RCC_OscInitStruct->PLL.PREDIV)    ||
 1175              		.loc 1 741 90 discriminator 1 view .LVU354
 1176 043e 8B42     		cmp	r3, r1
 1177 0440 00D0     		beq	.LCB1136
 1178 0442 FFE5     		b	.L23	@long jump
 1179              	.LCB1136:
 743:Drivers/STM32F0xx_HAL_Driver/Src/stm32f0xx_hal_rcc.c ****         {
 1180              		.loc 1 743 13 view .LVU355
 1181 0444 F023     		movs	r3, #240
 1182 0446 9B03     		lsls	r3, r3, #14
 1183 0448 1A40     		ands	r2, r3
 1184              	.LVL82:
 743:Drivers/STM32F0xx_HAL_Driver/Src/stm32f0xx_hal_rcc.c ****         {
 1185              		.loc 1 743 78 view .LVU356
 1186 044a A36A     		ldr	r3, [r4, #40]
 742:Drivers/STM32F0xx_HAL_Driver/Src/stm32f0xx_hal_rcc.c ****            (READ_BIT(pll_config,  RCC_CFGR_PLLMUL)  != RCC_OscInitStruct->PLL.PLLMUL))
 1187              		.loc 1 742 90 discriminator 1 view .LVU357
 1188 044c 9A42     		cmp	r2, r3
 1189 044e 01D1     		bne	.L81
 751:Drivers/STM32F0xx_HAL_Driver/Src/stm32f0xx_hal_rcc.c **** }
 1190              		.loc 1 751 10 view .LVU358
 1191 0450 0020     		movs	r0, #0
 1192              	.LVL83:
 751:Drivers/STM32F0xx_HAL_Driver/Src/stm32f0xx_hal_rcc.c **** }
 1193              		.loc 1 751 10 view .LVU359
 1194 0452 8FE6     		b	.L19
ARM GAS  C:\msys64\tmp\ccinQ4cb.s 			page 40


 1195              	.LVL84:
 1196              	.L81:
 745:Drivers/STM32F0xx_HAL_Driver/Src/stm32f0xx_hal_rcc.c ****         }
 1197              		.loc 1 745 18 view .LVU360
 1198 0454 0120     		movs	r0, #1
 1199              	.LVL85:
 745:Drivers/STM32F0xx_HAL_Driver/Src/stm32f0xx_hal_rcc.c ****         }
 1200              		.loc 1 745 18 view .LVU361
 1201 0456 8DE6     		b	.L19
 1202              	.L108:
 1203              		.align	2
 1204              	.L107:
 1205 0458 00100240 		.word	1073876992
 1206 045c FFFFFFFE 		.word	-16777217
 1207 0460 FFFFFFEF 		.word	-268435457
 1208 0464 FFFFC2FF 		.word	-3997697
 1209              		.cfi_endproc
 1210              	.LFE41:
 1212              		.section	.text.HAL_RCC_MCOConfig,"ax",%progbits
 1213              		.align	1
 1214              		.global	HAL_RCC_MCOConfig
 1215              		.syntax unified
 1216              		.code	16
 1217              		.thumb_func
 1219              	HAL_RCC_MCOConfig:
 1220              	.LVL86:
 1221              	.LFB43:
 753:Drivers/STM32F0xx_HAL_Driver/Src/stm32f0xx_hal_rcc.c **** 
 754:Drivers/STM32F0xx_HAL_Driver/Src/stm32f0xx_hal_rcc.c **** /**
 755:Drivers/STM32F0xx_HAL_Driver/Src/stm32f0xx_hal_rcc.c ****   * @brief  Initializes the CPU, AHB and APB buses clocks according to the specified 
 756:Drivers/STM32F0xx_HAL_Driver/Src/stm32f0xx_hal_rcc.c ****   *         parameters in the RCC_ClkInitStruct.
 757:Drivers/STM32F0xx_HAL_Driver/Src/stm32f0xx_hal_rcc.c ****   * @param  RCC_ClkInitStruct pointer to an RCC_OscInitTypeDef structure that
 758:Drivers/STM32F0xx_HAL_Driver/Src/stm32f0xx_hal_rcc.c ****   *         contains the configuration information for the RCC peripheral.
 759:Drivers/STM32F0xx_HAL_Driver/Src/stm32f0xx_hal_rcc.c ****   * @param  FLatency FLASH Latency                   
 760:Drivers/STM32F0xx_HAL_Driver/Src/stm32f0xx_hal_rcc.c ****   *          The value of this parameter depend on device used within the same series
 761:Drivers/STM32F0xx_HAL_Driver/Src/stm32f0xx_hal_rcc.c ****   * @note   The SystemCoreClock CMSIS variable is used to store System Clock Frequency 
 762:Drivers/STM32F0xx_HAL_Driver/Src/stm32f0xx_hal_rcc.c ****   *         and updated by @ref HAL_RCC_GetHCLKFreq() function called within this function
 763:Drivers/STM32F0xx_HAL_Driver/Src/stm32f0xx_hal_rcc.c ****   *
 764:Drivers/STM32F0xx_HAL_Driver/Src/stm32f0xx_hal_rcc.c ****   * @note   The HSI is used (enabled by hardware) as system clock source after
 765:Drivers/STM32F0xx_HAL_Driver/Src/stm32f0xx_hal_rcc.c ****   *         start-up from Reset, wake-up from STOP and STANDBY mode, or in case
 766:Drivers/STM32F0xx_HAL_Driver/Src/stm32f0xx_hal_rcc.c ****   *         of failure of the HSE used directly or indirectly as system clock
 767:Drivers/STM32F0xx_HAL_Driver/Src/stm32f0xx_hal_rcc.c ****   *         (if the Clock Security System CSS is enabled).
 768:Drivers/STM32F0xx_HAL_Driver/Src/stm32f0xx_hal_rcc.c ****   *           
 769:Drivers/STM32F0xx_HAL_Driver/Src/stm32f0xx_hal_rcc.c ****   * @note   A switch from one clock source to another occurs only if the target
 770:Drivers/STM32F0xx_HAL_Driver/Src/stm32f0xx_hal_rcc.c ****   *         clock source is ready (clock stable after start-up delay or PLL locked). 
 771:Drivers/STM32F0xx_HAL_Driver/Src/stm32f0xx_hal_rcc.c ****   *         If a clock source which is not yet ready is selected, the switch will
 772:Drivers/STM32F0xx_HAL_Driver/Src/stm32f0xx_hal_rcc.c ****   *         occur when the clock source will be ready. 
 773:Drivers/STM32F0xx_HAL_Driver/Src/stm32f0xx_hal_rcc.c ****   *         You can use @ref HAL_RCC_GetClockConfig() function to know which clock is
 774:Drivers/STM32F0xx_HAL_Driver/Src/stm32f0xx_hal_rcc.c ****   *         currently used as system clock source.
 775:Drivers/STM32F0xx_HAL_Driver/Src/stm32f0xx_hal_rcc.c ****   * @retval HAL status
 776:Drivers/STM32F0xx_HAL_Driver/Src/stm32f0xx_hal_rcc.c ****   */
 777:Drivers/STM32F0xx_HAL_Driver/Src/stm32f0xx_hal_rcc.c **** HAL_StatusTypeDef HAL_RCC_ClockConfig(RCC_ClkInitTypeDef  *RCC_ClkInitStruct, uint32_t FLatency)
 778:Drivers/STM32F0xx_HAL_Driver/Src/stm32f0xx_hal_rcc.c **** {
 779:Drivers/STM32F0xx_HAL_Driver/Src/stm32f0xx_hal_rcc.c ****   uint32_t tickstart;
 780:Drivers/STM32F0xx_HAL_Driver/Src/stm32f0xx_hal_rcc.c **** 
 781:Drivers/STM32F0xx_HAL_Driver/Src/stm32f0xx_hal_rcc.c ****   /* Check Null pointer */
 782:Drivers/STM32F0xx_HAL_Driver/Src/stm32f0xx_hal_rcc.c ****   if(RCC_ClkInitStruct == NULL)
ARM GAS  C:\msys64\tmp\ccinQ4cb.s 			page 41


 783:Drivers/STM32F0xx_HAL_Driver/Src/stm32f0xx_hal_rcc.c ****   {
 784:Drivers/STM32F0xx_HAL_Driver/Src/stm32f0xx_hal_rcc.c ****     return HAL_ERROR;
 785:Drivers/STM32F0xx_HAL_Driver/Src/stm32f0xx_hal_rcc.c ****   }
 786:Drivers/STM32F0xx_HAL_Driver/Src/stm32f0xx_hal_rcc.c **** 
 787:Drivers/STM32F0xx_HAL_Driver/Src/stm32f0xx_hal_rcc.c ****   /* Check the parameters */
 788:Drivers/STM32F0xx_HAL_Driver/Src/stm32f0xx_hal_rcc.c ****   assert_param(IS_RCC_CLOCKTYPE(RCC_ClkInitStruct->ClockType));
 789:Drivers/STM32F0xx_HAL_Driver/Src/stm32f0xx_hal_rcc.c ****   assert_param(IS_FLASH_LATENCY(FLatency));
 790:Drivers/STM32F0xx_HAL_Driver/Src/stm32f0xx_hal_rcc.c **** 
 791:Drivers/STM32F0xx_HAL_Driver/Src/stm32f0xx_hal_rcc.c ****   /* To correctly read data from FLASH memory, the number of wait states (LATENCY) 
 792:Drivers/STM32F0xx_HAL_Driver/Src/stm32f0xx_hal_rcc.c ****   must be correctly programmed according to the frequency of the CPU clock 
 793:Drivers/STM32F0xx_HAL_Driver/Src/stm32f0xx_hal_rcc.c ****     (HCLK) of the device. */
 794:Drivers/STM32F0xx_HAL_Driver/Src/stm32f0xx_hal_rcc.c **** 
 795:Drivers/STM32F0xx_HAL_Driver/Src/stm32f0xx_hal_rcc.c ****   /* Increasing the number of wait states because of higher CPU frequency */
 796:Drivers/STM32F0xx_HAL_Driver/Src/stm32f0xx_hal_rcc.c ****   if(FLatency > __HAL_FLASH_GET_LATENCY())
 797:Drivers/STM32F0xx_HAL_Driver/Src/stm32f0xx_hal_rcc.c ****   {    
 798:Drivers/STM32F0xx_HAL_Driver/Src/stm32f0xx_hal_rcc.c ****     /* Program the new number of wait states to the LATENCY bits in the FLASH_ACR register */
 799:Drivers/STM32F0xx_HAL_Driver/Src/stm32f0xx_hal_rcc.c ****     __HAL_FLASH_SET_LATENCY(FLatency);
 800:Drivers/STM32F0xx_HAL_Driver/Src/stm32f0xx_hal_rcc.c ****     
 801:Drivers/STM32F0xx_HAL_Driver/Src/stm32f0xx_hal_rcc.c ****     /* Check that the new number of wait states is taken into account to access the Flash
 802:Drivers/STM32F0xx_HAL_Driver/Src/stm32f0xx_hal_rcc.c ****     memory by reading the FLASH_ACR register */
 803:Drivers/STM32F0xx_HAL_Driver/Src/stm32f0xx_hal_rcc.c ****     if(__HAL_FLASH_GET_LATENCY() != FLatency)
 804:Drivers/STM32F0xx_HAL_Driver/Src/stm32f0xx_hal_rcc.c ****     {
 805:Drivers/STM32F0xx_HAL_Driver/Src/stm32f0xx_hal_rcc.c ****       return HAL_ERROR;
 806:Drivers/STM32F0xx_HAL_Driver/Src/stm32f0xx_hal_rcc.c ****     }
 807:Drivers/STM32F0xx_HAL_Driver/Src/stm32f0xx_hal_rcc.c ****   }
 808:Drivers/STM32F0xx_HAL_Driver/Src/stm32f0xx_hal_rcc.c **** 
 809:Drivers/STM32F0xx_HAL_Driver/Src/stm32f0xx_hal_rcc.c ****   /*-------------------------- HCLK Configuration --------------------------*/
 810:Drivers/STM32F0xx_HAL_Driver/Src/stm32f0xx_hal_rcc.c ****   if(((RCC_ClkInitStruct->ClockType) & RCC_CLOCKTYPE_HCLK) == RCC_CLOCKTYPE_HCLK)
 811:Drivers/STM32F0xx_HAL_Driver/Src/stm32f0xx_hal_rcc.c ****   {
 812:Drivers/STM32F0xx_HAL_Driver/Src/stm32f0xx_hal_rcc.c ****     /* Set the highest APB divider in order to ensure that we do not go through
 813:Drivers/STM32F0xx_HAL_Driver/Src/stm32f0xx_hal_rcc.c ****        a non-spec phase whatever we decrease or increase HCLK. */
 814:Drivers/STM32F0xx_HAL_Driver/Src/stm32f0xx_hal_rcc.c ****     if(((RCC_ClkInitStruct->ClockType) & RCC_CLOCKTYPE_PCLK1) == RCC_CLOCKTYPE_PCLK1)
 815:Drivers/STM32F0xx_HAL_Driver/Src/stm32f0xx_hal_rcc.c ****     {
 816:Drivers/STM32F0xx_HAL_Driver/Src/stm32f0xx_hal_rcc.c ****       MODIFY_REG(RCC->CFGR, RCC_CFGR_PPRE, RCC_HCLK_DIV16);
 817:Drivers/STM32F0xx_HAL_Driver/Src/stm32f0xx_hal_rcc.c ****     }
 818:Drivers/STM32F0xx_HAL_Driver/Src/stm32f0xx_hal_rcc.c **** 
 819:Drivers/STM32F0xx_HAL_Driver/Src/stm32f0xx_hal_rcc.c ****     /* Set the new HCLK clock divider */
 820:Drivers/STM32F0xx_HAL_Driver/Src/stm32f0xx_hal_rcc.c ****     assert_param(IS_RCC_HCLK(RCC_ClkInitStruct->AHBCLKDivider));
 821:Drivers/STM32F0xx_HAL_Driver/Src/stm32f0xx_hal_rcc.c ****     MODIFY_REG(RCC->CFGR, RCC_CFGR_HPRE, RCC_ClkInitStruct->AHBCLKDivider);
 822:Drivers/STM32F0xx_HAL_Driver/Src/stm32f0xx_hal_rcc.c ****   }
 823:Drivers/STM32F0xx_HAL_Driver/Src/stm32f0xx_hal_rcc.c **** 
 824:Drivers/STM32F0xx_HAL_Driver/Src/stm32f0xx_hal_rcc.c ****   /*------------------------- SYSCLK Configuration ---------------------------*/ 
 825:Drivers/STM32F0xx_HAL_Driver/Src/stm32f0xx_hal_rcc.c ****   if(((RCC_ClkInitStruct->ClockType) & RCC_CLOCKTYPE_SYSCLK) == RCC_CLOCKTYPE_SYSCLK)
 826:Drivers/STM32F0xx_HAL_Driver/Src/stm32f0xx_hal_rcc.c ****   {
 827:Drivers/STM32F0xx_HAL_Driver/Src/stm32f0xx_hal_rcc.c ****     assert_param(IS_RCC_SYSCLKSOURCE(RCC_ClkInitStruct->SYSCLKSource));
 828:Drivers/STM32F0xx_HAL_Driver/Src/stm32f0xx_hal_rcc.c ****     
 829:Drivers/STM32F0xx_HAL_Driver/Src/stm32f0xx_hal_rcc.c ****     /* HSE is selected as System Clock Source */
 830:Drivers/STM32F0xx_HAL_Driver/Src/stm32f0xx_hal_rcc.c ****     if(RCC_ClkInitStruct->SYSCLKSource == RCC_SYSCLKSOURCE_HSE)
 831:Drivers/STM32F0xx_HAL_Driver/Src/stm32f0xx_hal_rcc.c ****     {
 832:Drivers/STM32F0xx_HAL_Driver/Src/stm32f0xx_hal_rcc.c ****       /* Check the HSE ready flag */  
 833:Drivers/STM32F0xx_HAL_Driver/Src/stm32f0xx_hal_rcc.c ****       if(__HAL_RCC_GET_FLAG(RCC_FLAG_HSERDY) == RESET)
 834:Drivers/STM32F0xx_HAL_Driver/Src/stm32f0xx_hal_rcc.c ****       {
 835:Drivers/STM32F0xx_HAL_Driver/Src/stm32f0xx_hal_rcc.c ****         return HAL_ERROR;
 836:Drivers/STM32F0xx_HAL_Driver/Src/stm32f0xx_hal_rcc.c ****       }
 837:Drivers/STM32F0xx_HAL_Driver/Src/stm32f0xx_hal_rcc.c ****     }
 838:Drivers/STM32F0xx_HAL_Driver/Src/stm32f0xx_hal_rcc.c ****     /* PLL is selected as System Clock Source */
 839:Drivers/STM32F0xx_HAL_Driver/Src/stm32f0xx_hal_rcc.c ****     else if(RCC_ClkInitStruct->SYSCLKSource == RCC_SYSCLKSOURCE_PLLCLK)
ARM GAS  C:\msys64\tmp\ccinQ4cb.s 			page 42


 840:Drivers/STM32F0xx_HAL_Driver/Src/stm32f0xx_hal_rcc.c ****     {
 841:Drivers/STM32F0xx_HAL_Driver/Src/stm32f0xx_hal_rcc.c ****       /* Check the PLL ready flag */  
 842:Drivers/STM32F0xx_HAL_Driver/Src/stm32f0xx_hal_rcc.c ****       if(__HAL_RCC_GET_FLAG(RCC_FLAG_PLLRDY) == RESET)
 843:Drivers/STM32F0xx_HAL_Driver/Src/stm32f0xx_hal_rcc.c ****       {
 844:Drivers/STM32F0xx_HAL_Driver/Src/stm32f0xx_hal_rcc.c ****         return HAL_ERROR;
 845:Drivers/STM32F0xx_HAL_Driver/Src/stm32f0xx_hal_rcc.c ****       }
 846:Drivers/STM32F0xx_HAL_Driver/Src/stm32f0xx_hal_rcc.c ****     }
 847:Drivers/STM32F0xx_HAL_Driver/Src/stm32f0xx_hal_rcc.c **** #if defined(RCC_CFGR_SWS_HSI48)
 848:Drivers/STM32F0xx_HAL_Driver/Src/stm32f0xx_hal_rcc.c ****     /* HSI48 is selected as System Clock Source */
 849:Drivers/STM32F0xx_HAL_Driver/Src/stm32f0xx_hal_rcc.c ****     else if(RCC_ClkInitStruct->SYSCLKSource == RCC_SYSCLKSOURCE_HSI48)
 850:Drivers/STM32F0xx_HAL_Driver/Src/stm32f0xx_hal_rcc.c ****     {
 851:Drivers/STM32F0xx_HAL_Driver/Src/stm32f0xx_hal_rcc.c ****       /* Check the HSI48 ready flag */
 852:Drivers/STM32F0xx_HAL_Driver/Src/stm32f0xx_hal_rcc.c ****       if(__HAL_RCC_GET_FLAG(RCC_FLAG_HSI48RDY) == RESET)
 853:Drivers/STM32F0xx_HAL_Driver/Src/stm32f0xx_hal_rcc.c ****       {
 854:Drivers/STM32F0xx_HAL_Driver/Src/stm32f0xx_hal_rcc.c ****         return HAL_ERROR;
 855:Drivers/STM32F0xx_HAL_Driver/Src/stm32f0xx_hal_rcc.c ****       }
 856:Drivers/STM32F0xx_HAL_Driver/Src/stm32f0xx_hal_rcc.c ****     }
 857:Drivers/STM32F0xx_HAL_Driver/Src/stm32f0xx_hal_rcc.c **** #endif /* RCC_CFGR_SWS_HSI48 */
 858:Drivers/STM32F0xx_HAL_Driver/Src/stm32f0xx_hal_rcc.c ****     /* HSI is selected as System Clock Source */
 859:Drivers/STM32F0xx_HAL_Driver/Src/stm32f0xx_hal_rcc.c ****     else
 860:Drivers/STM32F0xx_HAL_Driver/Src/stm32f0xx_hal_rcc.c ****     {
 861:Drivers/STM32F0xx_HAL_Driver/Src/stm32f0xx_hal_rcc.c ****       /* Check the HSI ready flag */  
 862:Drivers/STM32F0xx_HAL_Driver/Src/stm32f0xx_hal_rcc.c ****       if(__HAL_RCC_GET_FLAG(RCC_FLAG_HSIRDY) == RESET)
 863:Drivers/STM32F0xx_HAL_Driver/Src/stm32f0xx_hal_rcc.c ****       {
 864:Drivers/STM32F0xx_HAL_Driver/Src/stm32f0xx_hal_rcc.c ****         return HAL_ERROR;
 865:Drivers/STM32F0xx_HAL_Driver/Src/stm32f0xx_hal_rcc.c ****       }
 866:Drivers/STM32F0xx_HAL_Driver/Src/stm32f0xx_hal_rcc.c ****     }
 867:Drivers/STM32F0xx_HAL_Driver/Src/stm32f0xx_hal_rcc.c ****     __HAL_RCC_SYSCLK_CONFIG(RCC_ClkInitStruct->SYSCLKSource);
 868:Drivers/STM32F0xx_HAL_Driver/Src/stm32f0xx_hal_rcc.c **** 
 869:Drivers/STM32F0xx_HAL_Driver/Src/stm32f0xx_hal_rcc.c ****     /* Get Start Tick */
 870:Drivers/STM32F0xx_HAL_Driver/Src/stm32f0xx_hal_rcc.c ****     tickstart = HAL_GetTick();
 871:Drivers/STM32F0xx_HAL_Driver/Src/stm32f0xx_hal_rcc.c ****     
 872:Drivers/STM32F0xx_HAL_Driver/Src/stm32f0xx_hal_rcc.c ****     while (__HAL_RCC_GET_SYSCLK_SOURCE() != (RCC_ClkInitStruct->SYSCLKSource << RCC_CFGR_SWS_Pos))
 873:Drivers/STM32F0xx_HAL_Driver/Src/stm32f0xx_hal_rcc.c ****     {
 874:Drivers/STM32F0xx_HAL_Driver/Src/stm32f0xx_hal_rcc.c ****       if((HAL_GetTick() - tickstart ) > CLOCKSWITCH_TIMEOUT_VALUE)
 875:Drivers/STM32F0xx_HAL_Driver/Src/stm32f0xx_hal_rcc.c ****       {
 876:Drivers/STM32F0xx_HAL_Driver/Src/stm32f0xx_hal_rcc.c ****         return HAL_TIMEOUT;
 877:Drivers/STM32F0xx_HAL_Driver/Src/stm32f0xx_hal_rcc.c ****       }
 878:Drivers/STM32F0xx_HAL_Driver/Src/stm32f0xx_hal_rcc.c ****     }
 879:Drivers/STM32F0xx_HAL_Driver/Src/stm32f0xx_hal_rcc.c ****   }
 880:Drivers/STM32F0xx_HAL_Driver/Src/stm32f0xx_hal_rcc.c **** 
 881:Drivers/STM32F0xx_HAL_Driver/Src/stm32f0xx_hal_rcc.c ****   /* Decreasing the number of wait states because of lower CPU frequency */
 882:Drivers/STM32F0xx_HAL_Driver/Src/stm32f0xx_hal_rcc.c ****   if(FLatency < __HAL_FLASH_GET_LATENCY())
 883:Drivers/STM32F0xx_HAL_Driver/Src/stm32f0xx_hal_rcc.c ****   {    
 884:Drivers/STM32F0xx_HAL_Driver/Src/stm32f0xx_hal_rcc.c ****     /* Program the new number of wait states to the LATENCY bits in the FLASH_ACR register */
 885:Drivers/STM32F0xx_HAL_Driver/Src/stm32f0xx_hal_rcc.c ****     __HAL_FLASH_SET_LATENCY(FLatency);
 886:Drivers/STM32F0xx_HAL_Driver/Src/stm32f0xx_hal_rcc.c ****     
 887:Drivers/STM32F0xx_HAL_Driver/Src/stm32f0xx_hal_rcc.c ****     /* Check that the new number of wait states is taken into account to access the Flash
 888:Drivers/STM32F0xx_HAL_Driver/Src/stm32f0xx_hal_rcc.c ****     memory by reading the FLASH_ACR register */
 889:Drivers/STM32F0xx_HAL_Driver/Src/stm32f0xx_hal_rcc.c ****     if(__HAL_FLASH_GET_LATENCY() != FLatency)
 890:Drivers/STM32F0xx_HAL_Driver/Src/stm32f0xx_hal_rcc.c ****     {
 891:Drivers/STM32F0xx_HAL_Driver/Src/stm32f0xx_hal_rcc.c ****       return HAL_ERROR;
 892:Drivers/STM32F0xx_HAL_Driver/Src/stm32f0xx_hal_rcc.c ****     }
 893:Drivers/STM32F0xx_HAL_Driver/Src/stm32f0xx_hal_rcc.c ****   }    
 894:Drivers/STM32F0xx_HAL_Driver/Src/stm32f0xx_hal_rcc.c **** 
 895:Drivers/STM32F0xx_HAL_Driver/Src/stm32f0xx_hal_rcc.c ****   /*-------------------------- PCLK1 Configuration ---------------------------*/ 
 896:Drivers/STM32F0xx_HAL_Driver/Src/stm32f0xx_hal_rcc.c ****   if(((RCC_ClkInitStruct->ClockType) & RCC_CLOCKTYPE_PCLK1) == RCC_CLOCKTYPE_PCLK1)
ARM GAS  C:\msys64\tmp\ccinQ4cb.s 			page 43


 897:Drivers/STM32F0xx_HAL_Driver/Src/stm32f0xx_hal_rcc.c ****   {
 898:Drivers/STM32F0xx_HAL_Driver/Src/stm32f0xx_hal_rcc.c ****     assert_param(IS_RCC_PCLK(RCC_ClkInitStruct->APB1CLKDivider));
 899:Drivers/STM32F0xx_HAL_Driver/Src/stm32f0xx_hal_rcc.c ****     MODIFY_REG(RCC->CFGR, RCC_CFGR_PPRE, RCC_ClkInitStruct->APB1CLKDivider);
 900:Drivers/STM32F0xx_HAL_Driver/Src/stm32f0xx_hal_rcc.c ****   }
 901:Drivers/STM32F0xx_HAL_Driver/Src/stm32f0xx_hal_rcc.c ****   
 902:Drivers/STM32F0xx_HAL_Driver/Src/stm32f0xx_hal_rcc.c ****   /* Update the SystemCoreClock global variable */
 903:Drivers/STM32F0xx_HAL_Driver/Src/stm32f0xx_hal_rcc.c ****   SystemCoreClock = HAL_RCC_GetSysClockFreq() >> AHBPrescTable[(RCC->CFGR & RCC_CFGR_HPRE)>> RCC_CF
 904:Drivers/STM32F0xx_HAL_Driver/Src/stm32f0xx_hal_rcc.c **** 
 905:Drivers/STM32F0xx_HAL_Driver/Src/stm32f0xx_hal_rcc.c ****   /* Configure the source of time base considering new system clocks settings*/
 906:Drivers/STM32F0xx_HAL_Driver/Src/stm32f0xx_hal_rcc.c ****   HAL_InitTick (TICK_INT_PRIORITY);
 907:Drivers/STM32F0xx_HAL_Driver/Src/stm32f0xx_hal_rcc.c ****   
 908:Drivers/STM32F0xx_HAL_Driver/Src/stm32f0xx_hal_rcc.c ****   return HAL_OK;
 909:Drivers/STM32F0xx_HAL_Driver/Src/stm32f0xx_hal_rcc.c **** }
 910:Drivers/STM32F0xx_HAL_Driver/Src/stm32f0xx_hal_rcc.c **** 
 911:Drivers/STM32F0xx_HAL_Driver/Src/stm32f0xx_hal_rcc.c **** /**
 912:Drivers/STM32F0xx_HAL_Driver/Src/stm32f0xx_hal_rcc.c ****   * @}
 913:Drivers/STM32F0xx_HAL_Driver/Src/stm32f0xx_hal_rcc.c ****   */
 914:Drivers/STM32F0xx_HAL_Driver/Src/stm32f0xx_hal_rcc.c **** 
 915:Drivers/STM32F0xx_HAL_Driver/Src/stm32f0xx_hal_rcc.c **** /** @defgroup RCC_Exported_Functions_Group2 Peripheral Control functions
 916:Drivers/STM32F0xx_HAL_Driver/Src/stm32f0xx_hal_rcc.c ****   *  @brief   RCC clocks control functions
 917:Drivers/STM32F0xx_HAL_Driver/Src/stm32f0xx_hal_rcc.c ****   *
 918:Drivers/STM32F0xx_HAL_Driver/Src/stm32f0xx_hal_rcc.c ****   @verbatim   
 919:Drivers/STM32F0xx_HAL_Driver/Src/stm32f0xx_hal_rcc.c ****   ===============================================================================
 920:Drivers/STM32F0xx_HAL_Driver/Src/stm32f0xx_hal_rcc.c ****                   ##### Peripheral Control functions #####
 921:Drivers/STM32F0xx_HAL_Driver/Src/stm32f0xx_hal_rcc.c ****   ===============================================================================  
 922:Drivers/STM32F0xx_HAL_Driver/Src/stm32f0xx_hal_rcc.c ****     [..]
 923:Drivers/STM32F0xx_HAL_Driver/Src/stm32f0xx_hal_rcc.c ****     This subsection provides a set of functions allowing to control the RCC Clocks 
 924:Drivers/STM32F0xx_HAL_Driver/Src/stm32f0xx_hal_rcc.c ****     frequencies.
 925:Drivers/STM32F0xx_HAL_Driver/Src/stm32f0xx_hal_rcc.c **** 
 926:Drivers/STM32F0xx_HAL_Driver/Src/stm32f0xx_hal_rcc.c ****   @endverbatim
 927:Drivers/STM32F0xx_HAL_Driver/Src/stm32f0xx_hal_rcc.c ****   * @{
 928:Drivers/STM32F0xx_HAL_Driver/Src/stm32f0xx_hal_rcc.c ****   */
 929:Drivers/STM32F0xx_HAL_Driver/Src/stm32f0xx_hal_rcc.c **** 
 930:Drivers/STM32F0xx_HAL_Driver/Src/stm32f0xx_hal_rcc.c **** #if defined(RCC_CFGR_MCOPRE)
 931:Drivers/STM32F0xx_HAL_Driver/Src/stm32f0xx_hal_rcc.c **** /**
 932:Drivers/STM32F0xx_HAL_Driver/Src/stm32f0xx_hal_rcc.c ****   * @brief  Selects the clock source to output on MCO pin.
 933:Drivers/STM32F0xx_HAL_Driver/Src/stm32f0xx_hal_rcc.c ****   * @note   MCO pin should be configured in alternate function mode.
 934:Drivers/STM32F0xx_HAL_Driver/Src/stm32f0xx_hal_rcc.c ****   * @param  RCC_MCOx specifies the output direction for the clock source.
 935:Drivers/STM32F0xx_HAL_Driver/Src/stm32f0xx_hal_rcc.c ****   *          This parameter can be one of the following values:
 936:Drivers/STM32F0xx_HAL_Driver/Src/stm32f0xx_hal_rcc.c ****   *            @arg @ref RCC_MCO1 Clock source to output on MCO1 pin(PA8).
 937:Drivers/STM32F0xx_HAL_Driver/Src/stm32f0xx_hal_rcc.c ****   * @param  RCC_MCOSource specifies the clock source to output.
 938:Drivers/STM32F0xx_HAL_Driver/Src/stm32f0xx_hal_rcc.c ****   *          This parameter can be one of the following values:
 939:Drivers/STM32F0xx_HAL_Driver/Src/stm32f0xx_hal_rcc.c ****   *            @arg @ref RCC_MCO1SOURCE_NOCLOCK     No clock selected
 940:Drivers/STM32F0xx_HAL_Driver/Src/stm32f0xx_hal_rcc.c ****   *            @arg @ref RCC_MCO1SOURCE_SYSCLK      System Clock selected as MCO clock
 941:Drivers/STM32F0xx_HAL_Driver/Src/stm32f0xx_hal_rcc.c ****   *            @arg @ref RCC_MCO1SOURCE_HSI         HSI selected as MCO clock
 942:Drivers/STM32F0xx_HAL_Driver/Src/stm32f0xx_hal_rcc.c ****   *            @arg @ref RCC_MCO1SOURCE_HSE         HSE selected as MCO clock
 943:Drivers/STM32F0xx_HAL_Driver/Src/stm32f0xx_hal_rcc.c ****   *            @arg @ref RCC_MCO1SOURCE_LSI         LSI selected as MCO clock
 944:Drivers/STM32F0xx_HAL_Driver/Src/stm32f0xx_hal_rcc.c ****   *            @arg @ref RCC_MCO1SOURCE_LSE         LSE selected as MCO clock
 945:Drivers/STM32F0xx_HAL_Driver/Src/stm32f0xx_hal_rcc.c ****   *            @arg @ref RCC_MCO1SOURCE_HSI14       HSI14 selected as MCO clock
 946:Drivers/STM32F0xx_HAL_Driver/Src/stm32f0xx_hal_rcc.c ****   @if STM32F042x6
 947:Drivers/STM32F0xx_HAL_Driver/Src/stm32f0xx_hal_rcc.c ****   *            @arg @ref RCC_MCO1SOURCE_HSI48       HSI48 selected as MCO clock
 948:Drivers/STM32F0xx_HAL_Driver/Src/stm32f0xx_hal_rcc.c ****   *            @arg @ref RCC_MCO1SOURCE_PLLCLK      PLLCLK selected as MCO clock
 949:Drivers/STM32F0xx_HAL_Driver/Src/stm32f0xx_hal_rcc.c ****   @elseif STM32F048xx
 950:Drivers/STM32F0xx_HAL_Driver/Src/stm32f0xx_hal_rcc.c ****   *            @arg @ref RCC_MCO1SOURCE_HSI48       HSI48 selected as MCO clock
 951:Drivers/STM32F0xx_HAL_Driver/Src/stm32f0xx_hal_rcc.c ****   *            @arg @ref RCC_MCO1SOURCE_PLLCLK      PLLCLK selected as MCO clock
 952:Drivers/STM32F0xx_HAL_Driver/Src/stm32f0xx_hal_rcc.c ****   @elseif STM32F071xB
 953:Drivers/STM32F0xx_HAL_Driver/Src/stm32f0xx_hal_rcc.c ****   *            @arg @ref RCC_MCO1SOURCE_HSI48       HSI48 selected as MCO clock
ARM GAS  C:\msys64\tmp\ccinQ4cb.s 			page 44


 954:Drivers/STM32F0xx_HAL_Driver/Src/stm32f0xx_hal_rcc.c ****   *            @arg @ref RCC_MCO1SOURCE_PLLCLK      PLLCLK selected as MCO clock
 955:Drivers/STM32F0xx_HAL_Driver/Src/stm32f0xx_hal_rcc.c ****   @elseif STM32F072xB
 956:Drivers/STM32F0xx_HAL_Driver/Src/stm32f0xx_hal_rcc.c ****   *            @arg @ref RCC_MCO1SOURCE_HSI48       HSI48 selected as MCO clock
 957:Drivers/STM32F0xx_HAL_Driver/Src/stm32f0xx_hal_rcc.c ****   *            @arg @ref RCC_MCO1SOURCE_PLLCLK      PLLCLK selected as MCO clock
 958:Drivers/STM32F0xx_HAL_Driver/Src/stm32f0xx_hal_rcc.c ****   @elseif STM32F078xx
 959:Drivers/STM32F0xx_HAL_Driver/Src/stm32f0xx_hal_rcc.c ****   *            @arg @ref RCC_MCO1SOURCE_HSI48       HSI48 selected as MCO clock
 960:Drivers/STM32F0xx_HAL_Driver/Src/stm32f0xx_hal_rcc.c ****   *            @arg @ref RCC_MCO1SOURCE_PLLCLK      PLLCLK selected as MCO clock
 961:Drivers/STM32F0xx_HAL_Driver/Src/stm32f0xx_hal_rcc.c ****   @elseif STM32F091xC
 962:Drivers/STM32F0xx_HAL_Driver/Src/stm32f0xx_hal_rcc.c ****   *            @arg @ref RCC_MCO1SOURCE_HSI48       HSI48 selected as MCO clock
 963:Drivers/STM32F0xx_HAL_Driver/Src/stm32f0xx_hal_rcc.c ****   *            @arg @ref RCC_MCO1SOURCE_PLLCLK      PLLCLK selected as MCO clock
 964:Drivers/STM32F0xx_HAL_Driver/Src/stm32f0xx_hal_rcc.c ****   @elseif STM32F098xx
 965:Drivers/STM32F0xx_HAL_Driver/Src/stm32f0xx_hal_rcc.c ****   *            @arg @ref RCC_MCO1SOURCE_HSI48       HSI48 selected as MCO clock
 966:Drivers/STM32F0xx_HAL_Driver/Src/stm32f0xx_hal_rcc.c ****   *            @arg @ref RCC_MCO1SOURCE_PLLCLK      PLLCLK selected as MCO clock
 967:Drivers/STM32F0xx_HAL_Driver/Src/stm32f0xx_hal_rcc.c ****   @elif STM32F030x6
 968:Drivers/STM32F0xx_HAL_Driver/Src/stm32f0xx_hal_rcc.c ****   *            @arg @ref RCC_MCO1SOURCE_PLLCLK      PLLCLK selected as MCO clock
 969:Drivers/STM32F0xx_HAL_Driver/Src/stm32f0xx_hal_rcc.c ****   @elif STM32F030xC
 970:Drivers/STM32F0xx_HAL_Driver/Src/stm32f0xx_hal_rcc.c ****   *            @arg @ref RCC_MCO1SOURCE_PLLCLK      PLLCLK selected as MCO clock
 971:Drivers/STM32F0xx_HAL_Driver/Src/stm32f0xx_hal_rcc.c ****   @elif STM32F031x6
 972:Drivers/STM32F0xx_HAL_Driver/Src/stm32f0xx_hal_rcc.c ****   *            @arg @ref RCC_MCO1SOURCE_PLLCLK      PLLCLK selected as MCO clock
 973:Drivers/STM32F0xx_HAL_Driver/Src/stm32f0xx_hal_rcc.c ****   @elif STM32F038xx
 974:Drivers/STM32F0xx_HAL_Driver/Src/stm32f0xx_hal_rcc.c ****   *            @arg @ref RCC_MCO1SOURCE_PLLCLK      PLLCLK selected as MCO clock
 975:Drivers/STM32F0xx_HAL_Driver/Src/stm32f0xx_hal_rcc.c ****   @elif STM32F070x6
 976:Drivers/STM32F0xx_HAL_Driver/Src/stm32f0xx_hal_rcc.c ****   *            @arg @ref RCC_MCO1SOURCE_PLLCLK      PLLCLK selected as MCO clock
 977:Drivers/STM32F0xx_HAL_Driver/Src/stm32f0xx_hal_rcc.c ****   @elif STM32F070xB
 978:Drivers/STM32F0xx_HAL_Driver/Src/stm32f0xx_hal_rcc.c ****   *            @arg @ref RCC_MCO1SOURCE_PLLCLK      PLLCLK selected as MCO clock
 979:Drivers/STM32F0xx_HAL_Driver/Src/stm32f0xx_hal_rcc.c ****   @endif
 980:Drivers/STM32F0xx_HAL_Driver/Src/stm32f0xx_hal_rcc.c ****   *            @arg @ref RCC_MCO1SOURCE_PLLCLK_DIV2 PLLCLK Divided by 2 selected as MCO clock
 981:Drivers/STM32F0xx_HAL_Driver/Src/stm32f0xx_hal_rcc.c ****   * @param  RCC_MCODiv specifies the MCO DIV.
 982:Drivers/STM32F0xx_HAL_Driver/Src/stm32f0xx_hal_rcc.c ****   *          This parameter can be one of the following values:
 983:Drivers/STM32F0xx_HAL_Driver/Src/stm32f0xx_hal_rcc.c ****   *            @arg @ref RCC_MCODIV_1   no division applied to MCO clock
 984:Drivers/STM32F0xx_HAL_Driver/Src/stm32f0xx_hal_rcc.c ****   *            @arg @ref RCC_MCODIV_2   division by 2 applied to MCO clock
 985:Drivers/STM32F0xx_HAL_Driver/Src/stm32f0xx_hal_rcc.c ****   *            @arg @ref RCC_MCODIV_4   division by 4 applied to MCO clock
 986:Drivers/STM32F0xx_HAL_Driver/Src/stm32f0xx_hal_rcc.c ****   *            @arg @ref RCC_MCODIV_8   division by 8 applied to MCO clock
 987:Drivers/STM32F0xx_HAL_Driver/Src/stm32f0xx_hal_rcc.c ****   *            @arg @ref RCC_MCODIV_16  division by 16 applied to MCO clock
 988:Drivers/STM32F0xx_HAL_Driver/Src/stm32f0xx_hal_rcc.c ****   *            @arg @ref RCC_MCODIV_32  division by 32 applied to MCO clock
 989:Drivers/STM32F0xx_HAL_Driver/Src/stm32f0xx_hal_rcc.c ****   *            @arg @ref RCC_MCODIV_64  division by 64 applied to MCO clock
 990:Drivers/STM32F0xx_HAL_Driver/Src/stm32f0xx_hal_rcc.c ****   *            @arg @ref RCC_MCODIV_128 division by 128 applied to MCO clock
 991:Drivers/STM32F0xx_HAL_Driver/Src/stm32f0xx_hal_rcc.c ****   * @retval None
 992:Drivers/STM32F0xx_HAL_Driver/Src/stm32f0xx_hal_rcc.c ****   */
 993:Drivers/STM32F0xx_HAL_Driver/Src/stm32f0xx_hal_rcc.c **** #else
 994:Drivers/STM32F0xx_HAL_Driver/Src/stm32f0xx_hal_rcc.c **** /**
 995:Drivers/STM32F0xx_HAL_Driver/Src/stm32f0xx_hal_rcc.c ****   * @brief  Selects the clock source to output on MCO pin.
 996:Drivers/STM32F0xx_HAL_Driver/Src/stm32f0xx_hal_rcc.c ****   * @note   MCO pin should be configured in alternate function mode.
 997:Drivers/STM32F0xx_HAL_Driver/Src/stm32f0xx_hal_rcc.c ****   * @param  RCC_MCOx specifies the output direction for the clock source.
 998:Drivers/STM32F0xx_HAL_Driver/Src/stm32f0xx_hal_rcc.c ****   *          This parameter can be one of the following values:
 999:Drivers/STM32F0xx_HAL_Driver/Src/stm32f0xx_hal_rcc.c ****   *            @arg @ref RCC_MCO1 Clock source to output on MCO1 pin(PA8).
1000:Drivers/STM32F0xx_HAL_Driver/Src/stm32f0xx_hal_rcc.c ****   * @param  RCC_MCOSource specifies the clock source to output.
1001:Drivers/STM32F0xx_HAL_Driver/Src/stm32f0xx_hal_rcc.c ****   *          This parameter can be one of the following values:
1002:Drivers/STM32F0xx_HAL_Driver/Src/stm32f0xx_hal_rcc.c ****   *            @arg @ref RCC_MCO1SOURCE_NOCLOCK     No clock selected as MCO clock
1003:Drivers/STM32F0xx_HAL_Driver/Src/stm32f0xx_hal_rcc.c ****   *            @arg @ref RCC_MCO1SOURCE_SYSCLK      System clock selected as MCO clock
1004:Drivers/STM32F0xx_HAL_Driver/Src/stm32f0xx_hal_rcc.c ****   *            @arg @ref RCC_MCO1SOURCE_HSI         HSI selected as MCO clock
1005:Drivers/STM32F0xx_HAL_Driver/Src/stm32f0xx_hal_rcc.c ****   *            @arg @ref RCC_MCO1SOURCE_HSE         HSE selected as MCO clock
1006:Drivers/STM32F0xx_HAL_Driver/Src/stm32f0xx_hal_rcc.c ****   *            @arg @ref RCC_MCO1SOURCE_LSI         LSI selected as MCO clock
1007:Drivers/STM32F0xx_HAL_Driver/Src/stm32f0xx_hal_rcc.c ****   *            @arg @ref RCC_MCO1SOURCE_LSE         LSE selected as MCO clock
1008:Drivers/STM32F0xx_HAL_Driver/Src/stm32f0xx_hal_rcc.c ****   *            @arg @ref RCC_MCO1SOURCE_HSI14       HSI14 selected as MCO clock
1009:Drivers/STM32F0xx_HAL_Driver/Src/stm32f0xx_hal_rcc.c ****   *            @arg @ref RCC_MCO1SOURCE_PLLCLK_DIV2 PLLCLK Divided by 2 selected as MCO clock
1010:Drivers/STM32F0xx_HAL_Driver/Src/stm32f0xx_hal_rcc.c ****   * @param  RCC_MCODiv specifies the MCO DIV.
ARM GAS  C:\msys64\tmp\ccinQ4cb.s 			page 45


1011:Drivers/STM32F0xx_HAL_Driver/Src/stm32f0xx_hal_rcc.c ****   *          This parameter can be one of the following values:
1012:Drivers/STM32F0xx_HAL_Driver/Src/stm32f0xx_hal_rcc.c ****   *            @arg @ref RCC_MCODIV_1 no division applied to MCO clock
1013:Drivers/STM32F0xx_HAL_Driver/Src/stm32f0xx_hal_rcc.c ****   * @retval None
1014:Drivers/STM32F0xx_HAL_Driver/Src/stm32f0xx_hal_rcc.c ****   */
1015:Drivers/STM32F0xx_HAL_Driver/Src/stm32f0xx_hal_rcc.c **** #endif
1016:Drivers/STM32F0xx_HAL_Driver/Src/stm32f0xx_hal_rcc.c **** void HAL_RCC_MCOConfig(uint32_t RCC_MCOx, uint32_t RCC_MCOSource, uint32_t RCC_MCODiv)
1017:Drivers/STM32F0xx_HAL_Driver/Src/stm32f0xx_hal_rcc.c **** {
 1222              		.loc 1 1017 1 is_stmt 1 view -0
 1223              		.cfi_startproc
 1224              		@ args = 0, pretend = 0, frame = 24
 1225              		@ frame_needed = 0, uses_anonymous_args = 0
 1226              		.loc 1 1017 1 is_stmt 0 view .LVU363
 1227 0000 30B5     		push	{r4, r5, lr}
 1228              	.LCFI3:
 1229              		.cfi_def_cfa_offset 12
 1230              		.cfi_offset 4, -12
 1231              		.cfi_offset 5, -8
 1232              		.cfi_offset 14, -4
 1233 0002 87B0     		sub	sp, sp, #28
 1234              	.LCFI4:
 1235              		.cfi_def_cfa_offset 40
 1236 0004 0D00     		movs	r5, r1
1018:Drivers/STM32F0xx_HAL_Driver/Src/stm32f0xx_hal_rcc.c ****   GPIO_InitTypeDef gpio;
 1237              		.loc 1 1018 3 is_stmt 1 view .LVU364
1019:Drivers/STM32F0xx_HAL_Driver/Src/stm32f0xx_hal_rcc.c **** 
1020:Drivers/STM32F0xx_HAL_Driver/Src/stm32f0xx_hal_rcc.c ****   /* Check the parameters */
1021:Drivers/STM32F0xx_HAL_Driver/Src/stm32f0xx_hal_rcc.c ****   assert_param(IS_RCC_MCO(RCC_MCOx));
 1238              		.loc 1 1021 3 view .LVU365
1022:Drivers/STM32F0xx_HAL_Driver/Src/stm32f0xx_hal_rcc.c ****   assert_param(IS_RCC_MCODIV(RCC_MCODiv));
 1239              		.loc 1 1022 3 view .LVU366
1023:Drivers/STM32F0xx_HAL_Driver/Src/stm32f0xx_hal_rcc.c ****   assert_param(IS_RCC_MCO1SOURCE(RCC_MCOSource));
 1240              		.loc 1 1023 3 view .LVU367
1024:Drivers/STM32F0xx_HAL_Driver/Src/stm32f0xx_hal_rcc.c **** 
1025:Drivers/STM32F0xx_HAL_Driver/Src/stm32f0xx_hal_rcc.c ****   /* Prevent unused argument(s) compilation warning */
1026:Drivers/STM32F0xx_HAL_Driver/Src/stm32f0xx_hal_rcc.c ****   UNUSED(RCC_MCOx);
 1241              		.loc 1 1026 3 view .LVU368
1027:Drivers/STM32F0xx_HAL_Driver/Src/stm32f0xx_hal_rcc.c **** 
1028:Drivers/STM32F0xx_HAL_Driver/Src/stm32f0xx_hal_rcc.c ****   /* Configure the MCO1 pin in alternate function mode */
1029:Drivers/STM32F0xx_HAL_Driver/Src/stm32f0xx_hal_rcc.c ****   gpio.Mode      = GPIO_MODE_AF_PP;
 1242              		.loc 1 1029 3 view .LVU369
 1243              		.loc 1 1029 18 is_stmt 0 view .LVU370
 1244 0006 01A9     		add	r1, sp, #4
 1245              	.LVL87:
 1246              		.loc 1 1029 18 view .LVU371
 1247 0008 0223     		movs	r3, #2
 1248 000a 4B60     		str	r3, [r1, #4]
1030:Drivers/STM32F0xx_HAL_Driver/Src/stm32f0xx_hal_rcc.c ****   gpio.Speed     = GPIO_SPEED_FREQ_HIGH;
 1249              		.loc 1 1030 3 is_stmt 1 view .LVU372
 1250              		.loc 1 1030 18 is_stmt 0 view .LVU373
 1251 000c 0133     		adds	r3, r3, #1
 1252 000e CB60     		str	r3, [r1, #12]
1031:Drivers/STM32F0xx_HAL_Driver/Src/stm32f0xx_hal_rcc.c ****   gpio.Pull      = GPIO_NOPULL;
 1253              		.loc 1 1031 3 is_stmt 1 view .LVU374
 1254              		.loc 1 1031 18 is_stmt 0 view .LVU375
 1255 0010 0023     		movs	r3, #0
 1256 0012 8B60     		str	r3, [r1, #8]
1032:Drivers/STM32F0xx_HAL_Driver/Src/stm32f0xx_hal_rcc.c ****   gpio.Pin       = MCO1_PIN;
ARM GAS  C:\msys64\tmp\ccinQ4cb.s 			page 46


 1257              		.loc 1 1032 3 is_stmt 1 view .LVU376
 1258              		.loc 1 1032 18 is_stmt 0 view .LVU377
 1259 0014 8022     		movs	r2, #128
 1260              	.LVL88:
 1261              		.loc 1 1032 18 view .LVU378
 1262 0016 5200     		lsls	r2, r2, #1
 1263 0018 0192     		str	r2, [sp, #4]
1033:Drivers/STM32F0xx_HAL_Driver/Src/stm32f0xx_hal_rcc.c ****   gpio.Alternate = GPIO_AF0_MCO;
 1264              		.loc 1 1033 3 is_stmt 1 view .LVU379
 1265              		.loc 1 1033 18 is_stmt 0 view .LVU380
 1266 001a 0B61     		str	r3, [r1, #16]
1034:Drivers/STM32F0xx_HAL_Driver/Src/stm32f0xx_hal_rcc.c **** 
1035:Drivers/STM32F0xx_HAL_Driver/Src/stm32f0xx_hal_rcc.c ****   /* MCO1 Clock Enable */
1036:Drivers/STM32F0xx_HAL_Driver/Src/stm32f0xx_hal_rcc.c ****   MCO1_CLK_ENABLE();
 1267              		.loc 1 1036 3 is_stmt 1 view .LVU381
 1268              	.LBB5:
 1269              		.loc 1 1036 3 view .LVU382
 1270              		.loc 1 1036 3 view .LVU383
 1271 001c 0A4C     		ldr	r4, .L110
 1272 001e 6369     		ldr	r3, [r4, #20]
 1273 0020 8022     		movs	r2, #128
 1274 0022 9202     		lsls	r2, r2, #10
 1275 0024 1343     		orrs	r3, r2
 1276 0026 6361     		str	r3, [r4, #20]
 1277              		.loc 1 1036 3 view .LVU384
 1278 0028 6369     		ldr	r3, [r4, #20]
 1279 002a 1340     		ands	r3, r2
 1280 002c 0093     		str	r3, [sp]
 1281              		.loc 1 1036 3 view .LVU385
 1282 002e 009B     		ldr	r3, [sp]
 1283              	.LBE5:
 1284              		.loc 1 1036 3 view .LVU386
1037:Drivers/STM32F0xx_HAL_Driver/Src/stm32f0xx_hal_rcc.c ****   
1038:Drivers/STM32F0xx_HAL_Driver/Src/stm32f0xx_hal_rcc.c ****   HAL_GPIO_Init(MCO1_GPIO_PORT, &gpio);
 1285              		.loc 1 1038 3 view .LVU387
 1286 0030 9020     		movs	r0, #144
 1287              	.LVL89:
 1288              		.loc 1 1038 3 is_stmt 0 view .LVU388
 1289 0032 C005     		lsls	r0, r0, #23
 1290 0034 FFF7FEFF 		bl	HAL_GPIO_Init
 1291              	.LVL90:
1039:Drivers/STM32F0xx_HAL_Driver/Src/stm32f0xx_hal_rcc.c ****   
1040:Drivers/STM32F0xx_HAL_Driver/Src/stm32f0xx_hal_rcc.c ****   /* Configure the MCO clock source */
1041:Drivers/STM32F0xx_HAL_Driver/Src/stm32f0xx_hal_rcc.c ****   __HAL_RCC_MCO1_CONFIG(RCC_MCOSource, RCC_MCODiv);
 1292              		.loc 1 1041 3 is_stmt 1 view .LVU389
 1293 0038 6168     		ldr	r1, [r4, #4]
 1294 003a 044B     		ldr	r3, .L110+4
 1295 003c 1940     		ands	r1, r3
 1296 003e 2943     		orrs	r1, r5
 1297 0040 6160     		str	r1, [r4, #4]
1042:Drivers/STM32F0xx_HAL_Driver/Src/stm32f0xx_hal_rcc.c **** }
 1298              		.loc 1 1042 1 is_stmt 0 view .LVU390
 1299 0042 07B0     		add	sp, sp, #28
 1300              		@ sp needed
 1301              	.LVL91:
 1302              		.loc 1 1042 1 view .LVU391
 1303 0044 30BD     		pop	{r4, r5, pc}
ARM GAS  C:\msys64\tmp\ccinQ4cb.s 			page 47


 1304              	.L111:
 1305 0046 C046     		.align	2
 1306              	.L110:
 1307 0048 00100240 		.word	1073876992
 1308 004c FFFFFFF0 		.word	-251658241
 1309              		.cfi_endproc
 1310              	.LFE43:
 1312              		.section	.text.HAL_RCC_EnableCSS,"ax",%progbits
 1313              		.align	1
 1314              		.global	HAL_RCC_EnableCSS
 1315              		.syntax unified
 1316              		.code	16
 1317              		.thumb_func
 1319              	HAL_RCC_EnableCSS:
 1320              	.LFB44:
1043:Drivers/STM32F0xx_HAL_Driver/Src/stm32f0xx_hal_rcc.c **** 
1044:Drivers/STM32F0xx_HAL_Driver/Src/stm32f0xx_hal_rcc.c **** /**
1045:Drivers/STM32F0xx_HAL_Driver/Src/stm32f0xx_hal_rcc.c ****   * @brief  Enables the Clock Security System.
1046:Drivers/STM32F0xx_HAL_Driver/Src/stm32f0xx_hal_rcc.c ****   * @note   If a failure is detected on the HSE oscillator clock, this oscillator
1047:Drivers/STM32F0xx_HAL_Driver/Src/stm32f0xx_hal_rcc.c ****   *         is automatically disabled and an interrupt is generated to inform the
1048:Drivers/STM32F0xx_HAL_Driver/Src/stm32f0xx_hal_rcc.c ****   *         software about the failure (Clock Security System Interrupt, CSSI),
1049:Drivers/STM32F0xx_HAL_Driver/Src/stm32f0xx_hal_rcc.c ****   *         allowing the MCU to perform rescue operations. The CSSI is linked to 
1050:Drivers/STM32F0xx_HAL_Driver/Src/stm32f0xx_hal_rcc.c ****   *         the Cortex-M0 NMI (Non-Maskable Interrupt) exception vector.  
1051:Drivers/STM32F0xx_HAL_Driver/Src/stm32f0xx_hal_rcc.c ****   * @retval None
1052:Drivers/STM32F0xx_HAL_Driver/Src/stm32f0xx_hal_rcc.c ****   */
1053:Drivers/STM32F0xx_HAL_Driver/Src/stm32f0xx_hal_rcc.c **** void HAL_RCC_EnableCSS(void)
1054:Drivers/STM32F0xx_HAL_Driver/Src/stm32f0xx_hal_rcc.c **** {
 1321              		.loc 1 1054 1 is_stmt 1 view -0
 1322              		.cfi_startproc
 1323              		@ args = 0, pretend = 0, frame = 0
 1324              		@ frame_needed = 0, uses_anonymous_args = 0
 1325              		@ link register save eliminated.
1055:Drivers/STM32F0xx_HAL_Driver/Src/stm32f0xx_hal_rcc.c ****   SET_BIT(RCC->CR, RCC_CR_CSSON) ;
 1326              		.loc 1 1055 3 view .LVU393
 1327 0000 034A     		ldr	r2, .L113
 1328 0002 1168     		ldr	r1, [r2]
 1329 0004 8023     		movs	r3, #128
 1330 0006 1B03     		lsls	r3, r3, #12
 1331 0008 0B43     		orrs	r3, r1
 1332 000a 1360     		str	r3, [r2]
1056:Drivers/STM32F0xx_HAL_Driver/Src/stm32f0xx_hal_rcc.c **** }
 1333              		.loc 1 1056 1 is_stmt 0 view .LVU394
 1334              		@ sp needed
 1335 000c 7047     		bx	lr
 1336              	.L114:
 1337 000e C046     		.align	2
 1338              	.L113:
 1339 0010 00100240 		.word	1073876992
 1340              		.cfi_endproc
 1341              	.LFE44:
 1343              		.section	.text.HAL_RCC_DisableCSS,"ax",%progbits
 1344              		.align	1
 1345              		.global	HAL_RCC_DisableCSS
 1346              		.syntax unified
 1347              		.code	16
 1348              		.thumb_func
 1350              	HAL_RCC_DisableCSS:
ARM GAS  C:\msys64\tmp\ccinQ4cb.s 			page 48


 1351              	.LFB45:
1057:Drivers/STM32F0xx_HAL_Driver/Src/stm32f0xx_hal_rcc.c **** 
1058:Drivers/STM32F0xx_HAL_Driver/Src/stm32f0xx_hal_rcc.c **** /**
1059:Drivers/STM32F0xx_HAL_Driver/Src/stm32f0xx_hal_rcc.c ****   * @brief  Disables the Clock Security System.
1060:Drivers/STM32F0xx_HAL_Driver/Src/stm32f0xx_hal_rcc.c ****   * @retval None
1061:Drivers/STM32F0xx_HAL_Driver/Src/stm32f0xx_hal_rcc.c ****   */
1062:Drivers/STM32F0xx_HAL_Driver/Src/stm32f0xx_hal_rcc.c **** void HAL_RCC_DisableCSS(void)
1063:Drivers/STM32F0xx_HAL_Driver/Src/stm32f0xx_hal_rcc.c **** {
 1352              		.loc 1 1063 1 is_stmt 1 view -0
 1353              		.cfi_startproc
 1354              		@ args = 0, pretend = 0, frame = 0
 1355              		@ frame_needed = 0, uses_anonymous_args = 0
 1356              		@ link register save eliminated.
1064:Drivers/STM32F0xx_HAL_Driver/Src/stm32f0xx_hal_rcc.c ****   CLEAR_BIT(RCC->CR, RCC_CR_CSSON) ;
 1357              		.loc 1 1064 3 view .LVU396
 1358 0000 024A     		ldr	r2, .L116
 1359 0002 1368     		ldr	r3, [r2]
 1360 0004 0249     		ldr	r1, .L116+4
 1361 0006 0B40     		ands	r3, r1
 1362 0008 1360     		str	r3, [r2]
1065:Drivers/STM32F0xx_HAL_Driver/Src/stm32f0xx_hal_rcc.c **** }
 1363              		.loc 1 1065 1 is_stmt 0 view .LVU397
 1364              		@ sp needed
 1365 000a 7047     		bx	lr
 1366              	.L117:
 1367              		.align	2
 1368              	.L116:
 1369 000c 00100240 		.word	1073876992
 1370 0010 FFFFF7FF 		.word	-524289
 1371              		.cfi_endproc
 1372              	.LFE45:
 1374              		.section	.text.HAL_RCC_GetSysClockFreq,"ax",%progbits
 1375              		.align	1
 1376              		.global	HAL_RCC_GetSysClockFreq
 1377              		.syntax unified
 1378              		.code	16
 1379              		.thumb_func
 1381              	HAL_RCC_GetSysClockFreq:
 1382              	.LFB46:
1066:Drivers/STM32F0xx_HAL_Driver/Src/stm32f0xx_hal_rcc.c **** 
1067:Drivers/STM32F0xx_HAL_Driver/Src/stm32f0xx_hal_rcc.c **** /**
1068:Drivers/STM32F0xx_HAL_Driver/Src/stm32f0xx_hal_rcc.c ****   * @brief  Returns the SYSCLK frequency     
1069:Drivers/STM32F0xx_HAL_Driver/Src/stm32f0xx_hal_rcc.c ****   * @note   The system frequency computed by this function is not the real 
1070:Drivers/STM32F0xx_HAL_Driver/Src/stm32f0xx_hal_rcc.c ****   *         frequency in the chip. It is calculated based on the predefined 
1071:Drivers/STM32F0xx_HAL_Driver/Src/stm32f0xx_hal_rcc.c ****   *         constant and the selected clock source:
1072:Drivers/STM32F0xx_HAL_Driver/Src/stm32f0xx_hal_rcc.c ****   * @note     If SYSCLK source is HSI, function returns values based on HSI_VALUE(*)
1073:Drivers/STM32F0xx_HAL_Driver/Src/stm32f0xx_hal_rcc.c ****   * @note     If SYSCLK source is HSE, function returns a value based on HSE_VALUE
1074:Drivers/STM32F0xx_HAL_Driver/Src/stm32f0xx_hal_rcc.c ****   *           divided by PREDIV factor(**)
1075:Drivers/STM32F0xx_HAL_Driver/Src/stm32f0xx_hal_rcc.c ****   * @note     If SYSCLK source is PLL, function returns a value based on HSE_VALUE
1076:Drivers/STM32F0xx_HAL_Driver/Src/stm32f0xx_hal_rcc.c ****   *           divided by PREDIV factor(**) or depending on STM32F0xxxx devices either a value based
1077:Drivers/STM32F0xx_HAL_Driver/Src/stm32f0xx_hal_rcc.c ****   *           on HSI_VALUE divided by 2 or HSI_VALUE divided by PREDIV factor(*) multiplied by the 
1078:Drivers/STM32F0xx_HAL_Driver/Src/stm32f0xx_hal_rcc.c ****   *           PLL factor.
1079:Drivers/STM32F0xx_HAL_Driver/Src/stm32f0xx_hal_rcc.c ****   * @note     (*) HSI_VALUE is a constant defined in stm32f0xx_hal_conf.h file (default value
1080:Drivers/STM32F0xx_HAL_Driver/Src/stm32f0xx_hal_rcc.c ****   *               8 MHz) but the real value may vary depending on the variations
1081:Drivers/STM32F0xx_HAL_Driver/Src/stm32f0xx_hal_rcc.c ****   *               in voltage and temperature.
1082:Drivers/STM32F0xx_HAL_Driver/Src/stm32f0xx_hal_rcc.c ****   * @note     (**) HSE_VALUE is a constant defined in stm32f0xx_hal_conf.h file (default value
1083:Drivers/STM32F0xx_HAL_Driver/Src/stm32f0xx_hal_rcc.c ****   *                8 MHz), user has to ensure that HSE_VALUE is same as the real
ARM GAS  C:\msys64\tmp\ccinQ4cb.s 			page 49


1084:Drivers/STM32F0xx_HAL_Driver/Src/stm32f0xx_hal_rcc.c ****   *                frequency of the crystal used. Otherwise, this function may
1085:Drivers/STM32F0xx_HAL_Driver/Src/stm32f0xx_hal_rcc.c ****   *                have wrong result.
1086:Drivers/STM32F0xx_HAL_Driver/Src/stm32f0xx_hal_rcc.c ****   *                  
1087:Drivers/STM32F0xx_HAL_Driver/Src/stm32f0xx_hal_rcc.c ****   * @note   The result of this function could be not correct when using fractional
1088:Drivers/STM32F0xx_HAL_Driver/Src/stm32f0xx_hal_rcc.c ****   *         value for HSE crystal.
1089:Drivers/STM32F0xx_HAL_Driver/Src/stm32f0xx_hal_rcc.c ****   *           
1090:Drivers/STM32F0xx_HAL_Driver/Src/stm32f0xx_hal_rcc.c ****   * @note   This function can be used by the user application to compute the 
1091:Drivers/STM32F0xx_HAL_Driver/Src/stm32f0xx_hal_rcc.c ****   *         baud-rate for the communication peripherals or configure other parameters.
1092:Drivers/STM32F0xx_HAL_Driver/Src/stm32f0xx_hal_rcc.c ****   *           
1093:Drivers/STM32F0xx_HAL_Driver/Src/stm32f0xx_hal_rcc.c ****   * @note   Each time SYSCLK changes, this function must be called to update the
1094:Drivers/STM32F0xx_HAL_Driver/Src/stm32f0xx_hal_rcc.c ****   *         right SYSCLK value. Otherwise, any configuration based on this function will be incorre
1095:Drivers/STM32F0xx_HAL_Driver/Src/stm32f0xx_hal_rcc.c ****   *         
1096:Drivers/STM32F0xx_HAL_Driver/Src/stm32f0xx_hal_rcc.c ****   * @retval SYSCLK frequency
1097:Drivers/STM32F0xx_HAL_Driver/Src/stm32f0xx_hal_rcc.c ****   */
1098:Drivers/STM32F0xx_HAL_Driver/Src/stm32f0xx_hal_rcc.c **** uint32_t HAL_RCC_GetSysClockFreq(void)
1099:Drivers/STM32F0xx_HAL_Driver/Src/stm32f0xx_hal_rcc.c **** {
 1383              		.loc 1 1099 1 is_stmt 1 view -0
 1384              		.cfi_startproc
 1385              		@ args = 0, pretend = 0, frame = 0
 1386              		@ frame_needed = 0, uses_anonymous_args = 0
 1387 0000 10B5     		push	{r4, lr}
 1388              	.LCFI5:
 1389              		.cfi_def_cfa_offset 8
 1390              		.cfi_offset 4, -8
 1391              		.cfi_offset 14, -4
1100:Drivers/STM32F0xx_HAL_Driver/Src/stm32f0xx_hal_rcc.c ****   static const uint8_t aPLLMULFactorTable[16U] = { 2U,  3U,  4U,  5U,  6U,  7U,  8U,  9U,
 1392              		.loc 1 1100 3 view .LVU399
1101:Drivers/STM32F0xx_HAL_Driver/Src/stm32f0xx_hal_rcc.c ****                                                    10U, 11U, 12U, 13U, 14U, 15U, 16U, 16U};
1102:Drivers/STM32F0xx_HAL_Driver/Src/stm32f0xx_hal_rcc.c ****   static const uint8_t aPredivFactorTable[16U] = { 1U, 2U,  3U,  4U,  5U,  6U,  7U,  8U,
 1393              		.loc 1 1102 3 view .LVU400
1103:Drivers/STM32F0xx_HAL_Driver/Src/stm32f0xx_hal_rcc.c ****                                                    9U,10U, 11U, 12U, 13U, 14U, 15U, 16U};
1104:Drivers/STM32F0xx_HAL_Driver/Src/stm32f0xx_hal_rcc.c **** 
1105:Drivers/STM32F0xx_HAL_Driver/Src/stm32f0xx_hal_rcc.c ****   uint32_t tmpreg = 0U, prediv = 0U, pllclk = 0U, pllmul = 0U;
 1394              		.loc 1 1105 3 view .LVU401
 1395              	.LVL92:
1106:Drivers/STM32F0xx_HAL_Driver/Src/stm32f0xx_hal_rcc.c ****   uint32_t sysclockfreq = 0U;
 1396              		.loc 1 1106 3 view .LVU402
1107:Drivers/STM32F0xx_HAL_Driver/Src/stm32f0xx_hal_rcc.c ****   
1108:Drivers/STM32F0xx_HAL_Driver/Src/stm32f0xx_hal_rcc.c ****   tmpreg = RCC->CFGR;
 1397              		.loc 1 1108 3 view .LVU403
 1398              		.loc 1 1108 10 is_stmt 0 view .LVU404
 1399 0002 114B     		ldr	r3, .L123
 1400 0004 5A68     		ldr	r2, [r3, #4]
 1401              	.LVL93:
1109:Drivers/STM32F0xx_HAL_Driver/Src/stm32f0xx_hal_rcc.c ****   
1110:Drivers/STM32F0xx_HAL_Driver/Src/stm32f0xx_hal_rcc.c ****   /* Get SYSCLK source -------------------------------------------------------*/
1111:Drivers/STM32F0xx_HAL_Driver/Src/stm32f0xx_hal_rcc.c ****   switch (tmpreg & RCC_CFGR_SWS)
 1402              		.loc 1 1111 3 is_stmt 1 view .LVU405
 1403              		.loc 1 1111 18 is_stmt 0 view .LVU406
 1404 0006 0C23     		movs	r3, #12
 1405 0008 1340     		ands	r3, r2
 1406              		.loc 1 1111 3 view .LVU407
 1407 000a 082B     		cmp	r3, #8
 1408 000c 01D0     		beq	.L122
1112:Drivers/STM32F0xx_HAL_Driver/Src/stm32f0xx_hal_rcc.c ****   {
1113:Drivers/STM32F0xx_HAL_Driver/Src/stm32f0xx_hal_rcc.c ****     case RCC_SYSCLKSOURCE_STATUS_HSE:  /* HSE used as system clock */
1114:Drivers/STM32F0xx_HAL_Driver/Src/stm32f0xx_hal_rcc.c ****     {
ARM GAS  C:\msys64\tmp\ccinQ4cb.s 			page 50


1115:Drivers/STM32F0xx_HAL_Driver/Src/stm32f0xx_hal_rcc.c ****       sysclockfreq = HSE_VALUE;
 1409              		.loc 1 1115 20 view .LVU408
 1410 000e 0F48     		ldr	r0, .L123+4
 1411              	.LVL94:
1116:Drivers/STM32F0xx_HAL_Driver/Src/stm32f0xx_hal_rcc.c ****       break;
1117:Drivers/STM32F0xx_HAL_Driver/Src/stm32f0xx_hal_rcc.c ****     }
1118:Drivers/STM32F0xx_HAL_Driver/Src/stm32f0xx_hal_rcc.c ****     case RCC_SYSCLKSOURCE_STATUS_PLLCLK:  /* PLL used as system clock */
1119:Drivers/STM32F0xx_HAL_Driver/Src/stm32f0xx_hal_rcc.c ****     {
1120:Drivers/STM32F0xx_HAL_Driver/Src/stm32f0xx_hal_rcc.c ****       pllmul = aPLLMULFactorTable[(uint32_t)(tmpreg & RCC_CFGR_PLLMUL) >> RCC_CFGR_PLLMUL_BITNUMBER
1121:Drivers/STM32F0xx_HAL_Driver/Src/stm32f0xx_hal_rcc.c ****       prediv = aPredivFactorTable[(uint32_t)(RCC->CFGR2 & RCC_CFGR2_PREDIV) >> RCC_CFGR2_PREDIV_BIT
1122:Drivers/STM32F0xx_HAL_Driver/Src/stm32f0xx_hal_rcc.c ****       if ((tmpreg & RCC_CFGR_PLLSRC) == RCC_PLLSOURCE_HSE)
1123:Drivers/STM32F0xx_HAL_Driver/Src/stm32f0xx_hal_rcc.c ****       {
1124:Drivers/STM32F0xx_HAL_Driver/Src/stm32f0xx_hal_rcc.c ****         /* HSE used as PLL clock source : PLLCLK = HSE/PREDIV * PLLMUL */
1125:Drivers/STM32F0xx_HAL_Driver/Src/stm32f0xx_hal_rcc.c ****         pllclk = (uint32_t)((uint64_t) HSE_VALUE / (uint64_t) (prediv)) * ((uint64_t) pllmul);
1126:Drivers/STM32F0xx_HAL_Driver/Src/stm32f0xx_hal_rcc.c ****       }
1127:Drivers/STM32F0xx_HAL_Driver/Src/stm32f0xx_hal_rcc.c **** #if defined(RCC_CFGR_PLLSRC_HSI48_PREDIV)
1128:Drivers/STM32F0xx_HAL_Driver/Src/stm32f0xx_hal_rcc.c ****       else if ((tmpreg & RCC_CFGR_PLLSRC) == RCC_PLLSOURCE_HSI48)
1129:Drivers/STM32F0xx_HAL_Driver/Src/stm32f0xx_hal_rcc.c ****       {
1130:Drivers/STM32F0xx_HAL_Driver/Src/stm32f0xx_hal_rcc.c ****         /* HSI48 used as PLL clock source : PLLCLK = HSI48/PREDIV * PLLMUL */
1131:Drivers/STM32F0xx_HAL_Driver/Src/stm32f0xx_hal_rcc.c ****         pllclk = (uint32_t)((uint64_t) HSI48_VALUE / (uint64_t) (prediv)) * ((uint64_t) pllmul);
1132:Drivers/STM32F0xx_HAL_Driver/Src/stm32f0xx_hal_rcc.c ****       }
1133:Drivers/STM32F0xx_HAL_Driver/Src/stm32f0xx_hal_rcc.c **** #endif /* RCC_CFGR_PLLSRC_HSI48_PREDIV */
1134:Drivers/STM32F0xx_HAL_Driver/Src/stm32f0xx_hal_rcc.c ****       else
1135:Drivers/STM32F0xx_HAL_Driver/Src/stm32f0xx_hal_rcc.c ****       {
1136:Drivers/STM32F0xx_HAL_Driver/Src/stm32f0xx_hal_rcc.c **** #if  (defined(STM32F042x6) || defined(STM32F048xx) || defined(STM32F070x6) || defined(STM32F071xB) 
1137:Drivers/STM32F0xx_HAL_Driver/Src/stm32f0xx_hal_rcc.c ****         /* HSI used as PLL clock source : PLLCLK = HSI/PREDIV * PLLMUL */
1138:Drivers/STM32F0xx_HAL_Driver/Src/stm32f0xx_hal_rcc.c ****         pllclk = (uint32_t)((uint64_t) HSI_VALUE / (uint64_t) (prediv)) * ((uint64_t) pllmul);
1139:Drivers/STM32F0xx_HAL_Driver/Src/stm32f0xx_hal_rcc.c **** #else
1140:Drivers/STM32F0xx_HAL_Driver/Src/stm32f0xx_hal_rcc.c ****         /* HSI used as PLL clock source : PLLCLK = HSI/2 * PLLMUL */
1141:Drivers/STM32F0xx_HAL_Driver/Src/stm32f0xx_hal_rcc.c ****         pllclk = (uint32_t)((uint64_t) (HSI_VALUE >> 1U) * ((uint64_t) pllmul));
1142:Drivers/STM32F0xx_HAL_Driver/Src/stm32f0xx_hal_rcc.c **** #endif
1143:Drivers/STM32F0xx_HAL_Driver/Src/stm32f0xx_hal_rcc.c ****       }
1144:Drivers/STM32F0xx_HAL_Driver/Src/stm32f0xx_hal_rcc.c ****       sysclockfreq = pllclk;
1145:Drivers/STM32F0xx_HAL_Driver/Src/stm32f0xx_hal_rcc.c ****       break;
1146:Drivers/STM32F0xx_HAL_Driver/Src/stm32f0xx_hal_rcc.c ****     }
1147:Drivers/STM32F0xx_HAL_Driver/Src/stm32f0xx_hal_rcc.c **** #if defined(RCC_CFGR_SWS_HSI48)
1148:Drivers/STM32F0xx_HAL_Driver/Src/stm32f0xx_hal_rcc.c ****     case RCC_SYSCLKSOURCE_STATUS_HSI48:    /* HSI48 used as system clock source */
1149:Drivers/STM32F0xx_HAL_Driver/Src/stm32f0xx_hal_rcc.c ****     {
1150:Drivers/STM32F0xx_HAL_Driver/Src/stm32f0xx_hal_rcc.c ****       sysclockfreq = HSI48_VALUE;
1151:Drivers/STM32F0xx_HAL_Driver/Src/stm32f0xx_hal_rcc.c ****       break;
1152:Drivers/STM32F0xx_HAL_Driver/Src/stm32f0xx_hal_rcc.c ****     }
1153:Drivers/STM32F0xx_HAL_Driver/Src/stm32f0xx_hal_rcc.c **** #endif /* RCC_CFGR_SWS_HSI48 */
1154:Drivers/STM32F0xx_HAL_Driver/Src/stm32f0xx_hal_rcc.c ****     case RCC_SYSCLKSOURCE_STATUS_HSI:  /* HSI used as system clock source */
1155:Drivers/STM32F0xx_HAL_Driver/Src/stm32f0xx_hal_rcc.c ****     default: /* HSI used as system clock */
1156:Drivers/STM32F0xx_HAL_Driver/Src/stm32f0xx_hal_rcc.c ****     {
1157:Drivers/STM32F0xx_HAL_Driver/Src/stm32f0xx_hal_rcc.c ****       sysclockfreq = HSI_VALUE;
1158:Drivers/STM32F0xx_HAL_Driver/Src/stm32f0xx_hal_rcc.c ****       break;
1159:Drivers/STM32F0xx_HAL_Driver/Src/stm32f0xx_hal_rcc.c ****     }
1160:Drivers/STM32F0xx_HAL_Driver/Src/stm32f0xx_hal_rcc.c ****   }
1161:Drivers/STM32F0xx_HAL_Driver/Src/stm32f0xx_hal_rcc.c ****   return sysclockfreq;
 1412              		.loc 1 1161 3 is_stmt 1 view .LVU409
 1413              	.L118:
1162:Drivers/STM32F0xx_HAL_Driver/Src/stm32f0xx_hal_rcc.c **** }
 1414              		.loc 1 1162 1 is_stmt 0 view .LVU410
 1415              		@ sp needed
 1416 0010 10BD     		pop	{r4, pc}
 1417              	.LVL95:
ARM GAS  C:\msys64\tmp\ccinQ4cb.s 			page 51


 1418              	.L122:
1120:Drivers/STM32F0xx_HAL_Driver/Src/stm32f0xx_hal_rcc.c ****       prediv = aPredivFactorTable[(uint32_t)(RCC->CFGR2 & RCC_CFGR2_PREDIV) >> RCC_CFGR2_PREDIV_BIT
 1419              		.loc 1 1120 7 is_stmt 1 view .LVU411
1120:Drivers/STM32F0xx_HAL_Driver/Src/stm32f0xx_hal_rcc.c ****       prediv = aPredivFactorTable[(uint32_t)(RCC->CFGR2 & RCC_CFGR2_PREDIV) >> RCC_CFGR2_PREDIV_BIT
 1420              		.loc 1 1120 72 is_stmt 0 view .LVU412
 1421 0012 910C     		lsrs	r1, r2, #18
 1422 0014 0733     		adds	r3, r3, #7
 1423 0016 1940     		ands	r1, r3
1120:Drivers/STM32F0xx_HAL_Driver/Src/stm32f0xx_hal_rcc.c ****       prediv = aPredivFactorTable[(uint32_t)(RCC->CFGR2 & RCC_CFGR2_PREDIV) >> RCC_CFGR2_PREDIV_BIT
 1424              		.loc 1 1120 34 view .LVU413
 1425 0018 0D48     		ldr	r0, .L123+8
 1426 001a 445C     		ldrb	r4, [r0, r1]
 1427              	.LVL96:
1121:Drivers/STM32F0xx_HAL_Driver/Src/stm32f0xx_hal_rcc.c ****       if ((tmpreg & RCC_CFGR_PLLSRC) == RCC_PLLSOURCE_HSE)
 1428              		.loc 1 1121 7 is_stmt 1 view .LVU414
1121:Drivers/STM32F0xx_HAL_Driver/Src/stm32f0xx_hal_rcc.c ****       if ((tmpreg & RCC_CFGR_PLLSRC) == RCC_PLLSOURCE_HSE)
 1429              		.loc 1 1121 49 is_stmt 0 view .LVU415
 1430 001c 0A49     		ldr	r1, .L123
 1431 001e C96A     		ldr	r1, [r1, #44]
1121:Drivers/STM32F0xx_HAL_Driver/Src/stm32f0xx_hal_rcc.c ****       if ((tmpreg & RCC_CFGR_PLLSRC) == RCC_PLLSOURCE_HSE)
 1432              		.loc 1 1121 77 view .LVU416
 1433 0020 0B40     		ands	r3, r1
1121:Drivers/STM32F0xx_HAL_Driver/Src/stm32f0xx_hal_rcc.c ****       if ((tmpreg & RCC_CFGR_PLLSRC) == RCC_PLLSOURCE_HSE)
 1434              		.loc 1 1121 34 view .LVU417
 1435 0022 0C49     		ldr	r1, .L123+12
 1436 0024 C95C     		ldrb	r1, [r1, r3]
 1437              	.LVL97:
1122:Drivers/STM32F0xx_HAL_Driver/Src/stm32f0xx_hal_rcc.c ****       {
 1438              		.loc 1 1122 7 is_stmt 1 view .LVU418
1122:Drivers/STM32F0xx_HAL_Driver/Src/stm32f0xx_hal_rcc.c ****       {
 1439              		.loc 1 1122 10 is_stmt 0 view .LVU419
 1440 0026 D203     		lsls	r2, r2, #15
 1441 0028 05D5     		bpl	.L120
 1442              	.LVL98:
1125:Drivers/STM32F0xx_HAL_Driver/Src/stm32f0xx_hal_rcc.c ****       }
 1443              		.loc 1 1125 9 is_stmt 1 view .LVU420
1125:Drivers/STM32F0xx_HAL_Driver/Src/stm32f0xx_hal_rcc.c ****       }
 1444              		.loc 1 1125 18 is_stmt 0 view .LVU421
 1445 002a 0848     		ldr	r0, .L123+4
 1446 002c FFF7FEFF 		bl	__aeabi_uidiv
 1447              	.LVL99:
1125:Drivers/STM32F0xx_HAL_Driver/Src/stm32f0xx_hal_rcc.c ****       }
 1448              		.loc 1 1125 16 view .LVU422
 1449 0030 4443     		muls	r4, r0
 1450              	.LVL100:
1125:Drivers/STM32F0xx_HAL_Driver/Src/stm32f0xx_hal_rcc.c ****       }
 1451              		.loc 1 1125 16 view .LVU423
 1452 0032 2000     		movs	r0, r4
 1453              	.LVL101:
1125:Drivers/STM32F0xx_HAL_Driver/Src/stm32f0xx_hal_rcc.c ****       }
 1454              		.loc 1 1125 16 view .LVU424
 1455 0034 ECE7     		b	.L118
 1456              	.LVL102:
 1457              	.L120:
1141:Drivers/STM32F0xx_HAL_Driver/Src/stm32f0xx_hal_rcc.c **** #endif
 1458              		.loc 1 1141 9 is_stmt 1 view .LVU425
1141:Drivers/STM32F0xx_HAL_Driver/Src/stm32f0xx_hal_rcc.c **** #endif
ARM GAS  C:\msys64\tmp\ccinQ4cb.s 			page 52


 1459              		.loc 1 1141 16 is_stmt 0 view .LVU426
 1460 0036 6201     		lsls	r2, r4, #5
 1461 0038 121B     		subs	r2, r2, r4
 1462 003a 9301     		lsls	r3, r2, #6
 1463 003c 9B1A     		subs	r3, r3, r2
 1464 003e DB00     		lsls	r3, r3, #3
 1465 0040 A446     		mov	ip, r4
 1466 0042 6344     		add	r3, r3, ip
 1467 0044 1802     		lsls	r0, r3, #8
 1468              	.LVL103:
1141:Drivers/STM32F0xx_HAL_Driver/Src/stm32f0xx_hal_rcc.c **** #endif
 1469              		.loc 1 1141 16 view .LVU427
 1470 0046 E3E7     		b	.L118
 1471              	.L124:
 1472              		.align	2
 1473              	.L123:
 1474 0048 00100240 		.word	1073876992
 1475 004c 00127A00 		.word	8000000
 1476 0050 00000000 		.word	aPLLMULFactorTable.1
 1477 0054 00000000 		.word	aPredivFactorTable.0
 1478              		.cfi_endproc
 1479              	.LFE46:
 1481              		.section	.text.HAL_RCC_ClockConfig,"ax",%progbits
 1482              		.align	1
 1483              		.global	HAL_RCC_ClockConfig
 1484              		.syntax unified
 1485              		.code	16
 1486              		.thumb_func
 1488              	HAL_RCC_ClockConfig:
 1489              	.LVL104:
 1490              	.LFB42:
 778:Drivers/STM32F0xx_HAL_Driver/Src/stm32f0xx_hal_rcc.c ****   uint32_t tickstart;
 1491              		.loc 1 778 1 is_stmt 1 view -0
 1492              		.cfi_startproc
 1493              		@ args = 0, pretend = 0, frame = 0
 1494              		@ frame_needed = 0, uses_anonymous_args = 0
 778:Drivers/STM32F0xx_HAL_Driver/Src/stm32f0xx_hal_rcc.c ****   uint32_t tickstart;
 1495              		.loc 1 778 1 is_stmt 0 view .LVU429
 1496 0000 70B5     		push	{r4, r5, r6, lr}
 1497              	.LCFI6:
 1498              		.cfi_def_cfa_offset 16
 1499              		.cfi_offset 4, -16
 1500              		.cfi_offset 5, -12
 1501              		.cfi_offset 6, -8
 1502              		.cfi_offset 14, -4
 1503 0002 0400     		movs	r4, r0
 1504 0004 0D00     		movs	r5, r1
 779:Drivers/STM32F0xx_HAL_Driver/Src/stm32f0xx_hal_rcc.c **** 
 1505              		.loc 1 779 3 is_stmt 1 view .LVU430
 782:Drivers/STM32F0xx_HAL_Driver/Src/stm32f0xx_hal_rcc.c ****   {
 1506              		.loc 1 782 3 view .LVU431
 782:Drivers/STM32F0xx_HAL_Driver/Src/stm32f0xx_hal_rcc.c ****   {
 1507              		.loc 1 782 5 is_stmt 0 view .LVU432
 1508 0006 0028     		cmp	r0, #0
 1509 0008 4AD0     		beq	.L129
 788:Drivers/STM32F0xx_HAL_Driver/Src/stm32f0xx_hal_rcc.c ****   assert_param(IS_FLASH_LATENCY(FLatency));
 1510              		.loc 1 788 3 is_stmt 1 view .LVU433
ARM GAS  C:\msys64\tmp\ccinQ4cb.s 			page 53


 789:Drivers/STM32F0xx_HAL_Driver/Src/stm32f0xx_hal_rcc.c **** 
 1511              		.loc 1 789 3 view .LVU434
 796:Drivers/STM32F0xx_HAL_Driver/Src/stm32f0xx_hal_rcc.c ****   {    
 1512              		.loc 1 796 3 view .LVU435
 796:Drivers/STM32F0xx_HAL_Driver/Src/stm32f0xx_hal_rcc.c ****   {    
 1513              		.loc 1 796 17 is_stmt 0 view .LVU436
 1514 000a 3E4B     		ldr	r3, .L150
 1515 000c 1A68     		ldr	r2, [r3]
 1516 000e 0123     		movs	r3, #1
 1517 0010 1340     		ands	r3, r2
 796:Drivers/STM32F0xx_HAL_Driver/Src/stm32f0xx_hal_rcc.c ****   {    
 1518              		.loc 1 796 5 view .LVU437
 1519 0012 8B42     		cmp	r3, r1
 1520 0014 09D2     		bcs	.L128
 799:Drivers/STM32F0xx_HAL_Driver/Src/stm32f0xx_hal_rcc.c ****     
 1521              		.loc 1 799 5 is_stmt 1 view .LVU438
 1522 0016 3B49     		ldr	r1, .L150
 1523              	.LVL105:
 799:Drivers/STM32F0xx_HAL_Driver/Src/stm32f0xx_hal_rcc.c ****     
 1524              		.loc 1 799 5 is_stmt 0 view .LVU439
 1525 0018 0B68     		ldr	r3, [r1]
 1526 001a 0122     		movs	r2, #1
 1527 001c 9343     		bics	r3, r2
 1528 001e 2B43     		orrs	r3, r5
 1529 0020 0B60     		str	r3, [r1]
 803:Drivers/STM32F0xx_HAL_Driver/Src/stm32f0xx_hal_rcc.c ****     {
 1530              		.loc 1 803 5 is_stmt 1 view .LVU440
 803:Drivers/STM32F0xx_HAL_Driver/Src/stm32f0xx_hal_rcc.c ****     {
 1531              		.loc 1 803 8 is_stmt 0 view .LVU441
 1532 0022 0B68     		ldr	r3, [r1]
 1533 0024 1A40     		ands	r2, r3
 803:Drivers/STM32F0xx_HAL_Driver/Src/stm32f0xx_hal_rcc.c ****     {
 1534              		.loc 1 803 7 view .LVU442
 1535 0026 AA42     		cmp	r2, r5
 1536 0028 3AD1     		bne	.L129
 1537              	.L128:
 810:Drivers/STM32F0xx_HAL_Driver/Src/stm32f0xx_hal_rcc.c ****   {
 1538              		.loc 1 810 3 is_stmt 1 view .LVU443
 810:Drivers/STM32F0xx_HAL_Driver/Src/stm32f0xx_hal_rcc.c ****   {
 1539              		.loc 1 810 25 is_stmt 0 view .LVU444
 1540 002a 2368     		ldr	r3, [r4]
 810:Drivers/STM32F0xx_HAL_Driver/Src/stm32f0xx_hal_rcc.c ****   {
 1541              		.loc 1 810 5 view .LVU445
 1542 002c 9A07     		lsls	r2, r3, #30
 1543 002e 0ED5     		bpl	.L130
 814:Drivers/STM32F0xx_HAL_Driver/Src/stm32f0xx_hal_rcc.c ****     {
 1544              		.loc 1 814 5 is_stmt 1 view .LVU446
 814:Drivers/STM32F0xx_HAL_Driver/Src/stm32f0xx_hal_rcc.c ****     {
 1545              		.loc 1 814 7 is_stmt 0 view .LVU447
 1546 0030 5B07     		lsls	r3, r3, #29
 1547 0032 05D5     		bpl	.L131
 816:Drivers/STM32F0xx_HAL_Driver/Src/stm32f0xx_hal_rcc.c ****     }
 1548              		.loc 1 816 7 is_stmt 1 view .LVU448
 1549 0034 344A     		ldr	r2, .L150+4
 1550 0036 5168     		ldr	r1, [r2, #4]
 1551 0038 E023     		movs	r3, #224
 1552 003a DB00     		lsls	r3, r3, #3
ARM GAS  C:\msys64\tmp\ccinQ4cb.s 			page 54


 1553 003c 0B43     		orrs	r3, r1
 1554 003e 5360     		str	r3, [r2, #4]
 1555              	.L131:
 820:Drivers/STM32F0xx_HAL_Driver/Src/stm32f0xx_hal_rcc.c ****     MODIFY_REG(RCC->CFGR, RCC_CFGR_HPRE, RCC_ClkInitStruct->AHBCLKDivider);
 1556              		.loc 1 820 5 view .LVU449
 821:Drivers/STM32F0xx_HAL_Driver/Src/stm32f0xx_hal_rcc.c ****   }
 1557              		.loc 1 821 5 view .LVU450
 1558 0040 314A     		ldr	r2, .L150+4
 1559 0042 5368     		ldr	r3, [r2, #4]
 1560 0044 F021     		movs	r1, #240
 1561 0046 8B43     		bics	r3, r1
 1562 0048 A168     		ldr	r1, [r4, #8]
 1563 004a 0B43     		orrs	r3, r1
 1564 004c 5360     		str	r3, [r2, #4]
 1565              	.L130:
 825:Drivers/STM32F0xx_HAL_Driver/Src/stm32f0xx_hal_rcc.c ****   {
 1566              		.loc 1 825 3 view .LVU451
 825:Drivers/STM32F0xx_HAL_Driver/Src/stm32f0xx_hal_rcc.c ****   {
 1567              		.loc 1 825 25 is_stmt 0 view .LVU452
 1568 004e 2368     		ldr	r3, [r4]
 825:Drivers/STM32F0xx_HAL_Driver/Src/stm32f0xx_hal_rcc.c ****   {
 1569              		.loc 1 825 5 view .LVU453
 1570 0050 DB07     		lsls	r3, r3, #31
 1571 0052 2CD5     		bpl	.L132
 827:Drivers/STM32F0xx_HAL_Driver/Src/stm32f0xx_hal_rcc.c ****     
 1572              		.loc 1 827 5 is_stmt 1 view .LVU454
 830:Drivers/STM32F0xx_HAL_Driver/Src/stm32f0xx_hal_rcc.c ****     {
 1573              		.loc 1 830 5 view .LVU455
 830:Drivers/STM32F0xx_HAL_Driver/Src/stm32f0xx_hal_rcc.c ****     {
 1574              		.loc 1 830 25 is_stmt 0 view .LVU456
 1575 0054 6368     		ldr	r3, [r4, #4]
 830:Drivers/STM32F0xx_HAL_Driver/Src/stm32f0xx_hal_rcc.c ****     {
 1576              		.loc 1 830 7 view .LVU457
 1577 0056 012B     		cmp	r3, #1
 1578 0058 1ED0     		beq	.L148
 839:Drivers/STM32F0xx_HAL_Driver/Src/stm32f0xx_hal_rcc.c ****     {
 1579              		.loc 1 839 10 is_stmt 1 view .LVU458
 839:Drivers/STM32F0xx_HAL_Driver/Src/stm32f0xx_hal_rcc.c ****     {
 1580              		.loc 1 839 12 is_stmt 0 view .LVU459
 1581 005a 022B     		cmp	r3, #2
 1582 005c 22D0     		beq	.L149
 862:Drivers/STM32F0xx_HAL_Driver/Src/stm32f0xx_hal_rcc.c ****       {
 1583              		.loc 1 862 7 is_stmt 1 view .LVU460
 862:Drivers/STM32F0xx_HAL_Driver/Src/stm32f0xx_hal_rcc.c ****       {
 1584              		.loc 1 862 10 is_stmt 0 view .LVU461
 1585 005e 2A4A     		ldr	r2, .L150+4
 1586 0060 1268     		ldr	r2, [r2]
 862:Drivers/STM32F0xx_HAL_Driver/Src/stm32f0xx_hal_rcc.c ****       {
 1587              		.loc 1 862 9 view .LVU462
 1588 0062 9207     		lsls	r2, r2, #30
 1589 0064 1CD5     		bpl	.L129
 1590              	.L134:
 867:Drivers/STM32F0xx_HAL_Driver/Src/stm32f0xx_hal_rcc.c **** 
 1591              		.loc 1 867 5 is_stmt 1 view .LVU463
 1592 0066 2849     		ldr	r1, .L150+4
 1593 0068 4A68     		ldr	r2, [r1, #4]
 1594 006a 0320     		movs	r0, #3
ARM GAS  C:\msys64\tmp\ccinQ4cb.s 			page 55


 1595              	.LVL106:
 867:Drivers/STM32F0xx_HAL_Driver/Src/stm32f0xx_hal_rcc.c **** 
 1596              		.loc 1 867 5 is_stmt 0 view .LVU464
 1597 006c 8243     		bics	r2, r0
 1598 006e 1343     		orrs	r3, r2
 1599 0070 4B60     		str	r3, [r1, #4]
 870:Drivers/STM32F0xx_HAL_Driver/Src/stm32f0xx_hal_rcc.c ****     
 1600              		.loc 1 870 5 is_stmt 1 view .LVU465
 870:Drivers/STM32F0xx_HAL_Driver/Src/stm32f0xx_hal_rcc.c ****     
 1601              		.loc 1 870 17 is_stmt 0 view .LVU466
 1602 0072 FFF7FEFF 		bl	HAL_GetTick
 1603              	.LVL107:
 1604 0076 0600     		movs	r6, r0
 1605              	.LVL108:
 872:Drivers/STM32F0xx_HAL_Driver/Src/stm32f0xx_hal_rcc.c ****     {
 1606              		.loc 1 872 5 is_stmt 1 view .LVU467
 1607              	.L136:
 872:Drivers/STM32F0xx_HAL_Driver/Src/stm32f0xx_hal_rcc.c ****     {
 1608              		.loc 1 872 42 discriminator 1 view .LVU468
 872:Drivers/STM32F0xx_HAL_Driver/Src/stm32f0xx_hal_rcc.c ****     {
 1609              		.loc 1 872 12 is_stmt 0 discriminator 1 view .LVU469
 1610 0078 234B     		ldr	r3, .L150+4
 1611 007a 5B68     		ldr	r3, [r3, #4]
 1612 007c 0C22     		movs	r2, #12
 1613 007e 1A40     		ands	r2, r3
 872:Drivers/STM32F0xx_HAL_Driver/Src/stm32f0xx_hal_rcc.c ****     {
 1614              		.loc 1 872 63 discriminator 1 view .LVU470
 1615 0080 6368     		ldr	r3, [r4, #4]
 872:Drivers/STM32F0xx_HAL_Driver/Src/stm32f0xx_hal_rcc.c ****     {
 1616              		.loc 1 872 78 discriminator 1 view .LVU471
 1617 0082 9B00     		lsls	r3, r3, #2
 872:Drivers/STM32F0xx_HAL_Driver/Src/stm32f0xx_hal_rcc.c ****     {
 1618              		.loc 1 872 42 discriminator 1 view .LVU472
 1619 0084 9A42     		cmp	r2, r3
 1620 0086 12D0     		beq	.L132
 874:Drivers/STM32F0xx_HAL_Driver/Src/stm32f0xx_hal_rcc.c ****       {
 1621              		.loc 1 874 7 is_stmt 1 view .LVU473
 874:Drivers/STM32F0xx_HAL_Driver/Src/stm32f0xx_hal_rcc.c ****       {
 1622              		.loc 1 874 11 is_stmt 0 view .LVU474
 1623 0088 FFF7FEFF 		bl	HAL_GetTick
 1624              	.LVL109:
 874:Drivers/STM32F0xx_HAL_Driver/Src/stm32f0xx_hal_rcc.c ****       {
 1625              		.loc 1 874 25 discriminator 1 view .LVU475
 1626 008c 801B     		subs	r0, r0, r6
 874:Drivers/STM32F0xx_HAL_Driver/Src/stm32f0xx_hal_rcc.c ****       {
 1627              		.loc 1 874 9 discriminator 1 view .LVU476
 1628 008e 1F4B     		ldr	r3, .L150+8
 1629 0090 9842     		cmp	r0, r3
 1630 0092 F1D9     		bls	.L136
 876:Drivers/STM32F0xx_HAL_Driver/Src/stm32f0xx_hal_rcc.c ****       }
 1631              		.loc 1 876 16 view .LVU477
 1632 0094 0320     		movs	r0, #3
 1633 0096 04E0     		b	.L127
 1634              	.LVL110:
 1635              	.L148:
 833:Drivers/STM32F0xx_HAL_Driver/Src/stm32f0xx_hal_rcc.c ****       {
 1636              		.loc 1 833 7 is_stmt 1 view .LVU478
ARM GAS  C:\msys64\tmp\ccinQ4cb.s 			page 56


 833:Drivers/STM32F0xx_HAL_Driver/Src/stm32f0xx_hal_rcc.c ****       {
 1637              		.loc 1 833 10 is_stmt 0 view .LVU479
 1638 0098 1B4A     		ldr	r2, .L150+4
 1639 009a 1268     		ldr	r2, [r2]
 833:Drivers/STM32F0xx_HAL_Driver/Src/stm32f0xx_hal_rcc.c ****       {
 1640              		.loc 1 833 9 view .LVU480
 1641 009c 9203     		lsls	r2, r2, #14
 1642 009e E2D4     		bmi	.L134
 1643              	.LVL111:
 1644              	.L129:
 784:Drivers/STM32F0xx_HAL_Driver/Src/stm32f0xx_hal_rcc.c ****   }
 1645              		.loc 1 784 12 view .LVU481
 1646 00a0 0120     		movs	r0, #1
 1647              	.L127:
 909:Drivers/STM32F0xx_HAL_Driver/Src/stm32f0xx_hal_rcc.c **** 
 1648              		.loc 1 909 1 view .LVU482
 1649              		@ sp needed
 1650              	.LVL112:
 1651              	.LVL113:
 909:Drivers/STM32F0xx_HAL_Driver/Src/stm32f0xx_hal_rcc.c **** 
 1652              		.loc 1 909 1 view .LVU483
 1653 00a2 70BD     		pop	{r4, r5, r6, pc}
 1654              	.LVL114:
 1655              	.L149:
 842:Drivers/STM32F0xx_HAL_Driver/Src/stm32f0xx_hal_rcc.c ****       {
 1656              		.loc 1 842 7 is_stmt 1 view .LVU484
 842:Drivers/STM32F0xx_HAL_Driver/Src/stm32f0xx_hal_rcc.c ****       {
 1657              		.loc 1 842 10 is_stmt 0 view .LVU485
 1658 00a4 184A     		ldr	r2, .L150+4
 1659 00a6 1268     		ldr	r2, [r2]
 842:Drivers/STM32F0xx_HAL_Driver/Src/stm32f0xx_hal_rcc.c ****       {
 1660              		.loc 1 842 9 view .LVU486
 1661 00a8 9201     		lsls	r2, r2, #6
 1662 00aa DCD4     		bmi	.L134
 1663 00ac F8E7     		b	.L129
 1664              	.LVL115:
 1665              	.L132:
 882:Drivers/STM32F0xx_HAL_Driver/Src/stm32f0xx_hal_rcc.c ****   {    
 1666              		.loc 1 882 3 is_stmt 1 view .LVU487
 882:Drivers/STM32F0xx_HAL_Driver/Src/stm32f0xx_hal_rcc.c ****   {    
 1667              		.loc 1 882 17 is_stmt 0 view .LVU488
 1668 00ae 154B     		ldr	r3, .L150
 1669 00b0 1A68     		ldr	r2, [r3]
 1670 00b2 0123     		movs	r3, #1
 1671 00b4 1340     		ands	r3, r2
 882:Drivers/STM32F0xx_HAL_Driver/Src/stm32f0xx_hal_rcc.c ****   {    
 1672              		.loc 1 882 5 view .LVU489
 1673 00b6 AB42     		cmp	r3, r5
 1674 00b8 09D9     		bls	.L138
 885:Drivers/STM32F0xx_HAL_Driver/Src/stm32f0xx_hal_rcc.c ****     
 1675              		.loc 1 885 5 is_stmt 1 view .LVU490
 1676 00ba 1249     		ldr	r1, .L150
 1677 00bc 0B68     		ldr	r3, [r1]
 1678 00be 0122     		movs	r2, #1
 1679 00c0 9343     		bics	r3, r2
 1680 00c2 2B43     		orrs	r3, r5
 1681 00c4 0B60     		str	r3, [r1]
ARM GAS  C:\msys64\tmp\ccinQ4cb.s 			page 57


 889:Drivers/STM32F0xx_HAL_Driver/Src/stm32f0xx_hal_rcc.c ****     {
 1682              		.loc 1 889 5 view .LVU491
 889:Drivers/STM32F0xx_HAL_Driver/Src/stm32f0xx_hal_rcc.c ****     {
 1683              		.loc 1 889 8 is_stmt 0 view .LVU492
 1684 00c6 0B68     		ldr	r3, [r1]
 1685 00c8 1A40     		ands	r2, r3
 889:Drivers/STM32F0xx_HAL_Driver/Src/stm32f0xx_hal_rcc.c ****     {
 1686              		.loc 1 889 7 view .LVU493
 1687 00ca AA42     		cmp	r2, r5
 1688 00cc E8D1     		bne	.L129
 1689              	.L138:
 896:Drivers/STM32F0xx_HAL_Driver/Src/stm32f0xx_hal_rcc.c ****   {
 1690              		.loc 1 896 3 is_stmt 1 view .LVU494
 896:Drivers/STM32F0xx_HAL_Driver/Src/stm32f0xx_hal_rcc.c ****   {
 1691              		.loc 1 896 25 is_stmt 0 view .LVU495
 1692 00ce 2368     		ldr	r3, [r4]
 896:Drivers/STM32F0xx_HAL_Driver/Src/stm32f0xx_hal_rcc.c ****   {
 1693              		.loc 1 896 5 view .LVU496
 1694 00d0 5B07     		lsls	r3, r3, #29
 1695 00d2 06D5     		bpl	.L139
 898:Drivers/STM32F0xx_HAL_Driver/Src/stm32f0xx_hal_rcc.c ****     MODIFY_REG(RCC->CFGR, RCC_CFGR_PPRE, RCC_ClkInitStruct->APB1CLKDivider);
 1696              		.loc 1 898 5 is_stmt 1 view .LVU497
 899:Drivers/STM32F0xx_HAL_Driver/Src/stm32f0xx_hal_rcc.c ****   }
 1697              		.loc 1 899 5 view .LVU498
 1698 00d4 0C4A     		ldr	r2, .L150+4
 1699 00d6 5368     		ldr	r3, [r2, #4]
 1700 00d8 0D49     		ldr	r1, .L150+12
 1701 00da 0B40     		ands	r3, r1
 1702 00dc E168     		ldr	r1, [r4, #12]
 1703 00de 0B43     		orrs	r3, r1
 1704 00e0 5360     		str	r3, [r2, #4]
 1705              	.L139:
 903:Drivers/STM32F0xx_HAL_Driver/Src/stm32f0xx_hal_rcc.c **** 
 1706              		.loc 1 903 3 view .LVU499
 903:Drivers/STM32F0xx_HAL_Driver/Src/stm32f0xx_hal_rcc.c **** 
 1707              		.loc 1 903 21 is_stmt 0 view .LVU500
 1708 00e2 FFF7FEFF 		bl	HAL_RCC_GetSysClockFreq
 1709              	.LVL116:
 903:Drivers/STM32F0xx_HAL_Driver/Src/stm32f0xx_hal_rcc.c **** 
 1710              		.loc 1 903 68 discriminator 1 view .LVU501
 1711 00e6 084B     		ldr	r3, .L150+4
 1712 00e8 5A68     		ldr	r2, [r3, #4]
 903:Drivers/STM32F0xx_HAL_Driver/Src/stm32f0xx_hal_rcc.c **** 
 1713              		.loc 1 903 91 discriminator 1 view .LVU502
 1714 00ea 1209     		lsrs	r2, r2, #4
 1715 00ec 0F23     		movs	r3, #15
 1716 00ee 1340     		ands	r3, r2
 903:Drivers/STM32F0xx_HAL_Driver/Src/stm32f0xx_hal_rcc.c **** 
 1717              		.loc 1 903 63 discriminator 1 view .LVU503
 1718 00f0 084A     		ldr	r2, .L150+16
 1719 00f2 D35C     		ldrb	r3, [r2, r3]
 903:Drivers/STM32F0xx_HAL_Driver/Src/stm32f0xx_hal_rcc.c **** 
 1720              		.loc 1 903 47 discriminator 1 view .LVU504
 1721 00f4 D840     		lsrs	r0, r0, r3
 903:Drivers/STM32F0xx_HAL_Driver/Src/stm32f0xx_hal_rcc.c **** 
 1722              		.loc 1 903 19 discriminator 1 view .LVU505
 1723 00f6 084B     		ldr	r3, .L150+20
ARM GAS  C:\msys64\tmp\ccinQ4cb.s 			page 58


 1724 00f8 1860     		str	r0, [r3]
 906:Drivers/STM32F0xx_HAL_Driver/Src/stm32f0xx_hal_rcc.c ****   
 1725              		.loc 1 906 3 is_stmt 1 view .LVU506
 1726 00fa 0020     		movs	r0, #0
 1727 00fc FFF7FEFF 		bl	HAL_InitTick
 1728              	.LVL117:
 908:Drivers/STM32F0xx_HAL_Driver/Src/stm32f0xx_hal_rcc.c **** }
 1729              		.loc 1 908 3 view .LVU507
 908:Drivers/STM32F0xx_HAL_Driver/Src/stm32f0xx_hal_rcc.c **** }
 1730              		.loc 1 908 10 is_stmt 0 view .LVU508
 1731 0100 0020     		movs	r0, #0
 1732 0102 CEE7     		b	.L127
 1733              	.L151:
 1734              		.align	2
 1735              	.L150:
 1736 0104 00200240 		.word	1073881088
 1737 0108 00100240 		.word	1073876992
 1738 010c 88130000 		.word	5000
 1739 0110 FFF8FFFF 		.word	-1793
 1740 0114 00000000 		.word	AHBPrescTable
 1741 0118 00000000 		.word	SystemCoreClock
 1742              		.cfi_endproc
 1743              	.LFE42:
 1745              		.section	.text.HAL_RCC_GetHCLKFreq,"ax",%progbits
 1746              		.align	1
 1747              		.global	HAL_RCC_GetHCLKFreq
 1748              		.syntax unified
 1749              		.code	16
 1750              		.thumb_func
 1752              	HAL_RCC_GetHCLKFreq:
 1753              	.LFB47:
1163:Drivers/STM32F0xx_HAL_Driver/Src/stm32f0xx_hal_rcc.c **** 
1164:Drivers/STM32F0xx_HAL_Driver/Src/stm32f0xx_hal_rcc.c **** /**
1165:Drivers/STM32F0xx_HAL_Driver/Src/stm32f0xx_hal_rcc.c ****   * @brief  Returns the HCLK frequency     
1166:Drivers/STM32F0xx_HAL_Driver/Src/stm32f0xx_hal_rcc.c ****   * @note   Each time HCLK changes, this function must be called to update the
1167:Drivers/STM32F0xx_HAL_Driver/Src/stm32f0xx_hal_rcc.c ****   *         right HCLK value. Otherwise, any configuration based on this function will be incorrect
1168:Drivers/STM32F0xx_HAL_Driver/Src/stm32f0xx_hal_rcc.c ****   * 
1169:Drivers/STM32F0xx_HAL_Driver/Src/stm32f0xx_hal_rcc.c ****   * @note   The SystemCoreClock CMSIS variable is used to store System Clock Frequency 
1170:Drivers/STM32F0xx_HAL_Driver/Src/stm32f0xx_hal_rcc.c ****   *         and updated within this function
1171:Drivers/STM32F0xx_HAL_Driver/Src/stm32f0xx_hal_rcc.c ****   * @retval HCLK frequency
1172:Drivers/STM32F0xx_HAL_Driver/Src/stm32f0xx_hal_rcc.c ****   */
1173:Drivers/STM32F0xx_HAL_Driver/Src/stm32f0xx_hal_rcc.c **** uint32_t HAL_RCC_GetHCLKFreq(void)
1174:Drivers/STM32F0xx_HAL_Driver/Src/stm32f0xx_hal_rcc.c **** {
 1754              		.loc 1 1174 1 is_stmt 1 view -0
 1755              		.cfi_startproc
 1756              		@ args = 0, pretend = 0, frame = 0
 1757              		@ frame_needed = 0, uses_anonymous_args = 0
 1758              		@ link register save eliminated.
1175:Drivers/STM32F0xx_HAL_Driver/Src/stm32f0xx_hal_rcc.c ****   return SystemCoreClock;
 1759              		.loc 1 1175 3 view .LVU510
 1760              		.loc 1 1175 10 is_stmt 0 view .LVU511
 1761 0000 014B     		ldr	r3, .L153
 1762              		.loc 1 1175 10 discriminator 1 view .LVU512
 1763 0002 1868     		ldr	r0, [r3]
1176:Drivers/STM32F0xx_HAL_Driver/Src/stm32f0xx_hal_rcc.c **** }
 1764              		.loc 1 1176 1 view .LVU513
 1765              		@ sp needed
ARM GAS  C:\msys64\tmp\ccinQ4cb.s 			page 59


 1766 0004 7047     		bx	lr
 1767              	.L154:
 1768 0006 C046     		.align	2
 1769              	.L153:
 1770 0008 00000000 		.word	SystemCoreClock
 1771              		.cfi_endproc
 1772              	.LFE47:
 1774              		.section	.text.HAL_RCC_GetPCLK1Freq,"ax",%progbits
 1775              		.align	1
 1776              		.global	HAL_RCC_GetPCLK1Freq
 1777              		.syntax unified
 1778              		.code	16
 1779              		.thumb_func
 1781              	HAL_RCC_GetPCLK1Freq:
 1782              	.LFB48:
1177:Drivers/STM32F0xx_HAL_Driver/Src/stm32f0xx_hal_rcc.c **** 
1178:Drivers/STM32F0xx_HAL_Driver/Src/stm32f0xx_hal_rcc.c **** /**
1179:Drivers/STM32F0xx_HAL_Driver/Src/stm32f0xx_hal_rcc.c ****   * @brief  Returns the PCLK1 frequency     
1180:Drivers/STM32F0xx_HAL_Driver/Src/stm32f0xx_hal_rcc.c ****   * @note   Each time PCLK1 changes, this function must be called to update the
1181:Drivers/STM32F0xx_HAL_Driver/Src/stm32f0xx_hal_rcc.c ****   *         right PCLK1 value. Otherwise, any configuration based on this function will be incorrec
1182:Drivers/STM32F0xx_HAL_Driver/Src/stm32f0xx_hal_rcc.c ****   * @retval PCLK1 frequency
1183:Drivers/STM32F0xx_HAL_Driver/Src/stm32f0xx_hal_rcc.c ****   */
1184:Drivers/STM32F0xx_HAL_Driver/Src/stm32f0xx_hal_rcc.c **** uint32_t HAL_RCC_GetPCLK1Freq(void)
1185:Drivers/STM32F0xx_HAL_Driver/Src/stm32f0xx_hal_rcc.c **** {
 1783              		.loc 1 1185 1 is_stmt 1 view -0
 1784              		.cfi_startproc
 1785              		@ args = 0, pretend = 0, frame = 0
 1786              		@ frame_needed = 0, uses_anonymous_args = 0
 1787 0000 10B5     		push	{r4, lr}
 1788              	.LCFI7:
 1789              		.cfi_def_cfa_offset 8
 1790              		.cfi_offset 4, -8
 1791              		.cfi_offset 14, -4
1186:Drivers/STM32F0xx_HAL_Driver/Src/stm32f0xx_hal_rcc.c ****   /* Get HCLK source and Compute PCLK1 frequency ---------------------------*/
1187:Drivers/STM32F0xx_HAL_Driver/Src/stm32f0xx_hal_rcc.c ****   return (HAL_RCC_GetHCLKFreq() >> APBPrescTable[(RCC->CFGR & RCC_CFGR_PPRE) >> RCC_CFGR_PPRE_BITNU
 1792              		.loc 1 1187 3 view .LVU515
 1793              		.loc 1 1187 11 is_stmt 0 view .LVU516
 1794 0002 FFF7FEFF 		bl	HAL_RCC_GetHCLKFreq
 1795              	.LVL118:
 1796              		.loc 1 1187 54 discriminator 1 view .LVU517
 1797 0006 044B     		ldr	r3, .L156
 1798 0008 5A68     		ldr	r2, [r3, #4]
 1799              		.loc 1 1187 78 discriminator 1 view .LVU518
 1800 000a 120A     		lsrs	r2, r2, #8
 1801 000c 0723     		movs	r3, #7
 1802 000e 1340     		ands	r3, r2
 1803              		.loc 1 1187 49 discriminator 1 view .LVU519
 1804 0010 024A     		ldr	r2, .L156+4
 1805 0012 D35C     		ldrb	r3, [r2, r3]
 1806              		.loc 1 1187 33 discriminator 1 view .LVU520
 1807 0014 D840     		lsrs	r0, r0, r3
1188:Drivers/STM32F0xx_HAL_Driver/Src/stm32f0xx_hal_rcc.c **** }    
 1808              		.loc 1 1188 1 view .LVU521
 1809              		@ sp needed
 1810 0016 10BD     		pop	{r4, pc}
 1811              	.L157:
 1812              		.align	2
ARM GAS  C:\msys64\tmp\ccinQ4cb.s 			page 60


 1813              	.L156:
 1814 0018 00100240 		.word	1073876992
 1815 001c 00000000 		.word	APBPrescTable
 1816              		.cfi_endproc
 1817              	.LFE48:
 1819              		.section	.text.HAL_RCC_GetOscConfig,"ax",%progbits
 1820              		.align	1
 1821              		.global	HAL_RCC_GetOscConfig
 1822              		.syntax unified
 1823              		.code	16
 1824              		.thumb_func
 1826              	HAL_RCC_GetOscConfig:
 1827              	.LVL119:
 1828              	.LFB49:
1189:Drivers/STM32F0xx_HAL_Driver/Src/stm32f0xx_hal_rcc.c **** 
1190:Drivers/STM32F0xx_HAL_Driver/Src/stm32f0xx_hal_rcc.c **** /**
1191:Drivers/STM32F0xx_HAL_Driver/Src/stm32f0xx_hal_rcc.c ****   * @brief  Configures the RCC_OscInitStruct according to the internal 
1192:Drivers/STM32F0xx_HAL_Driver/Src/stm32f0xx_hal_rcc.c ****   * RCC configuration registers.
1193:Drivers/STM32F0xx_HAL_Driver/Src/stm32f0xx_hal_rcc.c ****   * @param  RCC_OscInitStruct pointer to an RCC_OscInitTypeDef structure that 
1194:Drivers/STM32F0xx_HAL_Driver/Src/stm32f0xx_hal_rcc.c ****   * will be configured.
1195:Drivers/STM32F0xx_HAL_Driver/Src/stm32f0xx_hal_rcc.c ****   * @retval None
1196:Drivers/STM32F0xx_HAL_Driver/Src/stm32f0xx_hal_rcc.c ****   */
1197:Drivers/STM32F0xx_HAL_Driver/Src/stm32f0xx_hal_rcc.c **** void HAL_RCC_GetOscConfig(RCC_OscInitTypeDef  *RCC_OscInitStruct)
1198:Drivers/STM32F0xx_HAL_Driver/Src/stm32f0xx_hal_rcc.c **** {
 1829              		.loc 1 1198 1 is_stmt 1 view -0
 1830              		.cfi_startproc
 1831              		@ args = 0, pretend = 0, frame = 0
 1832              		@ frame_needed = 0, uses_anonymous_args = 0
 1833              		@ link register save eliminated.
1199:Drivers/STM32F0xx_HAL_Driver/Src/stm32f0xx_hal_rcc.c ****   /* Check the parameters */
1200:Drivers/STM32F0xx_HAL_Driver/Src/stm32f0xx_hal_rcc.c ****   assert_param(RCC_OscInitStruct != NULL);
 1834              		.loc 1 1200 3 view .LVU523
1201:Drivers/STM32F0xx_HAL_Driver/Src/stm32f0xx_hal_rcc.c **** 
1202:Drivers/STM32F0xx_HAL_Driver/Src/stm32f0xx_hal_rcc.c ****   /* Set all possible values for the Oscillator type parameter ---------------*/
1203:Drivers/STM32F0xx_HAL_Driver/Src/stm32f0xx_hal_rcc.c ****   RCC_OscInitStruct->OscillatorType = RCC_OSCILLATORTYPE_HSE | RCC_OSCILLATORTYPE_HSI  \
 1835              		.loc 1 1203 3 view .LVU524
 1836              		.loc 1 1203 37 is_stmt 0 view .LVU525
 1837 0000 1F23     		movs	r3, #31
 1838 0002 0360     		str	r3, [r0]
1204:Drivers/STM32F0xx_HAL_Driver/Src/stm32f0xx_hal_rcc.c ****                   | RCC_OSCILLATORTYPE_LSE | RCC_OSCILLATORTYPE_LSI | RCC_OSCILLATORTYPE_HSI14;
1205:Drivers/STM32F0xx_HAL_Driver/Src/stm32f0xx_hal_rcc.c **** #if defined(RCC_HSI48_SUPPORT)
1206:Drivers/STM32F0xx_HAL_Driver/Src/stm32f0xx_hal_rcc.c ****   RCC_OscInitStruct->OscillatorType |= RCC_OSCILLATORTYPE_HSI48;
1207:Drivers/STM32F0xx_HAL_Driver/Src/stm32f0xx_hal_rcc.c **** #endif /* RCC_HSI48_SUPPORT */
1208:Drivers/STM32F0xx_HAL_Driver/Src/stm32f0xx_hal_rcc.c **** 
1209:Drivers/STM32F0xx_HAL_Driver/Src/stm32f0xx_hal_rcc.c **** 
1210:Drivers/STM32F0xx_HAL_Driver/Src/stm32f0xx_hal_rcc.c ****   /* Get the HSE configuration -----------------------------------------------*/
1211:Drivers/STM32F0xx_HAL_Driver/Src/stm32f0xx_hal_rcc.c ****   if((RCC->CR &RCC_CR_HSEBYP) == RCC_CR_HSEBYP)
 1839              		.loc 1 1211 3 is_stmt 1 view .LVU526
 1840              		.loc 1 1211 10 is_stmt 0 view .LVU527
 1841 0004 2E4B     		ldr	r3, .L173
 1842 0006 1B68     		ldr	r3, [r3]
 1843              		.loc 1 1211 5 view .LVU528
 1844 0008 5B03     		lsls	r3, r3, #13
 1845 000a 39D5     		bpl	.L159
1212:Drivers/STM32F0xx_HAL_Driver/Src/stm32f0xx_hal_rcc.c ****   {
1213:Drivers/STM32F0xx_HAL_Driver/Src/stm32f0xx_hal_rcc.c ****     RCC_OscInitStruct->HSEState = RCC_HSE_BYPASS;
 1846              		.loc 1 1213 5 is_stmt 1 view .LVU529
ARM GAS  C:\msys64\tmp\ccinQ4cb.s 			page 61


 1847              		.loc 1 1213 33 is_stmt 0 view .LVU530
 1848 000c 0523     		movs	r3, #5
 1849 000e 4360     		str	r3, [r0, #4]
 1850              	.L160:
1214:Drivers/STM32F0xx_HAL_Driver/Src/stm32f0xx_hal_rcc.c ****   }
1215:Drivers/STM32F0xx_HAL_Driver/Src/stm32f0xx_hal_rcc.c ****   else if((RCC->CR &RCC_CR_HSEON) == RCC_CR_HSEON)
1216:Drivers/STM32F0xx_HAL_Driver/Src/stm32f0xx_hal_rcc.c ****   {
1217:Drivers/STM32F0xx_HAL_Driver/Src/stm32f0xx_hal_rcc.c ****     RCC_OscInitStruct->HSEState = RCC_HSE_ON;
1218:Drivers/STM32F0xx_HAL_Driver/Src/stm32f0xx_hal_rcc.c ****   }
1219:Drivers/STM32F0xx_HAL_Driver/Src/stm32f0xx_hal_rcc.c ****   else
1220:Drivers/STM32F0xx_HAL_Driver/Src/stm32f0xx_hal_rcc.c ****   {
1221:Drivers/STM32F0xx_HAL_Driver/Src/stm32f0xx_hal_rcc.c ****     RCC_OscInitStruct->HSEState = RCC_HSE_OFF;
1222:Drivers/STM32F0xx_HAL_Driver/Src/stm32f0xx_hal_rcc.c ****   }
1223:Drivers/STM32F0xx_HAL_Driver/Src/stm32f0xx_hal_rcc.c **** 
1224:Drivers/STM32F0xx_HAL_Driver/Src/stm32f0xx_hal_rcc.c ****   /* Get the HSI configuration -----------------------------------------------*/
1225:Drivers/STM32F0xx_HAL_Driver/Src/stm32f0xx_hal_rcc.c ****   if((RCC->CR &RCC_CR_HSION) == RCC_CR_HSION)
 1851              		.loc 1 1225 3 is_stmt 1 view .LVU531
 1852              		.loc 1 1225 10 is_stmt 0 view .LVU532
 1853 0010 2B4B     		ldr	r3, .L173
 1854 0012 1B68     		ldr	r3, [r3]
 1855              		.loc 1 1225 5 view .LVU533
 1856 0014 DB07     		lsls	r3, r3, #31
 1857 0016 3DD5     		bpl	.L162
1226:Drivers/STM32F0xx_HAL_Driver/Src/stm32f0xx_hal_rcc.c ****   {
1227:Drivers/STM32F0xx_HAL_Driver/Src/stm32f0xx_hal_rcc.c ****     RCC_OscInitStruct->HSIState = RCC_HSI_ON;
 1858              		.loc 1 1227 5 is_stmt 1 view .LVU534
 1859              		.loc 1 1227 33 is_stmt 0 view .LVU535
 1860 0018 0123     		movs	r3, #1
 1861 001a C360     		str	r3, [r0, #12]
 1862              	.L163:
1228:Drivers/STM32F0xx_HAL_Driver/Src/stm32f0xx_hal_rcc.c ****   }
1229:Drivers/STM32F0xx_HAL_Driver/Src/stm32f0xx_hal_rcc.c ****   else
1230:Drivers/STM32F0xx_HAL_Driver/Src/stm32f0xx_hal_rcc.c ****   {
1231:Drivers/STM32F0xx_HAL_Driver/Src/stm32f0xx_hal_rcc.c ****     RCC_OscInitStruct->HSIState = RCC_HSI_OFF;
1232:Drivers/STM32F0xx_HAL_Driver/Src/stm32f0xx_hal_rcc.c ****   }
1233:Drivers/STM32F0xx_HAL_Driver/Src/stm32f0xx_hal_rcc.c ****   
1234:Drivers/STM32F0xx_HAL_Driver/Src/stm32f0xx_hal_rcc.c ****   RCC_OscInitStruct->HSICalibrationValue = (uint32_t)((RCC->CR &RCC_CR_HSITRIM) >> RCC_CR_HSITRIM_B
 1863              		.loc 1 1234 3 is_stmt 1 view .LVU536
 1864              		.loc 1 1234 59 is_stmt 0 view .LVU537
 1865 001c 2849     		ldr	r1, .L173
 1866 001e 0A68     		ldr	r2, [r1]
 1867              		.loc 1 1234 44 view .LVU538
 1868 0020 D208     		lsrs	r2, r2, #3
 1869 0022 1F23     		movs	r3, #31
 1870 0024 1340     		ands	r3, r2
 1871              		.loc 1 1234 42 view .LVU539
 1872 0026 0361     		str	r3, [r0, #16]
1235:Drivers/STM32F0xx_HAL_Driver/Src/stm32f0xx_hal_rcc.c ****   
1236:Drivers/STM32F0xx_HAL_Driver/Src/stm32f0xx_hal_rcc.c ****   /* Get the LSE configuration -----------------------------------------------*/
1237:Drivers/STM32F0xx_HAL_Driver/Src/stm32f0xx_hal_rcc.c ****   if((RCC->BDCR &RCC_BDCR_LSEBYP) == RCC_BDCR_LSEBYP)
 1873              		.loc 1 1237 3 is_stmt 1 view .LVU540
 1874              		.loc 1 1237 10 is_stmt 0 view .LVU541
 1875 0028 0B6A     		ldr	r3, [r1, #32]
 1876              		.loc 1 1237 5 view .LVU542
 1877 002a 5B07     		lsls	r3, r3, #29
 1878 002c 35D5     		bpl	.L164
1238:Drivers/STM32F0xx_HAL_Driver/Src/stm32f0xx_hal_rcc.c ****   {
ARM GAS  C:\msys64\tmp\ccinQ4cb.s 			page 62


1239:Drivers/STM32F0xx_HAL_Driver/Src/stm32f0xx_hal_rcc.c ****     RCC_OscInitStruct->LSEState = RCC_LSE_BYPASS;
 1879              		.loc 1 1239 5 is_stmt 1 view .LVU543
 1880              		.loc 1 1239 33 is_stmt 0 view .LVU544
 1881 002e 0523     		movs	r3, #5
 1882 0030 8360     		str	r3, [r0, #8]
 1883              	.L165:
1240:Drivers/STM32F0xx_HAL_Driver/Src/stm32f0xx_hal_rcc.c ****   }
1241:Drivers/STM32F0xx_HAL_Driver/Src/stm32f0xx_hal_rcc.c ****   else if((RCC->BDCR &RCC_BDCR_LSEON) == RCC_BDCR_LSEON)
1242:Drivers/STM32F0xx_HAL_Driver/Src/stm32f0xx_hal_rcc.c ****   {
1243:Drivers/STM32F0xx_HAL_Driver/Src/stm32f0xx_hal_rcc.c ****     RCC_OscInitStruct->LSEState = RCC_LSE_ON;
1244:Drivers/STM32F0xx_HAL_Driver/Src/stm32f0xx_hal_rcc.c ****   }
1245:Drivers/STM32F0xx_HAL_Driver/Src/stm32f0xx_hal_rcc.c ****   else
1246:Drivers/STM32F0xx_HAL_Driver/Src/stm32f0xx_hal_rcc.c ****   {
1247:Drivers/STM32F0xx_HAL_Driver/Src/stm32f0xx_hal_rcc.c ****     RCC_OscInitStruct->LSEState = RCC_LSE_OFF;
1248:Drivers/STM32F0xx_HAL_Driver/Src/stm32f0xx_hal_rcc.c ****   }
1249:Drivers/STM32F0xx_HAL_Driver/Src/stm32f0xx_hal_rcc.c ****   
1250:Drivers/STM32F0xx_HAL_Driver/Src/stm32f0xx_hal_rcc.c ****   /* Get the LSI configuration -----------------------------------------------*/
1251:Drivers/STM32F0xx_HAL_Driver/Src/stm32f0xx_hal_rcc.c ****   if((RCC->CSR &RCC_CSR_LSION) == RCC_CSR_LSION)
 1884              		.loc 1 1251 3 is_stmt 1 view .LVU545
 1885              		.loc 1 1251 10 is_stmt 0 view .LVU546
 1886 0032 234B     		ldr	r3, .L173
 1887 0034 5B6A     		ldr	r3, [r3, #36]
 1888              		.loc 1 1251 5 view .LVU547
 1889 0036 DB07     		lsls	r3, r3, #31
 1890 0038 39D5     		bpl	.L167
1252:Drivers/STM32F0xx_HAL_Driver/Src/stm32f0xx_hal_rcc.c ****   {
1253:Drivers/STM32F0xx_HAL_Driver/Src/stm32f0xx_hal_rcc.c ****     RCC_OscInitStruct->LSIState = RCC_LSI_ON;
 1891              		.loc 1 1253 5 is_stmt 1 view .LVU548
 1892              		.loc 1 1253 33 is_stmt 0 view .LVU549
 1893 003a 0123     		movs	r3, #1
 1894 003c C361     		str	r3, [r0, #28]
 1895              	.L168:
1254:Drivers/STM32F0xx_HAL_Driver/Src/stm32f0xx_hal_rcc.c ****   }
1255:Drivers/STM32F0xx_HAL_Driver/Src/stm32f0xx_hal_rcc.c ****   else
1256:Drivers/STM32F0xx_HAL_Driver/Src/stm32f0xx_hal_rcc.c ****   {
1257:Drivers/STM32F0xx_HAL_Driver/Src/stm32f0xx_hal_rcc.c ****     RCC_OscInitStruct->LSIState = RCC_LSI_OFF;
1258:Drivers/STM32F0xx_HAL_Driver/Src/stm32f0xx_hal_rcc.c ****   }
1259:Drivers/STM32F0xx_HAL_Driver/Src/stm32f0xx_hal_rcc.c ****   
1260:Drivers/STM32F0xx_HAL_Driver/Src/stm32f0xx_hal_rcc.c ****   /* Get the HSI14 configuration -----------------------------------------------*/
1261:Drivers/STM32F0xx_HAL_Driver/Src/stm32f0xx_hal_rcc.c ****   if((RCC->CR2 & RCC_CR2_HSI14ON) == RCC_CR2_HSI14ON)
 1896              		.loc 1 1261 3 is_stmt 1 view .LVU550
 1897              		.loc 1 1261 10 is_stmt 0 view .LVU551
 1898 003e 204B     		ldr	r3, .L173
 1899 0040 5B6B     		ldr	r3, [r3, #52]
 1900              		.loc 1 1261 5 view .LVU552
 1901 0042 DB07     		lsls	r3, r3, #31
 1902 0044 36D5     		bpl	.L169
1262:Drivers/STM32F0xx_HAL_Driver/Src/stm32f0xx_hal_rcc.c ****   {
1263:Drivers/STM32F0xx_HAL_Driver/Src/stm32f0xx_hal_rcc.c ****     RCC_OscInitStruct->HSI14State = RCC_HSI_ON;
 1903              		.loc 1 1263 5 is_stmt 1 view .LVU553
 1904              		.loc 1 1263 35 is_stmt 0 view .LVU554
 1905 0046 0123     		movs	r3, #1
 1906 0048 4361     		str	r3, [r0, #20]
 1907              	.L170:
1264:Drivers/STM32F0xx_HAL_Driver/Src/stm32f0xx_hal_rcc.c ****   }
1265:Drivers/STM32F0xx_HAL_Driver/Src/stm32f0xx_hal_rcc.c ****   else
1266:Drivers/STM32F0xx_HAL_Driver/Src/stm32f0xx_hal_rcc.c ****   {
ARM GAS  C:\msys64\tmp\ccinQ4cb.s 			page 63


1267:Drivers/STM32F0xx_HAL_Driver/Src/stm32f0xx_hal_rcc.c ****     RCC_OscInitStruct->HSI14State = RCC_HSI_OFF;
1268:Drivers/STM32F0xx_HAL_Driver/Src/stm32f0xx_hal_rcc.c ****   }
1269:Drivers/STM32F0xx_HAL_Driver/Src/stm32f0xx_hal_rcc.c **** 
1270:Drivers/STM32F0xx_HAL_Driver/Src/stm32f0xx_hal_rcc.c ****   RCC_OscInitStruct->HSI14CalibrationValue = (uint32_t)((RCC->CR2 & RCC_CR2_HSI14TRIM) >> RCC_HSI14
 1908              		.loc 1 1270 3 is_stmt 1 view .LVU555
 1909              		.loc 1 1270 61 is_stmt 0 view .LVU556
 1910 004a 1D49     		ldr	r1, .L173
 1911 004c 4A6B     		ldr	r2, [r1, #52]
 1912              		.loc 1 1270 46 view .LVU557
 1913 004e D208     		lsrs	r2, r2, #3
 1914 0050 1F23     		movs	r3, #31
 1915 0052 1340     		ands	r3, r2
 1916              		.loc 1 1270 44 view .LVU558
 1917 0054 8361     		str	r3, [r0, #24]
1271:Drivers/STM32F0xx_HAL_Driver/Src/stm32f0xx_hal_rcc.c ****   
1272:Drivers/STM32F0xx_HAL_Driver/Src/stm32f0xx_hal_rcc.c **** #if defined(RCC_HSI48_SUPPORT)
1273:Drivers/STM32F0xx_HAL_Driver/Src/stm32f0xx_hal_rcc.c ****   /* Get the HSI48 configuration if any-----------------------------------------*/
1274:Drivers/STM32F0xx_HAL_Driver/Src/stm32f0xx_hal_rcc.c ****   RCC_OscInitStruct->HSI48State = __HAL_RCC_GET_HSI48_STATE();
1275:Drivers/STM32F0xx_HAL_Driver/Src/stm32f0xx_hal_rcc.c **** #endif /* RCC_HSI48_SUPPORT */
1276:Drivers/STM32F0xx_HAL_Driver/Src/stm32f0xx_hal_rcc.c **** 
1277:Drivers/STM32F0xx_HAL_Driver/Src/stm32f0xx_hal_rcc.c ****   /* Get the PLL configuration -----------------------------------------------*/
1278:Drivers/STM32F0xx_HAL_Driver/Src/stm32f0xx_hal_rcc.c ****   if((RCC->CR &RCC_CR_PLLON) == RCC_CR_PLLON)
 1918              		.loc 1 1278 3 is_stmt 1 view .LVU559
 1919              		.loc 1 1278 10 is_stmt 0 view .LVU560
 1920 0056 0B68     		ldr	r3, [r1]
 1921              		.loc 1 1278 5 view .LVU561
 1922 0058 DB01     		lsls	r3, r3, #7
 1923 005a 2ED5     		bpl	.L171
1279:Drivers/STM32F0xx_HAL_Driver/Src/stm32f0xx_hal_rcc.c ****   {
1280:Drivers/STM32F0xx_HAL_Driver/Src/stm32f0xx_hal_rcc.c ****     RCC_OscInitStruct->PLL.PLLState = RCC_PLL_ON;
 1924              		.loc 1 1280 5 is_stmt 1 view .LVU562
 1925              		.loc 1 1280 37 is_stmt 0 view .LVU563
 1926 005c 0223     		movs	r3, #2
 1927 005e 0362     		str	r3, [r0, #32]
 1928              	.L172:
1281:Drivers/STM32F0xx_HAL_Driver/Src/stm32f0xx_hal_rcc.c ****   }
1282:Drivers/STM32F0xx_HAL_Driver/Src/stm32f0xx_hal_rcc.c ****   else
1283:Drivers/STM32F0xx_HAL_Driver/Src/stm32f0xx_hal_rcc.c ****   {
1284:Drivers/STM32F0xx_HAL_Driver/Src/stm32f0xx_hal_rcc.c ****     RCC_OscInitStruct->PLL.PLLState = RCC_PLL_OFF;
1285:Drivers/STM32F0xx_HAL_Driver/Src/stm32f0xx_hal_rcc.c ****   }
1286:Drivers/STM32F0xx_HAL_Driver/Src/stm32f0xx_hal_rcc.c ****   RCC_OscInitStruct->PLL.PLLSource = (uint32_t)(RCC->CFGR & RCC_CFGR_PLLSRC);
 1929              		.loc 1 1286 3 is_stmt 1 view .LVU564
 1930              		.loc 1 1286 52 is_stmt 0 view .LVU565
 1931 0060 174B     		ldr	r3, .L173
 1932 0062 5A68     		ldr	r2, [r3, #4]
 1933              		.loc 1 1286 38 view .LVU566
 1934 0064 8021     		movs	r1, #128
 1935 0066 4902     		lsls	r1, r1, #9
 1936 0068 0A40     		ands	r2, r1
 1937              		.loc 1 1286 36 view .LVU567
 1938 006a 4262     		str	r2, [r0, #36]
1287:Drivers/STM32F0xx_HAL_Driver/Src/stm32f0xx_hal_rcc.c ****   RCC_OscInitStruct->PLL.PLLMUL = (uint32_t)(RCC->CFGR & RCC_CFGR_PLLMUL);
 1939              		.loc 1 1287 3 is_stmt 1 view .LVU568
 1940              		.loc 1 1287 49 is_stmt 0 view .LVU569
 1941 006c 5A68     		ldr	r2, [r3, #4]
 1942              		.loc 1 1287 35 view .LVU570
 1943 006e F021     		movs	r1, #240
ARM GAS  C:\msys64\tmp\ccinQ4cb.s 			page 64


 1944 0070 8903     		lsls	r1, r1, #14
 1945 0072 0A40     		ands	r2, r1
 1946              		.loc 1 1287 33 view .LVU571
 1947 0074 8262     		str	r2, [r0, #40]
1288:Drivers/STM32F0xx_HAL_Driver/Src/stm32f0xx_hal_rcc.c ****   RCC_OscInitStruct->PLL.PREDIV = (uint32_t)(RCC->CFGR2 & RCC_CFGR2_PREDIV);
 1948              		.loc 1 1288 3 is_stmt 1 view .LVU572
 1949              		.loc 1 1288 49 is_stmt 0 view .LVU573
 1950 0076 DA6A     		ldr	r2, [r3, #44]
 1951              		.loc 1 1288 35 view .LVU574
 1952 0078 0F23     		movs	r3, #15
 1953 007a 1340     		ands	r3, r2
 1954              		.loc 1 1288 33 view .LVU575
 1955 007c C362     		str	r3, [r0, #44]
1289:Drivers/STM32F0xx_HAL_Driver/Src/stm32f0xx_hal_rcc.c **** }
 1956              		.loc 1 1289 1 view .LVU576
 1957              		@ sp needed
 1958 007e 7047     		bx	lr
 1959              	.L159:
1215:Drivers/STM32F0xx_HAL_Driver/Src/stm32f0xx_hal_rcc.c ****   {
 1960              		.loc 1 1215 8 is_stmt 1 view .LVU577
1215:Drivers/STM32F0xx_HAL_Driver/Src/stm32f0xx_hal_rcc.c ****   {
 1961              		.loc 1 1215 15 is_stmt 0 view .LVU578
 1962 0080 0F4B     		ldr	r3, .L173
 1963 0082 1B68     		ldr	r3, [r3]
1215:Drivers/STM32F0xx_HAL_Driver/Src/stm32f0xx_hal_rcc.c ****   {
 1964              		.loc 1 1215 10 view .LVU579
 1965 0084 DB03     		lsls	r3, r3, #15
 1966 0086 02D5     		bpl	.L161
1217:Drivers/STM32F0xx_HAL_Driver/Src/stm32f0xx_hal_rcc.c ****   }
 1967              		.loc 1 1217 5 is_stmt 1 view .LVU580
1217:Drivers/STM32F0xx_HAL_Driver/Src/stm32f0xx_hal_rcc.c ****   }
 1968              		.loc 1 1217 33 is_stmt 0 view .LVU581
 1969 0088 0123     		movs	r3, #1
 1970 008a 4360     		str	r3, [r0, #4]
 1971 008c C0E7     		b	.L160
 1972              	.L161:
1221:Drivers/STM32F0xx_HAL_Driver/Src/stm32f0xx_hal_rcc.c ****   }
 1973              		.loc 1 1221 5 is_stmt 1 view .LVU582
1221:Drivers/STM32F0xx_HAL_Driver/Src/stm32f0xx_hal_rcc.c ****   }
 1974              		.loc 1 1221 33 is_stmt 0 view .LVU583
 1975 008e 0023     		movs	r3, #0
 1976 0090 4360     		str	r3, [r0, #4]
 1977 0092 BDE7     		b	.L160
 1978              	.L162:
1231:Drivers/STM32F0xx_HAL_Driver/Src/stm32f0xx_hal_rcc.c ****   }
 1979              		.loc 1 1231 5 is_stmt 1 view .LVU584
1231:Drivers/STM32F0xx_HAL_Driver/Src/stm32f0xx_hal_rcc.c ****   }
 1980              		.loc 1 1231 33 is_stmt 0 view .LVU585
 1981 0094 0023     		movs	r3, #0
 1982 0096 C360     		str	r3, [r0, #12]
 1983 0098 C0E7     		b	.L163
 1984              	.L164:
1241:Drivers/STM32F0xx_HAL_Driver/Src/stm32f0xx_hal_rcc.c ****   {
 1985              		.loc 1 1241 8 is_stmt 1 view .LVU586
1241:Drivers/STM32F0xx_HAL_Driver/Src/stm32f0xx_hal_rcc.c ****   {
 1986              		.loc 1 1241 15 is_stmt 0 view .LVU587
 1987 009a 094B     		ldr	r3, .L173
ARM GAS  C:\msys64\tmp\ccinQ4cb.s 			page 65


 1988 009c 1B6A     		ldr	r3, [r3, #32]
1241:Drivers/STM32F0xx_HAL_Driver/Src/stm32f0xx_hal_rcc.c ****   {
 1989              		.loc 1 1241 10 view .LVU588
 1990 009e DB07     		lsls	r3, r3, #31
 1991 00a0 02D5     		bpl	.L166
1243:Drivers/STM32F0xx_HAL_Driver/Src/stm32f0xx_hal_rcc.c ****   }
 1992              		.loc 1 1243 5 is_stmt 1 view .LVU589
1243:Drivers/STM32F0xx_HAL_Driver/Src/stm32f0xx_hal_rcc.c ****   }
 1993              		.loc 1 1243 33 is_stmt 0 view .LVU590
 1994 00a2 0123     		movs	r3, #1
 1995 00a4 8360     		str	r3, [r0, #8]
 1996 00a6 C4E7     		b	.L165
 1997              	.L166:
1247:Drivers/STM32F0xx_HAL_Driver/Src/stm32f0xx_hal_rcc.c ****   }
 1998              		.loc 1 1247 5 is_stmt 1 view .LVU591
1247:Drivers/STM32F0xx_HAL_Driver/Src/stm32f0xx_hal_rcc.c ****   }
 1999              		.loc 1 1247 33 is_stmt 0 view .LVU592
 2000 00a8 0023     		movs	r3, #0
 2001 00aa 8360     		str	r3, [r0, #8]
 2002 00ac C1E7     		b	.L165
 2003              	.L167:
1257:Drivers/STM32F0xx_HAL_Driver/Src/stm32f0xx_hal_rcc.c ****   }
 2004              		.loc 1 1257 5 is_stmt 1 view .LVU593
1257:Drivers/STM32F0xx_HAL_Driver/Src/stm32f0xx_hal_rcc.c ****   }
 2005              		.loc 1 1257 33 is_stmt 0 view .LVU594
 2006 00ae 0023     		movs	r3, #0
 2007 00b0 C361     		str	r3, [r0, #28]
 2008 00b2 C4E7     		b	.L168
 2009              	.L169:
1267:Drivers/STM32F0xx_HAL_Driver/Src/stm32f0xx_hal_rcc.c ****   }
 2010              		.loc 1 1267 5 is_stmt 1 view .LVU595
1267:Drivers/STM32F0xx_HAL_Driver/Src/stm32f0xx_hal_rcc.c ****   }
 2011              		.loc 1 1267 35 is_stmt 0 view .LVU596
 2012 00b4 0023     		movs	r3, #0
 2013 00b6 4361     		str	r3, [r0, #20]
 2014 00b8 C7E7     		b	.L170
 2015              	.L171:
1284:Drivers/STM32F0xx_HAL_Driver/Src/stm32f0xx_hal_rcc.c ****   }
 2016              		.loc 1 1284 5 is_stmt 1 view .LVU597
1284:Drivers/STM32F0xx_HAL_Driver/Src/stm32f0xx_hal_rcc.c ****   }
 2017              		.loc 1 1284 37 is_stmt 0 view .LVU598
 2018 00ba 0123     		movs	r3, #1
 2019 00bc 0362     		str	r3, [r0, #32]
 2020 00be CFE7     		b	.L172
 2021              	.L174:
 2022              		.align	2
 2023              	.L173:
 2024 00c0 00100240 		.word	1073876992
 2025              		.cfi_endproc
 2026              	.LFE49:
 2028              		.section	.text.HAL_RCC_GetClockConfig,"ax",%progbits
 2029              		.align	1
 2030              		.global	HAL_RCC_GetClockConfig
 2031              		.syntax unified
 2032              		.code	16
 2033              		.thumb_func
 2035              	HAL_RCC_GetClockConfig:
ARM GAS  C:\msys64\tmp\ccinQ4cb.s 			page 66


 2036              	.LVL120:
 2037              	.LFB50:
1290:Drivers/STM32F0xx_HAL_Driver/Src/stm32f0xx_hal_rcc.c **** 
1291:Drivers/STM32F0xx_HAL_Driver/Src/stm32f0xx_hal_rcc.c **** /**
1292:Drivers/STM32F0xx_HAL_Driver/Src/stm32f0xx_hal_rcc.c ****   * @brief  Get the RCC_ClkInitStruct according to the internal 
1293:Drivers/STM32F0xx_HAL_Driver/Src/stm32f0xx_hal_rcc.c ****   * RCC configuration registers.
1294:Drivers/STM32F0xx_HAL_Driver/Src/stm32f0xx_hal_rcc.c ****   * @param  RCC_ClkInitStruct pointer to an RCC_ClkInitTypeDef structure that 
1295:Drivers/STM32F0xx_HAL_Driver/Src/stm32f0xx_hal_rcc.c ****   * contains the current clock configuration.
1296:Drivers/STM32F0xx_HAL_Driver/Src/stm32f0xx_hal_rcc.c ****   * @param  pFLatency Pointer on the Flash Latency.
1297:Drivers/STM32F0xx_HAL_Driver/Src/stm32f0xx_hal_rcc.c ****   * @retval None
1298:Drivers/STM32F0xx_HAL_Driver/Src/stm32f0xx_hal_rcc.c ****   */
1299:Drivers/STM32F0xx_HAL_Driver/Src/stm32f0xx_hal_rcc.c **** void HAL_RCC_GetClockConfig(RCC_ClkInitTypeDef  *RCC_ClkInitStruct, uint32_t *pFLatency)
1300:Drivers/STM32F0xx_HAL_Driver/Src/stm32f0xx_hal_rcc.c **** {
 2038              		.loc 1 1300 1 is_stmt 1 view -0
 2039              		.cfi_startproc
 2040              		@ args = 0, pretend = 0, frame = 0
 2041              		@ frame_needed = 0, uses_anonymous_args = 0
 2042              		.loc 1 1300 1 is_stmt 0 view .LVU600
 2043 0000 10B5     		push	{r4, lr}
 2044              	.LCFI8:
 2045              		.cfi_def_cfa_offset 8
 2046              		.cfi_offset 4, -8
 2047              		.cfi_offset 14, -4
1301:Drivers/STM32F0xx_HAL_Driver/Src/stm32f0xx_hal_rcc.c ****   /* Check the parameters */
1302:Drivers/STM32F0xx_HAL_Driver/Src/stm32f0xx_hal_rcc.c ****   assert_param(RCC_ClkInitStruct != NULL);
 2048              		.loc 1 1302 3 is_stmt 1 view .LVU601
1303:Drivers/STM32F0xx_HAL_Driver/Src/stm32f0xx_hal_rcc.c ****   assert_param(pFLatency != NULL);
 2049              		.loc 1 1303 3 view .LVU602
1304:Drivers/STM32F0xx_HAL_Driver/Src/stm32f0xx_hal_rcc.c **** 
1305:Drivers/STM32F0xx_HAL_Driver/Src/stm32f0xx_hal_rcc.c ****   /* Set all possible values for the Clock type parameter --------------------*/
1306:Drivers/STM32F0xx_HAL_Driver/Src/stm32f0xx_hal_rcc.c ****   RCC_ClkInitStruct->ClockType = RCC_CLOCKTYPE_SYSCLK | RCC_CLOCKTYPE_HCLK | RCC_CLOCKTYPE_PCLK1;
 2050              		.loc 1 1306 3 view .LVU603
 2051              		.loc 1 1306 32 is_stmt 0 view .LVU604
 2052 0002 0723     		movs	r3, #7
 2053 0004 0360     		str	r3, [r0]
1307:Drivers/STM32F0xx_HAL_Driver/Src/stm32f0xx_hal_rcc.c ****   
1308:Drivers/STM32F0xx_HAL_Driver/Src/stm32f0xx_hal_rcc.c ****   /* Get the SYSCLK configuration --------------------------------------------*/ 
1309:Drivers/STM32F0xx_HAL_Driver/Src/stm32f0xx_hal_rcc.c ****   RCC_ClkInitStruct->SYSCLKSource = (uint32_t)(RCC->CFGR & RCC_CFGR_SW);
 2054              		.loc 1 1309 3 is_stmt 1 view .LVU605
 2055              		.loc 1 1309 51 is_stmt 0 view .LVU606
 2056 0006 0C4B     		ldr	r3, .L176
 2057 0008 5A68     		ldr	r2, [r3, #4]
 2058 000a 9446     		mov	ip, r2
 2059              		.loc 1 1309 37 view .LVU607
 2060 000c 0322     		movs	r2, #3
 2061 000e 6446     		mov	r4, ip
 2062 0010 2240     		ands	r2, r4
 2063              		.loc 1 1309 35 view .LVU608
 2064 0012 4260     		str	r2, [r0, #4]
1310:Drivers/STM32F0xx_HAL_Driver/Src/stm32f0xx_hal_rcc.c ****   
1311:Drivers/STM32F0xx_HAL_Driver/Src/stm32f0xx_hal_rcc.c ****   /* Get the HCLK configuration ----------------------------------------------*/ 
1312:Drivers/STM32F0xx_HAL_Driver/Src/stm32f0xx_hal_rcc.c ****   RCC_ClkInitStruct->AHBCLKDivider = (uint32_t)(RCC->CFGR & RCC_CFGR_HPRE); 
 2065              		.loc 1 1312 3 is_stmt 1 view .LVU609
 2066              		.loc 1 1312 52 is_stmt 0 view .LVU610
 2067 0014 5A68     		ldr	r2, [r3, #4]
 2068 0016 9446     		mov	ip, r2
 2069              		.loc 1 1312 38 view .LVU611
ARM GAS  C:\msys64\tmp\ccinQ4cb.s 			page 67


 2070 0018 F022     		movs	r2, #240
 2071 001a 6446     		mov	r4, ip
 2072 001c 2240     		ands	r2, r4
 2073              		.loc 1 1312 36 view .LVU612
 2074 001e 8260     		str	r2, [r0, #8]
1313:Drivers/STM32F0xx_HAL_Driver/Src/stm32f0xx_hal_rcc.c ****   
1314:Drivers/STM32F0xx_HAL_Driver/Src/stm32f0xx_hal_rcc.c ****   /* Get the APB1 configuration ----------------------------------------------*/ 
1315:Drivers/STM32F0xx_HAL_Driver/Src/stm32f0xx_hal_rcc.c ****   RCC_ClkInitStruct->APB1CLKDivider = (uint32_t)(RCC->CFGR & RCC_CFGR_PPRE);   
 2075              		.loc 1 1315 3 is_stmt 1 view .LVU613
 2076              		.loc 1 1315 53 is_stmt 0 view .LVU614
 2077 0020 5B68     		ldr	r3, [r3, #4]
 2078              		.loc 1 1315 39 view .LVU615
 2079 0022 E022     		movs	r2, #224
 2080 0024 D200     		lsls	r2, r2, #3
 2081 0026 1340     		ands	r3, r2
 2082              		.loc 1 1315 37 view .LVU616
 2083 0028 C360     		str	r3, [r0, #12]
1316:Drivers/STM32F0xx_HAL_Driver/Src/stm32f0xx_hal_rcc.c ****   /* Get the Flash Wait State (Latency) configuration ------------------------*/   
1317:Drivers/STM32F0xx_HAL_Driver/Src/stm32f0xx_hal_rcc.c ****   *pFLatency = __HAL_FLASH_GET_LATENCY(); 
 2084              		.loc 1 1317 3 is_stmt 1 view .LVU617
 2085              		.loc 1 1317 16 is_stmt 0 view .LVU618
 2086 002a 044B     		ldr	r3, .L176+4
 2087 002c 1A68     		ldr	r2, [r3]
 2088 002e 0123     		movs	r3, #1
 2089 0030 1340     		ands	r3, r2
 2090              		.loc 1 1317 14 view .LVU619
 2091 0032 0B60     		str	r3, [r1]
1318:Drivers/STM32F0xx_HAL_Driver/Src/stm32f0xx_hal_rcc.c **** }
 2092              		.loc 1 1318 1 view .LVU620
 2093              		@ sp needed
 2094 0034 10BD     		pop	{r4, pc}
 2095              	.L177:
 2096 0036 C046     		.align	2
 2097              	.L176:
 2098 0038 00100240 		.word	1073876992
 2099 003c 00200240 		.word	1073881088
 2100              		.cfi_endproc
 2101              	.LFE50:
 2103              		.section	.text.HAL_RCC_CSSCallback,"ax",%progbits
 2104              		.align	1
 2105              		.weak	HAL_RCC_CSSCallback
 2106              		.syntax unified
 2107              		.code	16
 2108              		.thumb_func
 2110              	HAL_RCC_CSSCallback:
 2111              	.LFB52:
1319:Drivers/STM32F0xx_HAL_Driver/Src/stm32f0xx_hal_rcc.c **** 
1320:Drivers/STM32F0xx_HAL_Driver/Src/stm32f0xx_hal_rcc.c **** /**
1321:Drivers/STM32F0xx_HAL_Driver/Src/stm32f0xx_hal_rcc.c ****   * @brief This function handles the RCC CSS interrupt request.
1322:Drivers/STM32F0xx_HAL_Driver/Src/stm32f0xx_hal_rcc.c ****   * @note This API should be called under the NMI_Handler().
1323:Drivers/STM32F0xx_HAL_Driver/Src/stm32f0xx_hal_rcc.c ****   * @retval None
1324:Drivers/STM32F0xx_HAL_Driver/Src/stm32f0xx_hal_rcc.c ****   */
1325:Drivers/STM32F0xx_HAL_Driver/Src/stm32f0xx_hal_rcc.c **** void HAL_RCC_NMI_IRQHandler(void)
1326:Drivers/STM32F0xx_HAL_Driver/Src/stm32f0xx_hal_rcc.c **** {
1327:Drivers/STM32F0xx_HAL_Driver/Src/stm32f0xx_hal_rcc.c ****   /* Check RCC CSSF flag  */
1328:Drivers/STM32F0xx_HAL_Driver/Src/stm32f0xx_hal_rcc.c ****   if(__HAL_RCC_GET_IT(RCC_IT_CSS))
1329:Drivers/STM32F0xx_HAL_Driver/Src/stm32f0xx_hal_rcc.c ****   {
ARM GAS  C:\msys64\tmp\ccinQ4cb.s 			page 68


1330:Drivers/STM32F0xx_HAL_Driver/Src/stm32f0xx_hal_rcc.c ****     /* RCC Clock Security System interrupt user callback */
1331:Drivers/STM32F0xx_HAL_Driver/Src/stm32f0xx_hal_rcc.c ****     HAL_RCC_CSSCallback();
1332:Drivers/STM32F0xx_HAL_Driver/Src/stm32f0xx_hal_rcc.c ****     
1333:Drivers/STM32F0xx_HAL_Driver/Src/stm32f0xx_hal_rcc.c ****     /* Clear RCC CSS pending bit */
1334:Drivers/STM32F0xx_HAL_Driver/Src/stm32f0xx_hal_rcc.c ****     __HAL_RCC_CLEAR_IT(RCC_IT_CSS);
1335:Drivers/STM32F0xx_HAL_Driver/Src/stm32f0xx_hal_rcc.c ****   }
1336:Drivers/STM32F0xx_HAL_Driver/Src/stm32f0xx_hal_rcc.c **** }
1337:Drivers/STM32F0xx_HAL_Driver/Src/stm32f0xx_hal_rcc.c **** 
1338:Drivers/STM32F0xx_HAL_Driver/Src/stm32f0xx_hal_rcc.c **** /**
1339:Drivers/STM32F0xx_HAL_Driver/Src/stm32f0xx_hal_rcc.c ****   * @brief  RCC Clock Security System interrupt callback
1340:Drivers/STM32F0xx_HAL_Driver/Src/stm32f0xx_hal_rcc.c ****   * @retval none
1341:Drivers/STM32F0xx_HAL_Driver/Src/stm32f0xx_hal_rcc.c ****   */
1342:Drivers/STM32F0xx_HAL_Driver/Src/stm32f0xx_hal_rcc.c **** __weak void HAL_RCC_CSSCallback(void)
1343:Drivers/STM32F0xx_HAL_Driver/Src/stm32f0xx_hal_rcc.c **** {
 2112              		.loc 1 1343 1 is_stmt 1 view -0
 2113              		.cfi_startproc
 2114              		@ args = 0, pretend = 0, frame = 0
 2115              		@ frame_needed = 0, uses_anonymous_args = 0
 2116              		@ link register save eliminated.
1344:Drivers/STM32F0xx_HAL_Driver/Src/stm32f0xx_hal_rcc.c ****   /* NOTE : This function Should not be modified, when the callback is needed,
1345:Drivers/STM32F0xx_HAL_Driver/Src/stm32f0xx_hal_rcc.c ****     the HAL_RCC_CSSCallback could be implemented in the user file
1346:Drivers/STM32F0xx_HAL_Driver/Src/stm32f0xx_hal_rcc.c ****     */ 
1347:Drivers/STM32F0xx_HAL_Driver/Src/stm32f0xx_hal_rcc.c **** }
 2117              		.loc 1 1347 1 view .LVU622
 2118              		@ sp needed
 2119 0000 7047     		bx	lr
 2120              		.cfi_endproc
 2121              	.LFE52:
 2123              		.section	.text.HAL_RCC_NMI_IRQHandler,"ax",%progbits
 2124              		.align	1
 2125              		.global	HAL_RCC_NMI_IRQHandler
 2126              		.syntax unified
 2127              		.code	16
 2128              		.thumb_func
 2130              	HAL_RCC_NMI_IRQHandler:
 2131              	.LFB51:
1326:Drivers/STM32F0xx_HAL_Driver/Src/stm32f0xx_hal_rcc.c ****   /* Check RCC CSSF flag  */
 2132              		.loc 1 1326 1 view -0
 2133              		.cfi_startproc
 2134              		@ args = 0, pretend = 0, frame = 0
 2135              		@ frame_needed = 0, uses_anonymous_args = 0
 2136 0000 10B5     		push	{r4, lr}
 2137              	.LCFI9:
 2138              		.cfi_def_cfa_offset 8
 2139              		.cfi_offset 4, -8
 2140              		.cfi_offset 14, -4
1328:Drivers/STM32F0xx_HAL_Driver/Src/stm32f0xx_hal_rcc.c ****   {
 2141              		.loc 1 1328 3 view .LVU624
1328:Drivers/STM32F0xx_HAL_Driver/Src/stm32f0xx_hal_rcc.c ****   {
 2142              		.loc 1 1328 6 is_stmt 0 view .LVU625
 2143 0002 054B     		ldr	r3, .L183
 2144 0004 9B68     		ldr	r3, [r3, #8]
1328:Drivers/STM32F0xx_HAL_Driver/Src/stm32f0xx_hal_rcc.c ****   {
 2145              		.loc 1 1328 5 view .LVU626
 2146 0006 1B06     		lsls	r3, r3, #24
 2147 0008 00D4     		bmi	.L182
 2148              	.L179:
ARM GAS  C:\msys64\tmp\ccinQ4cb.s 			page 69


1336:Drivers/STM32F0xx_HAL_Driver/Src/stm32f0xx_hal_rcc.c **** 
 2149              		.loc 1 1336 1 view .LVU627
 2150              		@ sp needed
 2151 000a 10BD     		pop	{r4, pc}
 2152              	.L182:
1331:Drivers/STM32F0xx_HAL_Driver/Src/stm32f0xx_hal_rcc.c ****     
 2153              		.loc 1 1331 5 is_stmt 1 view .LVU628
 2154 000c FFF7FEFF 		bl	HAL_RCC_CSSCallback
 2155              	.LVL121:
1334:Drivers/STM32F0xx_HAL_Driver/Src/stm32f0xx_hal_rcc.c ****   }
 2156              		.loc 1 1334 5 view .LVU629
 2157 0010 024B     		ldr	r3, .L183+4
 2158 0012 8022     		movs	r2, #128
 2159 0014 1A70     		strb	r2, [r3]
1336:Drivers/STM32F0xx_HAL_Driver/Src/stm32f0xx_hal_rcc.c **** 
 2160              		.loc 1 1336 1 is_stmt 0 view .LVU630
 2161 0016 F8E7     		b	.L179
 2162              	.L184:
 2163              		.align	2
 2164              	.L183:
 2165 0018 00100240 		.word	1073876992
 2166 001c 0A100240 		.word	1073877002
 2167              		.cfi_endproc
 2168              	.LFE51:
 2170              		.section	.rodata.aPredivFactorTable.0,"a"
 2171              		.align	2
 2174              	aPredivFactorTable.0:
 2175 0000 01020304 		.ascii	"\001\002\003\004\005\006\007\010\011\012\013\014\015"
 2175      05060708 
 2175      090A0B0C 
 2175      0D
 2176 000d 0E0F10   		.ascii	"\016\017\020"
 2177              		.section	.rodata.aPLLMULFactorTable.1,"a"
 2178              		.align	2
 2181              	aPLLMULFactorTable.1:
 2182 0000 02030405 		.ascii	"\002\003\004\005\006\007\010\011\012\013\014\015\016"
 2182      06070809 
 2182      0A0B0C0D 
 2182      0E
 2183 000d 0F1010   		.ascii	"\017\020\020"
 2184              		.text
 2185              	.Letext0:
 2186              		.file 2 "C:/msys64/ucrt64/arm-none-eabi/include/machine/_default_types.h"
 2187              		.file 3 "C:/msys64/ucrt64/arm-none-eabi/include/sys/_stdint.h"
 2188              		.file 4 "Drivers/CMSIS/Device/ST/STM32F0xx/Include/system_stm32f0xx.h"
 2189              		.file 5 "Drivers/CMSIS/Device/ST/STM32F0xx/Include/stm32f030x8.h"
 2190              		.file 6 "Drivers/CMSIS/Device/ST/STM32F0xx/Include/stm32f0xx.h"
 2191              		.file 7 "Drivers/STM32F0xx_HAL_Driver/Inc/stm32f0xx_hal_def.h"
 2192              		.file 8 "Drivers/STM32F0xx_HAL_Driver/Inc/stm32f0xx_hal_rcc.h"
 2193              		.file 9 "Drivers/STM32F0xx_HAL_Driver/Inc/stm32f0xx_hal_gpio.h"
 2194              		.file 10 "Drivers/STM32F0xx_HAL_Driver/Inc/stm32f0xx_hal.h"
ARM GAS  C:\msys64\tmp\ccinQ4cb.s 			page 70


DEFINED SYMBOLS
                            *ABS*:00000000 stm32f0xx_hal_rcc.c
C:\msys64\tmp\ccinQ4cb.s:19     .text.HAL_RCC_DeInit:00000000 $t
C:\msys64\tmp\ccinQ4cb.s:25     .text.HAL_RCC_DeInit:00000000 HAL_RCC_DeInit
C:\msys64\tmp\ccinQ4cb.s:187    .text.HAL_RCC_DeInit:000000a8 $d
C:\msys64\tmp\ccinQ4cb.s:199    .text.HAL_RCC_OscConfig:00000000 $t
C:\msys64\tmp\ccinQ4cb.s:205    .text.HAL_RCC_OscConfig:00000000 HAL_RCC_OscConfig
C:\msys64\tmp\ccinQ4cb.s:848    .text.HAL_RCC_OscConfig:000002c0 $d
C:\msys64\tmp\ccinQ4cb.s:856    .text.HAL_RCC_OscConfig:000002d4 $t
C:\msys64\tmp\ccinQ4cb.s:1205   .text.HAL_RCC_OscConfig:00000458 $d
C:\msys64\tmp\ccinQ4cb.s:1213   .text.HAL_RCC_MCOConfig:00000000 $t
C:\msys64\tmp\ccinQ4cb.s:1219   .text.HAL_RCC_MCOConfig:00000000 HAL_RCC_MCOConfig
C:\msys64\tmp\ccinQ4cb.s:1307   .text.HAL_RCC_MCOConfig:00000048 $d
C:\msys64\tmp\ccinQ4cb.s:1313   .text.HAL_RCC_EnableCSS:00000000 $t
C:\msys64\tmp\ccinQ4cb.s:1319   .text.HAL_RCC_EnableCSS:00000000 HAL_RCC_EnableCSS
C:\msys64\tmp\ccinQ4cb.s:1339   .text.HAL_RCC_EnableCSS:00000010 $d
C:\msys64\tmp\ccinQ4cb.s:1344   .text.HAL_RCC_DisableCSS:00000000 $t
C:\msys64\tmp\ccinQ4cb.s:1350   .text.HAL_RCC_DisableCSS:00000000 HAL_RCC_DisableCSS
C:\msys64\tmp\ccinQ4cb.s:1369   .text.HAL_RCC_DisableCSS:0000000c $d
C:\msys64\tmp\ccinQ4cb.s:1375   .text.HAL_RCC_GetSysClockFreq:00000000 $t
C:\msys64\tmp\ccinQ4cb.s:1381   .text.HAL_RCC_GetSysClockFreq:00000000 HAL_RCC_GetSysClockFreq
C:\msys64\tmp\ccinQ4cb.s:1474   .text.HAL_RCC_GetSysClockFreq:00000048 $d
C:\msys64\tmp\ccinQ4cb.s:2181   .rodata.aPLLMULFactorTable.1:00000000 aPLLMULFactorTable.1
C:\msys64\tmp\ccinQ4cb.s:2174   .rodata.aPredivFactorTable.0:00000000 aPredivFactorTable.0
C:\msys64\tmp\ccinQ4cb.s:1482   .text.HAL_RCC_ClockConfig:00000000 $t
C:\msys64\tmp\ccinQ4cb.s:1488   .text.HAL_RCC_ClockConfig:00000000 HAL_RCC_ClockConfig
C:\msys64\tmp\ccinQ4cb.s:1736   .text.HAL_RCC_ClockConfig:00000104 $d
C:\msys64\tmp\ccinQ4cb.s:1746   .text.HAL_RCC_GetHCLKFreq:00000000 $t
C:\msys64\tmp\ccinQ4cb.s:1752   .text.HAL_RCC_GetHCLKFreq:00000000 HAL_RCC_GetHCLKFreq
C:\msys64\tmp\ccinQ4cb.s:1770   .text.HAL_RCC_GetHCLKFreq:00000008 $d
C:\msys64\tmp\ccinQ4cb.s:1775   .text.HAL_RCC_GetPCLK1Freq:00000000 $t
C:\msys64\tmp\ccinQ4cb.s:1781   .text.HAL_RCC_GetPCLK1Freq:00000000 HAL_RCC_GetPCLK1Freq
C:\msys64\tmp\ccinQ4cb.s:1814   .text.HAL_RCC_GetPCLK1Freq:00000018 $d
C:\msys64\tmp\ccinQ4cb.s:1820   .text.HAL_RCC_GetOscConfig:00000000 $t
C:\msys64\tmp\ccinQ4cb.s:1826   .text.HAL_RCC_GetOscConfig:00000000 HAL_RCC_GetOscConfig
C:\msys64\tmp\ccinQ4cb.s:2024   .text.HAL_RCC_GetOscConfig:000000c0 $d
C:\msys64\tmp\ccinQ4cb.s:2029   .text.HAL_RCC_GetClockConfig:00000000 $t
C:\msys64\tmp\ccinQ4cb.s:2035   .text.HAL_RCC_GetClockConfig:00000000 HAL_RCC_GetClockConfig
C:\msys64\tmp\ccinQ4cb.s:2098   .text.HAL_RCC_GetClockConfig:00000038 $d
C:\msys64\tmp\ccinQ4cb.s:2104   .text.HAL_RCC_CSSCallback:00000000 $t
C:\msys64\tmp\ccinQ4cb.s:2110   .text.HAL_RCC_CSSCallback:00000000 HAL_RCC_CSSCallback
C:\msys64\tmp\ccinQ4cb.s:2124   .text.HAL_RCC_NMI_IRQHandler:00000000 $t
C:\msys64\tmp\ccinQ4cb.s:2130   .text.HAL_RCC_NMI_IRQHandler:00000000 HAL_RCC_NMI_IRQHandler
C:\msys64\tmp\ccinQ4cb.s:2165   .text.HAL_RCC_NMI_IRQHandler:00000018 $d
C:\msys64\tmp\ccinQ4cb.s:2171   .rodata.aPredivFactorTable.0:00000000 $d
C:\msys64\tmp\ccinQ4cb.s:2178   .rodata.aPLLMULFactorTable.1:00000000 $d

UNDEFINED SYMBOLS
HAL_GetTick
HAL_InitTick
SystemCoreClock
uwTickPrio
HAL_GPIO_Init
__aeabi_uidiv
AHBPrescTable
APBPrescTable
