ARM GAS  C:\msys64\tmp\ccLUNS8i.s 			page 1


   1              		.cpu cortex-m0
   2              		.arch armv6s-m
   3              		.fpu softvfp
   4              		.eabi_attribute 20, 1
   5              		.eabi_attribute 21, 1
   6              		.eabi_attribute 23, 3
   7              		.eabi_attribute 24, 1
   8              		.eabi_attribute 25, 1
   9              		.eabi_attribute 26, 1
  10              		.eabi_attribute 30, 1
  11              		.eabi_attribute 34, 0
  12              		.eabi_attribute 18, 4
  13              		.file	"stm32f0xx_hal_flash_ex.c"
  14              		.text
  15              	.Ltext0:
  16              		.cfi_sections	.debug_frame
  17              		.file 1 "Drivers/STM32F0xx_HAL_Driver/Src/stm32f0xx_hal_flash_ex.c"
  18              		.section	.text.FLASH_MassErase,"ax",%progbits
  19              		.align	1
  20              		.syntax unified
  21              		.code	16
  22              		.thumb_func
  24              	FLASH_MassErase:
  25              	.LFB46:
   1:Drivers/STM32F0xx_HAL_Driver/Src/stm32f0xx_hal_flash_ex.c **** /**
   2:Drivers/STM32F0xx_HAL_Driver/Src/stm32f0xx_hal_flash_ex.c ****   ******************************************************************************
   3:Drivers/STM32F0xx_HAL_Driver/Src/stm32f0xx_hal_flash_ex.c ****   * @file    stm32f0xx_hal_flash_ex.c
   4:Drivers/STM32F0xx_HAL_Driver/Src/stm32f0xx_hal_flash_ex.c ****   * @author  MCD Application Team
   5:Drivers/STM32F0xx_HAL_Driver/Src/stm32f0xx_hal_flash_ex.c ****   * @brief   Extended FLASH HAL module driver.
   6:Drivers/STM32F0xx_HAL_Driver/Src/stm32f0xx_hal_flash_ex.c ****   *    
   7:Drivers/STM32F0xx_HAL_Driver/Src/stm32f0xx_hal_flash_ex.c ****   *          This file provides firmware functions to manage the following 
   8:Drivers/STM32F0xx_HAL_Driver/Src/stm32f0xx_hal_flash_ex.c ****   *          functionalities of the FLASH peripheral:
   9:Drivers/STM32F0xx_HAL_Driver/Src/stm32f0xx_hal_flash_ex.c ****   *           + Extended Initialization/de-initialization functions
  10:Drivers/STM32F0xx_HAL_Driver/Src/stm32f0xx_hal_flash_ex.c ****   *           + Extended I/O operation functions
  11:Drivers/STM32F0xx_HAL_Driver/Src/stm32f0xx_hal_flash_ex.c ****   *           + Extended Peripheral Control functions 
  12:Drivers/STM32F0xx_HAL_Driver/Src/stm32f0xx_hal_flash_ex.c ****   *         
  13:Drivers/STM32F0xx_HAL_Driver/Src/stm32f0xx_hal_flash_ex.c ****   @verbatim
  14:Drivers/STM32F0xx_HAL_Driver/Src/stm32f0xx_hal_flash_ex.c ****   ==============================================================================
  15:Drivers/STM32F0xx_HAL_Driver/Src/stm32f0xx_hal_flash_ex.c ****                ##### Flash peripheral extended features  #####
  16:Drivers/STM32F0xx_HAL_Driver/Src/stm32f0xx_hal_flash_ex.c ****   ==============================================================================
  17:Drivers/STM32F0xx_HAL_Driver/Src/stm32f0xx_hal_flash_ex.c ****            
  18:Drivers/STM32F0xx_HAL_Driver/Src/stm32f0xx_hal_flash_ex.c ****                       ##### How to use this driver #####
  19:Drivers/STM32F0xx_HAL_Driver/Src/stm32f0xx_hal_flash_ex.c ****   ==============================================================================
  20:Drivers/STM32F0xx_HAL_Driver/Src/stm32f0xx_hal_flash_ex.c ****   [..] This driver provides functions to configure and program the FLASH memory 
  21:Drivers/STM32F0xx_HAL_Driver/Src/stm32f0xx_hal_flash_ex.c ****        of all STM32F0xxx devices. It includes
  22:Drivers/STM32F0xx_HAL_Driver/Src/stm32f0xx_hal_flash_ex.c ****        
  23:Drivers/STM32F0xx_HAL_Driver/Src/stm32f0xx_hal_flash_ex.c ****         (++) Set/Reset the write protection
  24:Drivers/STM32F0xx_HAL_Driver/Src/stm32f0xx_hal_flash_ex.c ****         (++) Program the user Option Bytes
  25:Drivers/STM32F0xx_HAL_Driver/Src/stm32f0xx_hal_flash_ex.c ****         (++) Get the Read protection Level
  26:Drivers/STM32F0xx_HAL_Driver/Src/stm32f0xx_hal_flash_ex.c ****   
  27:Drivers/STM32F0xx_HAL_Driver/Src/stm32f0xx_hal_flash_ex.c ****   @endverbatim
  28:Drivers/STM32F0xx_HAL_Driver/Src/stm32f0xx_hal_flash_ex.c ****   ******************************************************************************
  29:Drivers/STM32F0xx_HAL_Driver/Src/stm32f0xx_hal_flash_ex.c ****   * @attention
  30:Drivers/STM32F0xx_HAL_Driver/Src/stm32f0xx_hal_flash_ex.c ****   *
  31:Drivers/STM32F0xx_HAL_Driver/Src/stm32f0xx_hal_flash_ex.c ****   * Copyright (c) 2016 STMicroelectronics.
  32:Drivers/STM32F0xx_HAL_Driver/Src/stm32f0xx_hal_flash_ex.c ****   * All rights reserved.
  33:Drivers/STM32F0xx_HAL_Driver/Src/stm32f0xx_hal_flash_ex.c ****   *
ARM GAS  C:\msys64\tmp\ccLUNS8i.s 			page 2


  34:Drivers/STM32F0xx_HAL_Driver/Src/stm32f0xx_hal_flash_ex.c ****   * This software is licensed under terms that can be found in the LICENSE file in
  35:Drivers/STM32F0xx_HAL_Driver/Src/stm32f0xx_hal_flash_ex.c ****   * the root directory of this software component.
  36:Drivers/STM32F0xx_HAL_Driver/Src/stm32f0xx_hal_flash_ex.c ****   * If no LICENSE file comes with this software, it is provided AS-IS.
  37:Drivers/STM32F0xx_HAL_Driver/Src/stm32f0xx_hal_flash_ex.c ****   ******************************************************************************
  38:Drivers/STM32F0xx_HAL_Driver/Src/stm32f0xx_hal_flash_ex.c ****   */
  39:Drivers/STM32F0xx_HAL_Driver/Src/stm32f0xx_hal_flash_ex.c **** 
  40:Drivers/STM32F0xx_HAL_Driver/Src/stm32f0xx_hal_flash_ex.c **** /* Includes ------------------------------------------------------------------*/
  41:Drivers/STM32F0xx_HAL_Driver/Src/stm32f0xx_hal_flash_ex.c **** #include "stm32f0xx_hal.h"
  42:Drivers/STM32F0xx_HAL_Driver/Src/stm32f0xx_hal_flash_ex.c **** 
  43:Drivers/STM32F0xx_HAL_Driver/Src/stm32f0xx_hal_flash_ex.c **** /** @addtogroup STM32F0xx_HAL_Driver
  44:Drivers/STM32F0xx_HAL_Driver/Src/stm32f0xx_hal_flash_ex.c ****   * @{
  45:Drivers/STM32F0xx_HAL_Driver/Src/stm32f0xx_hal_flash_ex.c ****   */
  46:Drivers/STM32F0xx_HAL_Driver/Src/stm32f0xx_hal_flash_ex.c **** #ifdef HAL_FLASH_MODULE_ENABLED
  47:Drivers/STM32F0xx_HAL_Driver/Src/stm32f0xx_hal_flash_ex.c **** 
  48:Drivers/STM32F0xx_HAL_Driver/Src/stm32f0xx_hal_flash_ex.c **** /** @addtogroup FLASH
  49:Drivers/STM32F0xx_HAL_Driver/Src/stm32f0xx_hal_flash_ex.c ****   * @{
  50:Drivers/STM32F0xx_HAL_Driver/Src/stm32f0xx_hal_flash_ex.c ****   */
  51:Drivers/STM32F0xx_HAL_Driver/Src/stm32f0xx_hal_flash_ex.c **** /** @addtogroup FLASH_Private_Variables
  52:Drivers/STM32F0xx_HAL_Driver/Src/stm32f0xx_hal_flash_ex.c ****  * @{
  53:Drivers/STM32F0xx_HAL_Driver/Src/stm32f0xx_hal_flash_ex.c ****  */
  54:Drivers/STM32F0xx_HAL_Driver/Src/stm32f0xx_hal_flash_ex.c **** /* Variables used for Erase pages under interruption*/
  55:Drivers/STM32F0xx_HAL_Driver/Src/stm32f0xx_hal_flash_ex.c **** extern FLASH_ProcessTypeDef pFlash;
  56:Drivers/STM32F0xx_HAL_Driver/Src/stm32f0xx_hal_flash_ex.c **** /**
  57:Drivers/STM32F0xx_HAL_Driver/Src/stm32f0xx_hal_flash_ex.c ****   * @}
  58:Drivers/STM32F0xx_HAL_Driver/Src/stm32f0xx_hal_flash_ex.c ****   */
  59:Drivers/STM32F0xx_HAL_Driver/Src/stm32f0xx_hal_flash_ex.c **** 
  60:Drivers/STM32F0xx_HAL_Driver/Src/stm32f0xx_hal_flash_ex.c **** /**
  61:Drivers/STM32F0xx_HAL_Driver/Src/stm32f0xx_hal_flash_ex.c ****   * @}
  62:Drivers/STM32F0xx_HAL_Driver/Src/stm32f0xx_hal_flash_ex.c ****   */
  63:Drivers/STM32F0xx_HAL_Driver/Src/stm32f0xx_hal_flash_ex.c ****   
  64:Drivers/STM32F0xx_HAL_Driver/Src/stm32f0xx_hal_flash_ex.c **** /** @defgroup FLASHEx FLASHEx
  65:Drivers/STM32F0xx_HAL_Driver/Src/stm32f0xx_hal_flash_ex.c ****   * @brief FLASH HAL Extension module driver
  66:Drivers/STM32F0xx_HAL_Driver/Src/stm32f0xx_hal_flash_ex.c ****   * @{
  67:Drivers/STM32F0xx_HAL_Driver/Src/stm32f0xx_hal_flash_ex.c ****   */
  68:Drivers/STM32F0xx_HAL_Driver/Src/stm32f0xx_hal_flash_ex.c **** 
  69:Drivers/STM32F0xx_HAL_Driver/Src/stm32f0xx_hal_flash_ex.c **** /* Private typedef -----------------------------------------------------------*/
  70:Drivers/STM32F0xx_HAL_Driver/Src/stm32f0xx_hal_flash_ex.c **** /* Private define ------------------------------------------------------------*/
  71:Drivers/STM32F0xx_HAL_Driver/Src/stm32f0xx_hal_flash_ex.c **** /** @defgroup FLASHEx_Private_Constants FLASHEx Private Constants
  72:Drivers/STM32F0xx_HAL_Driver/Src/stm32f0xx_hal_flash_ex.c ****  * @{
  73:Drivers/STM32F0xx_HAL_Driver/Src/stm32f0xx_hal_flash_ex.c ****  */
  74:Drivers/STM32F0xx_HAL_Driver/Src/stm32f0xx_hal_flash_ex.c **** #define FLASH_POSITION_IWDGSW_BIT        8U
  75:Drivers/STM32F0xx_HAL_Driver/Src/stm32f0xx_hal_flash_ex.c **** #define FLASH_POSITION_OB_USERDATA0_BIT  16U
  76:Drivers/STM32F0xx_HAL_Driver/Src/stm32f0xx_hal_flash_ex.c **** #define FLASH_POSITION_OB_USERDATA1_BIT  24U
  77:Drivers/STM32F0xx_HAL_Driver/Src/stm32f0xx_hal_flash_ex.c **** /**
  78:Drivers/STM32F0xx_HAL_Driver/Src/stm32f0xx_hal_flash_ex.c ****   * @}
  79:Drivers/STM32F0xx_HAL_Driver/Src/stm32f0xx_hal_flash_ex.c ****   */
  80:Drivers/STM32F0xx_HAL_Driver/Src/stm32f0xx_hal_flash_ex.c **** 
  81:Drivers/STM32F0xx_HAL_Driver/Src/stm32f0xx_hal_flash_ex.c **** /* Private macro -------------------------------------------------------------*/
  82:Drivers/STM32F0xx_HAL_Driver/Src/stm32f0xx_hal_flash_ex.c **** /** @defgroup FLASHEx_Private_Macros FLASHEx Private Macros
  83:Drivers/STM32F0xx_HAL_Driver/Src/stm32f0xx_hal_flash_ex.c ****   * @{
  84:Drivers/STM32F0xx_HAL_Driver/Src/stm32f0xx_hal_flash_ex.c ****   */
  85:Drivers/STM32F0xx_HAL_Driver/Src/stm32f0xx_hal_flash_ex.c **** /**
  86:Drivers/STM32F0xx_HAL_Driver/Src/stm32f0xx_hal_flash_ex.c ****   * @}
  87:Drivers/STM32F0xx_HAL_Driver/Src/stm32f0xx_hal_flash_ex.c ****   */ 
  88:Drivers/STM32F0xx_HAL_Driver/Src/stm32f0xx_hal_flash_ex.c **** 
  89:Drivers/STM32F0xx_HAL_Driver/Src/stm32f0xx_hal_flash_ex.c **** /* Private variables ---------------------------------------------------------*/
  90:Drivers/STM32F0xx_HAL_Driver/Src/stm32f0xx_hal_flash_ex.c **** /* Private function prototypes -----------------------------------------------*/
ARM GAS  C:\msys64\tmp\ccLUNS8i.s 			page 3


  91:Drivers/STM32F0xx_HAL_Driver/Src/stm32f0xx_hal_flash_ex.c **** /** @defgroup FLASHEx_Private_Functions FLASHEx Private Functions
  92:Drivers/STM32F0xx_HAL_Driver/Src/stm32f0xx_hal_flash_ex.c ****  * @{
  93:Drivers/STM32F0xx_HAL_Driver/Src/stm32f0xx_hal_flash_ex.c ****  */
  94:Drivers/STM32F0xx_HAL_Driver/Src/stm32f0xx_hal_flash_ex.c **** /* Erase operations */
  95:Drivers/STM32F0xx_HAL_Driver/Src/stm32f0xx_hal_flash_ex.c **** static void              FLASH_MassErase(void);
  96:Drivers/STM32F0xx_HAL_Driver/Src/stm32f0xx_hal_flash_ex.c **** void    FLASH_PageErase(uint32_t PageAddress);
  97:Drivers/STM32F0xx_HAL_Driver/Src/stm32f0xx_hal_flash_ex.c **** 
  98:Drivers/STM32F0xx_HAL_Driver/Src/stm32f0xx_hal_flash_ex.c **** /* Option bytes control */
  99:Drivers/STM32F0xx_HAL_Driver/Src/stm32f0xx_hal_flash_ex.c **** static HAL_StatusTypeDef FLASH_OB_EnableWRP(uint32_t WriteProtectPage);
 100:Drivers/STM32F0xx_HAL_Driver/Src/stm32f0xx_hal_flash_ex.c **** static HAL_StatusTypeDef FLASH_OB_DisableWRP(uint32_t WriteProtectPage);
 101:Drivers/STM32F0xx_HAL_Driver/Src/stm32f0xx_hal_flash_ex.c **** static HAL_StatusTypeDef FLASH_OB_RDP_LevelConfig(uint8_t ReadProtectLevel);
 102:Drivers/STM32F0xx_HAL_Driver/Src/stm32f0xx_hal_flash_ex.c **** static HAL_StatusTypeDef FLASH_OB_UserConfig(uint8_t UserConfig);
 103:Drivers/STM32F0xx_HAL_Driver/Src/stm32f0xx_hal_flash_ex.c **** static HAL_StatusTypeDef FLASH_OB_ProgramData(uint32_t Address, uint8_t Data);
 104:Drivers/STM32F0xx_HAL_Driver/Src/stm32f0xx_hal_flash_ex.c **** static uint32_t          FLASH_OB_GetWRP(void);
 105:Drivers/STM32F0xx_HAL_Driver/Src/stm32f0xx_hal_flash_ex.c **** static uint32_t          FLASH_OB_GetRDP(void);
 106:Drivers/STM32F0xx_HAL_Driver/Src/stm32f0xx_hal_flash_ex.c **** static uint8_t           FLASH_OB_GetUser(void);
 107:Drivers/STM32F0xx_HAL_Driver/Src/stm32f0xx_hal_flash_ex.c **** 
 108:Drivers/STM32F0xx_HAL_Driver/Src/stm32f0xx_hal_flash_ex.c **** /**
 109:Drivers/STM32F0xx_HAL_Driver/Src/stm32f0xx_hal_flash_ex.c ****   * @}
 110:Drivers/STM32F0xx_HAL_Driver/Src/stm32f0xx_hal_flash_ex.c ****   */
 111:Drivers/STM32F0xx_HAL_Driver/Src/stm32f0xx_hal_flash_ex.c **** 
 112:Drivers/STM32F0xx_HAL_Driver/Src/stm32f0xx_hal_flash_ex.c **** /* Exported functions ---------------------------------------------------------*/
 113:Drivers/STM32F0xx_HAL_Driver/Src/stm32f0xx_hal_flash_ex.c **** /** @defgroup FLASHEx_Exported_Functions FLASHEx Exported Functions
 114:Drivers/STM32F0xx_HAL_Driver/Src/stm32f0xx_hal_flash_ex.c ****   * @{
 115:Drivers/STM32F0xx_HAL_Driver/Src/stm32f0xx_hal_flash_ex.c ****   */
 116:Drivers/STM32F0xx_HAL_Driver/Src/stm32f0xx_hal_flash_ex.c ****   
 117:Drivers/STM32F0xx_HAL_Driver/Src/stm32f0xx_hal_flash_ex.c **** /** @defgroup FLASHEx_Exported_Functions_Group1 FLASHEx Memory Erasing functions
 118:Drivers/STM32F0xx_HAL_Driver/Src/stm32f0xx_hal_flash_ex.c ****  *  @brief   FLASH Memory Erasing functions
 119:Drivers/STM32F0xx_HAL_Driver/Src/stm32f0xx_hal_flash_ex.c ****   *
 120:Drivers/STM32F0xx_HAL_Driver/Src/stm32f0xx_hal_flash_ex.c **** @verbatim   
 121:Drivers/STM32F0xx_HAL_Driver/Src/stm32f0xx_hal_flash_ex.c ****   ==============================================================================
 122:Drivers/STM32F0xx_HAL_Driver/Src/stm32f0xx_hal_flash_ex.c ****                 ##### FLASH Erasing Programming functions ##### 
 123:Drivers/STM32F0xx_HAL_Driver/Src/stm32f0xx_hal_flash_ex.c ****   ==============================================================================
 124:Drivers/STM32F0xx_HAL_Driver/Src/stm32f0xx_hal_flash_ex.c **** 
 125:Drivers/STM32F0xx_HAL_Driver/Src/stm32f0xx_hal_flash_ex.c ****     [..] The FLASH Memory Erasing functions, includes the following functions:
 126:Drivers/STM32F0xx_HAL_Driver/Src/stm32f0xx_hal_flash_ex.c ****     (+) HAL_FLASHEx_Erase: return only when erase has been done
 127:Drivers/STM32F0xx_HAL_Driver/Src/stm32f0xx_hal_flash_ex.c ****     (+) HAL_FLASHEx_Erase_IT: end of erase is done when HAL_FLASH_EndOfOperationCallback 
 128:Drivers/STM32F0xx_HAL_Driver/Src/stm32f0xx_hal_flash_ex.c ****         is called with parameter 0xFFFFFFFF
 129:Drivers/STM32F0xx_HAL_Driver/Src/stm32f0xx_hal_flash_ex.c **** 
 130:Drivers/STM32F0xx_HAL_Driver/Src/stm32f0xx_hal_flash_ex.c ****     [..] Any operation of erase should follow these steps:
 131:Drivers/STM32F0xx_HAL_Driver/Src/stm32f0xx_hal_flash_ex.c ****     (#) Call the HAL_FLASH_Unlock() function to enable the flash control register and 
 132:Drivers/STM32F0xx_HAL_Driver/Src/stm32f0xx_hal_flash_ex.c ****         program memory access.
 133:Drivers/STM32F0xx_HAL_Driver/Src/stm32f0xx_hal_flash_ex.c ****     (#) Call the desired function to erase page.
 134:Drivers/STM32F0xx_HAL_Driver/Src/stm32f0xx_hal_flash_ex.c ****     (#) Call the HAL_FLASH_Lock() to disable the flash program memory access 
 135:Drivers/STM32F0xx_HAL_Driver/Src/stm32f0xx_hal_flash_ex.c ****        (recommended to protect the FLASH memory against possible unwanted operation).
 136:Drivers/STM32F0xx_HAL_Driver/Src/stm32f0xx_hal_flash_ex.c **** 
 137:Drivers/STM32F0xx_HAL_Driver/Src/stm32f0xx_hal_flash_ex.c **** @endverbatim
 138:Drivers/STM32F0xx_HAL_Driver/Src/stm32f0xx_hal_flash_ex.c ****   * @{
 139:Drivers/STM32F0xx_HAL_Driver/Src/stm32f0xx_hal_flash_ex.c ****   */
 140:Drivers/STM32F0xx_HAL_Driver/Src/stm32f0xx_hal_flash_ex.c ****   
 141:Drivers/STM32F0xx_HAL_Driver/Src/stm32f0xx_hal_flash_ex.c **** 
 142:Drivers/STM32F0xx_HAL_Driver/Src/stm32f0xx_hal_flash_ex.c **** /**
 143:Drivers/STM32F0xx_HAL_Driver/Src/stm32f0xx_hal_flash_ex.c ****   * @brief  Perform a mass erase or erase the specified FLASH memory pages
 144:Drivers/STM32F0xx_HAL_Driver/Src/stm32f0xx_hal_flash_ex.c ****   * @note   To correctly run this function, the @ref HAL_FLASH_Unlock() function
 145:Drivers/STM32F0xx_HAL_Driver/Src/stm32f0xx_hal_flash_ex.c ****   *         must be called before.
 146:Drivers/STM32F0xx_HAL_Driver/Src/stm32f0xx_hal_flash_ex.c ****   *         Call the @ref HAL_FLASH_Lock() to disable the flash memory access 
 147:Drivers/STM32F0xx_HAL_Driver/Src/stm32f0xx_hal_flash_ex.c ****   *         (recommended to protect the FLASH memory against possible unwanted operation)
ARM GAS  C:\msys64\tmp\ccLUNS8i.s 			page 4


 148:Drivers/STM32F0xx_HAL_Driver/Src/stm32f0xx_hal_flash_ex.c ****   * @param[in]  pEraseInit pointer to an FLASH_EraseInitTypeDef structure that
 149:Drivers/STM32F0xx_HAL_Driver/Src/stm32f0xx_hal_flash_ex.c ****   *         contains the configuration information for the erasing.
 150:Drivers/STM32F0xx_HAL_Driver/Src/stm32f0xx_hal_flash_ex.c ****   *
 151:Drivers/STM32F0xx_HAL_Driver/Src/stm32f0xx_hal_flash_ex.c ****   * @param[out]  PageError pointer to variable  that
 152:Drivers/STM32F0xx_HAL_Driver/Src/stm32f0xx_hal_flash_ex.c ****   *         contains the configuration information on faulty page in case of error
 153:Drivers/STM32F0xx_HAL_Driver/Src/stm32f0xx_hal_flash_ex.c ****   *         (0xFFFFFFFF means that all the pages have been correctly erased)
 154:Drivers/STM32F0xx_HAL_Driver/Src/stm32f0xx_hal_flash_ex.c ****   *
 155:Drivers/STM32F0xx_HAL_Driver/Src/stm32f0xx_hal_flash_ex.c ****   * @retval HAL_StatusTypeDef HAL Status
 156:Drivers/STM32F0xx_HAL_Driver/Src/stm32f0xx_hal_flash_ex.c ****   */
 157:Drivers/STM32F0xx_HAL_Driver/Src/stm32f0xx_hal_flash_ex.c **** HAL_StatusTypeDef HAL_FLASHEx_Erase(FLASH_EraseInitTypeDef *pEraseInit, uint32_t *PageError)
 158:Drivers/STM32F0xx_HAL_Driver/Src/stm32f0xx_hal_flash_ex.c **** {
 159:Drivers/STM32F0xx_HAL_Driver/Src/stm32f0xx_hal_flash_ex.c ****   HAL_StatusTypeDef status = HAL_ERROR;
 160:Drivers/STM32F0xx_HAL_Driver/Src/stm32f0xx_hal_flash_ex.c ****   uint32_t address = 0U;
 161:Drivers/STM32F0xx_HAL_Driver/Src/stm32f0xx_hal_flash_ex.c **** 
 162:Drivers/STM32F0xx_HAL_Driver/Src/stm32f0xx_hal_flash_ex.c ****   /* Process Locked */
 163:Drivers/STM32F0xx_HAL_Driver/Src/stm32f0xx_hal_flash_ex.c ****   __HAL_LOCK(&pFlash);
 164:Drivers/STM32F0xx_HAL_Driver/Src/stm32f0xx_hal_flash_ex.c **** 
 165:Drivers/STM32F0xx_HAL_Driver/Src/stm32f0xx_hal_flash_ex.c ****   /* Check the parameters */
 166:Drivers/STM32F0xx_HAL_Driver/Src/stm32f0xx_hal_flash_ex.c ****   assert_param(IS_FLASH_TYPEERASE(pEraseInit->TypeErase));
 167:Drivers/STM32F0xx_HAL_Driver/Src/stm32f0xx_hal_flash_ex.c **** 
 168:Drivers/STM32F0xx_HAL_Driver/Src/stm32f0xx_hal_flash_ex.c ****   if (pEraseInit->TypeErase == FLASH_TYPEERASE_MASSERASE)
 169:Drivers/STM32F0xx_HAL_Driver/Src/stm32f0xx_hal_flash_ex.c ****   {
 170:Drivers/STM32F0xx_HAL_Driver/Src/stm32f0xx_hal_flash_ex.c ****       /* Mass Erase requested for Bank1 */
 171:Drivers/STM32F0xx_HAL_Driver/Src/stm32f0xx_hal_flash_ex.c ****       /* Wait for last operation to be completed */
 172:Drivers/STM32F0xx_HAL_Driver/Src/stm32f0xx_hal_flash_ex.c ****       if (FLASH_WaitForLastOperation((uint32_t)FLASH_TIMEOUT_VALUE) == HAL_OK)
 173:Drivers/STM32F0xx_HAL_Driver/Src/stm32f0xx_hal_flash_ex.c ****       {
 174:Drivers/STM32F0xx_HAL_Driver/Src/stm32f0xx_hal_flash_ex.c ****         /*Mass erase to be done*/
 175:Drivers/STM32F0xx_HAL_Driver/Src/stm32f0xx_hal_flash_ex.c ****         FLASH_MassErase();
 176:Drivers/STM32F0xx_HAL_Driver/Src/stm32f0xx_hal_flash_ex.c ****         
 177:Drivers/STM32F0xx_HAL_Driver/Src/stm32f0xx_hal_flash_ex.c ****         /* Wait for last operation to be completed */
 178:Drivers/STM32F0xx_HAL_Driver/Src/stm32f0xx_hal_flash_ex.c ****         status = FLASH_WaitForLastOperation((uint32_t)FLASH_TIMEOUT_VALUE);
 179:Drivers/STM32F0xx_HAL_Driver/Src/stm32f0xx_hal_flash_ex.c ****         
 180:Drivers/STM32F0xx_HAL_Driver/Src/stm32f0xx_hal_flash_ex.c ****         /* If the erase operation is completed, disable the MER Bit */
 181:Drivers/STM32F0xx_HAL_Driver/Src/stm32f0xx_hal_flash_ex.c ****         CLEAR_BIT(FLASH->CR, FLASH_CR_MER);
 182:Drivers/STM32F0xx_HAL_Driver/Src/stm32f0xx_hal_flash_ex.c ****       }
 183:Drivers/STM32F0xx_HAL_Driver/Src/stm32f0xx_hal_flash_ex.c ****   }
 184:Drivers/STM32F0xx_HAL_Driver/Src/stm32f0xx_hal_flash_ex.c ****   else
 185:Drivers/STM32F0xx_HAL_Driver/Src/stm32f0xx_hal_flash_ex.c ****   {
 186:Drivers/STM32F0xx_HAL_Driver/Src/stm32f0xx_hal_flash_ex.c ****     /* Page Erase is requested */
 187:Drivers/STM32F0xx_HAL_Driver/Src/stm32f0xx_hal_flash_ex.c ****     /* Check the parameters */
 188:Drivers/STM32F0xx_HAL_Driver/Src/stm32f0xx_hal_flash_ex.c ****     assert_param(IS_FLASH_PROGRAM_ADDRESS(pEraseInit->PageAddress));
 189:Drivers/STM32F0xx_HAL_Driver/Src/stm32f0xx_hal_flash_ex.c ****     assert_param(IS_FLASH_NB_PAGES(pEraseInit->PageAddress, pEraseInit->NbPages));
 190:Drivers/STM32F0xx_HAL_Driver/Src/stm32f0xx_hal_flash_ex.c ****     
 191:Drivers/STM32F0xx_HAL_Driver/Src/stm32f0xx_hal_flash_ex.c ****       /* Page Erase requested on address located on bank1 */
 192:Drivers/STM32F0xx_HAL_Driver/Src/stm32f0xx_hal_flash_ex.c ****       /* Wait for last operation to be completed */
 193:Drivers/STM32F0xx_HAL_Driver/Src/stm32f0xx_hal_flash_ex.c ****       if (FLASH_WaitForLastOperation((uint32_t)FLASH_TIMEOUT_VALUE) == HAL_OK)
 194:Drivers/STM32F0xx_HAL_Driver/Src/stm32f0xx_hal_flash_ex.c ****       {
 195:Drivers/STM32F0xx_HAL_Driver/Src/stm32f0xx_hal_flash_ex.c ****         /*Initialization of PageError variable*/
 196:Drivers/STM32F0xx_HAL_Driver/Src/stm32f0xx_hal_flash_ex.c ****         *PageError = 0xFFFFFFFFU;
 197:Drivers/STM32F0xx_HAL_Driver/Src/stm32f0xx_hal_flash_ex.c ****         
 198:Drivers/STM32F0xx_HAL_Driver/Src/stm32f0xx_hal_flash_ex.c ****         /* Erase page by page to be done*/
 199:Drivers/STM32F0xx_HAL_Driver/Src/stm32f0xx_hal_flash_ex.c ****         for(address = pEraseInit->PageAddress;
 200:Drivers/STM32F0xx_HAL_Driver/Src/stm32f0xx_hal_flash_ex.c ****             address < ((pEraseInit->NbPages * FLASH_PAGE_SIZE) + pEraseInit->PageAddress);
 201:Drivers/STM32F0xx_HAL_Driver/Src/stm32f0xx_hal_flash_ex.c ****             address += FLASH_PAGE_SIZE)
 202:Drivers/STM32F0xx_HAL_Driver/Src/stm32f0xx_hal_flash_ex.c ****         {
 203:Drivers/STM32F0xx_HAL_Driver/Src/stm32f0xx_hal_flash_ex.c ****           FLASH_PageErase(address);
 204:Drivers/STM32F0xx_HAL_Driver/Src/stm32f0xx_hal_flash_ex.c ****           
ARM GAS  C:\msys64\tmp\ccLUNS8i.s 			page 5


 205:Drivers/STM32F0xx_HAL_Driver/Src/stm32f0xx_hal_flash_ex.c ****           /* Wait for last operation to be completed */
 206:Drivers/STM32F0xx_HAL_Driver/Src/stm32f0xx_hal_flash_ex.c ****           status = FLASH_WaitForLastOperation((uint32_t)FLASH_TIMEOUT_VALUE);
 207:Drivers/STM32F0xx_HAL_Driver/Src/stm32f0xx_hal_flash_ex.c ****           
 208:Drivers/STM32F0xx_HAL_Driver/Src/stm32f0xx_hal_flash_ex.c ****           /* If the erase operation is completed, disable the PER Bit */
 209:Drivers/STM32F0xx_HAL_Driver/Src/stm32f0xx_hal_flash_ex.c ****           CLEAR_BIT(FLASH->CR, FLASH_CR_PER);
 210:Drivers/STM32F0xx_HAL_Driver/Src/stm32f0xx_hal_flash_ex.c ****           
 211:Drivers/STM32F0xx_HAL_Driver/Src/stm32f0xx_hal_flash_ex.c ****           if (status != HAL_OK)
 212:Drivers/STM32F0xx_HAL_Driver/Src/stm32f0xx_hal_flash_ex.c ****           {
 213:Drivers/STM32F0xx_HAL_Driver/Src/stm32f0xx_hal_flash_ex.c ****             /* In case of error, stop erase procedure and return the faulty address */
 214:Drivers/STM32F0xx_HAL_Driver/Src/stm32f0xx_hal_flash_ex.c ****             *PageError = address;
 215:Drivers/STM32F0xx_HAL_Driver/Src/stm32f0xx_hal_flash_ex.c ****             break;
 216:Drivers/STM32F0xx_HAL_Driver/Src/stm32f0xx_hal_flash_ex.c ****           }
 217:Drivers/STM32F0xx_HAL_Driver/Src/stm32f0xx_hal_flash_ex.c ****         }
 218:Drivers/STM32F0xx_HAL_Driver/Src/stm32f0xx_hal_flash_ex.c ****       }
 219:Drivers/STM32F0xx_HAL_Driver/Src/stm32f0xx_hal_flash_ex.c ****   }
 220:Drivers/STM32F0xx_HAL_Driver/Src/stm32f0xx_hal_flash_ex.c **** 
 221:Drivers/STM32F0xx_HAL_Driver/Src/stm32f0xx_hal_flash_ex.c ****   /* Process Unlocked */
 222:Drivers/STM32F0xx_HAL_Driver/Src/stm32f0xx_hal_flash_ex.c ****   __HAL_UNLOCK(&pFlash);
 223:Drivers/STM32F0xx_HAL_Driver/Src/stm32f0xx_hal_flash_ex.c **** 
 224:Drivers/STM32F0xx_HAL_Driver/Src/stm32f0xx_hal_flash_ex.c ****   return status;
 225:Drivers/STM32F0xx_HAL_Driver/Src/stm32f0xx_hal_flash_ex.c **** }
 226:Drivers/STM32F0xx_HAL_Driver/Src/stm32f0xx_hal_flash_ex.c **** 
 227:Drivers/STM32F0xx_HAL_Driver/Src/stm32f0xx_hal_flash_ex.c **** /**
 228:Drivers/STM32F0xx_HAL_Driver/Src/stm32f0xx_hal_flash_ex.c ****   * @brief  Perform a mass erase or erase the specified FLASH memory pages with interrupt enabled
 229:Drivers/STM32F0xx_HAL_Driver/Src/stm32f0xx_hal_flash_ex.c ****   * @note   To correctly run this function, the @ref HAL_FLASH_Unlock() function
 230:Drivers/STM32F0xx_HAL_Driver/Src/stm32f0xx_hal_flash_ex.c ****   *         must be called before.
 231:Drivers/STM32F0xx_HAL_Driver/Src/stm32f0xx_hal_flash_ex.c ****   *         Call the @ref HAL_FLASH_Lock() to disable the flash memory access 
 232:Drivers/STM32F0xx_HAL_Driver/Src/stm32f0xx_hal_flash_ex.c ****   *         (recommended to protect the FLASH memory against possible unwanted operation)
 233:Drivers/STM32F0xx_HAL_Driver/Src/stm32f0xx_hal_flash_ex.c ****   * @param  pEraseInit pointer to an FLASH_EraseInitTypeDef structure that
 234:Drivers/STM32F0xx_HAL_Driver/Src/stm32f0xx_hal_flash_ex.c ****   *         contains the configuration information for the erasing.
 235:Drivers/STM32F0xx_HAL_Driver/Src/stm32f0xx_hal_flash_ex.c ****   *
 236:Drivers/STM32F0xx_HAL_Driver/Src/stm32f0xx_hal_flash_ex.c ****   * @retval HAL_StatusTypeDef HAL Status
 237:Drivers/STM32F0xx_HAL_Driver/Src/stm32f0xx_hal_flash_ex.c ****   */
 238:Drivers/STM32F0xx_HAL_Driver/Src/stm32f0xx_hal_flash_ex.c **** HAL_StatusTypeDef HAL_FLASHEx_Erase_IT(FLASH_EraseInitTypeDef *pEraseInit)
 239:Drivers/STM32F0xx_HAL_Driver/Src/stm32f0xx_hal_flash_ex.c **** {
 240:Drivers/STM32F0xx_HAL_Driver/Src/stm32f0xx_hal_flash_ex.c ****   HAL_StatusTypeDef status = HAL_OK;
 241:Drivers/STM32F0xx_HAL_Driver/Src/stm32f0xx_hal_flash_ex.c **** 
 242:Drivers/STM32F0xx_HAL_Driver/Src/stm32f0xx_hal_flash_ex.c ****   /* Process Locked */
 243:Drivers/STM32F0xx_HAL_Driver/Src/stm32f0xx_hal_flash_ex.c ****   __HAL_LOCK(&pFlash);
 244:Drivers/STM32F0xx_HAL_Driver/Src/stm32f0xx_hal_flash_ex.c **** 
 245:Drivers/STM32F0xx_HAL_Driver/Src/stm32f0xx_hal_flash_ex.c ****   /* If procedure already ongoing, reject the next one */
 246:Drivers/STM32F0xx_HAL_Driver/Src/stm32f0xx_hal_flash_ex.c ****   if (pFlash.ProcedureOnGoing != FLASH_PROC_NONE)
 247:Drivers/STM32F0xx_HAL_Driver/Src/stm32f0xx_hal_flash_ex.c ****   {
 248:Drivers/STM32F0xx_HAL_Driver/Src/stm32f0xx_hal_flash_ex.c ****     return HAL_ERROR;
 249:Drivers/STM32F0xx_HAL_Driver/Src/stm32f0xx_hal_flash_ex.c ****   }
 250:Drivers/STM32F0xx_HAL_Driver/Src/stm32f0xx_hal_flash_ex.c ****   
 251:Drivers/STM32F0xx_HAL_Driver/Src/stm32f0xx_hal_flash_ex.c ****   /* Check the parameters */
 252:Drivers/STM32F0xx_HAL_Driver/Src/stm32f0xx_hal_flash_ex.c ****   assert_param(IS_FLASH_TYPEERASE(pEraseInit->TypeErase));
 253:Drivers/STM32F0xx_HAL_Driver/Src/stm32f0xx_hal_flash_ex.c **** 
 254:Drivers/STM32F0xx_HAL_Driver/Src/stm32f0xx_hal_flash_ex.c ****   /* Enable End of FLASH Operation and Error source interrupts */
 255:Drivers/STM32F0xx_HAL_Driver/Src/stm32f0xx_hal_flash_ex.c ****   __HAL_FLASH_ENABLE_IT(FLASH_IT_EOP | FLASH_IT_ERR);
 256:Drivers/STM32F0xx_HAL_Driver/Src/stm32f0xx_hal_flash_ex.c **** 
 257:Drivers/STM32F0xx_HAL_Driver/Src/stm32f0xx_hal_flash_ex.c ****   if (pEraseInit->TypeErase == FLASH_TYPEERASE_MASSERASE)
 258:Drivers/STM32F0xx_HAL_Driver/Src/stm32f0xx_hal_flash_ex.c ****   {
 259:Drivers/STM32F0xx_HAL_Driver/Src/stm32f0xx_hal_flash_ex.c ****     /*Mass erase to be done*/
 260:Drivers/STM32F0xx_HAL_Driver/Src/stm32f0xx_hal_flash_ex.c ****     pFlash.ProcedureOnGoing = FLASH_PROC_MASSERASE;
 261:Drivers/STM32F0xx_HAL_Driver/Src/stm32f0xx_hal_flash_ex.c ****         FLASH_MassErase();
ARM GAS  C:\msys64\tmp\ccLUNS8i.s 			page 6


 262:Drivers/STM32F0xx_HAL_Driver/Src/stm32f0xx_hal_flash_ex.c ****   }
 263:Drivers/STM32F0xx_HAL_Driver/Src/stm32f0xx_hal_flash_ex.c ****   else
 264:Drivers/STM32F0xx_HAL_Driver/Src/stm32f0xx_hal_flash_ex.c ****   {
 265:Drivers/STM32F0xx_HAL_Driver/Src/stm32f0xx_hal_flash_ex.c ****     /* Erase by page to be done*/
 266:Drivers/STM32F0xx_HAL_Driver/Src/stm32f0xx_hal_flash_ex.c **** 
 267:Drivers/STM32F0xx_HAL_Driver/Src/stm32f0xx_hal_flash_ex.c ****     /* Check the parameters */
 268:Drivers/STM32F0xx_HAL_Driver/Src/stm32f0xx_hal_flash_ex.c ****     assert_param(IS_FLASH_PROGRAM_ADDRESS(pEraseInit->PageAddress));
 269:Drivers/STM32F0xx_HAL_Driver/Src/stm32f0xx_hal_flash_ex.c ****     assert_param(IS_FLASH_NB_PAGES(pEraseInit->PageAddress, pEraseInit->NbPages));
 270:Drivers/STM32F0xx_HAL_Driver/Src/stm32f0xx_hal_flash_ex.c **** 
 271:Drivers/STM32F0xx_HAL_Driver/Src/stm32f0xx_hal_flash_ex.c ****     pFlash.ProcedureOnGoing = FLASH_PROC_PAGEERASE;
 272:Drivers/STM32F0xx_HAL_Driver/Src/stm32f0xx_hal_flash_ex.c ****     pFlash.DataRemaining = pEraseInit->NbPages;
 273:Drivers/STM32F0xx_HAL_Driver/Src/stm32f0xx_hal_flash_ex.c ****     pFlash.Address = pEraseInit->PageAddress;
 274:Drivers/STM32F0xx_HAL_Driver/Src/stm32f0xx_hal_flash_ex.c **** 
 275:Drivers/STM32F0xx_HAL_Driver/Src/stm32f0xx_hal_flash_ex.c ****     /*Erase 1st page and wait for IT*/
 276:Drivers/STM32F0xx_HAL_Driver/Src/stm32f0xx_hal_flash_ex.c ****     FLASH_PageErase(pEraseInit->PageAddress);
 277:Drivers/STM32F0xx_HAL_Driver/Src/stm32f0xx_hal_flash_ex.c ****   }
 278:Drivers/STM32F0xx_HAL_Driver/Src/stm32f0xx_hal_flash_ex.c **** 
 279:Drivers/STM32F0xx_HAL_Driver/Src/stm32f0xx_hal_flash_ex.c ****   return status;
 280:Drivers/STM32F0xx_HAL_Driver/Src/stm32f0xx_hal_flash_ex.c **** }
 281:Drivers/STM32F0xx_HAL_Driver/Src/stm32f0xx_hal_flash_ex.c **** 
 282:Drivers/STM32F0xx_HAL_Driver/Src/stm32f0xx_hal_flash_ex.c **** /**
 283:Drivers/STM32F0xx_HAL_Driver/Src/stm32f0xx_hal_flash_ex.c ****   * @}
 284:Drivers/STM32F0xx_HAL_Driver/Src/stm32f0xx_hal_flash_ex.c ****   */
 285:Drivers/STM32F0xx_HAL_Driver/Src/stm32f0xx_hal_flash_ex.c **** 
 286:Drivers/STM32F0xx_HAL_Driver/Src/stm32f0xx_hal_flash_ex.c **** /** @defgroup FLASHEx_Exported_Functions_Group2 Option Bytes Programming functions
 287:Drivers/STM32F0xx_HAL_Driver/Src/stm32f0xx_hal_flash_ex.c ****  *  @brief   Option Bytes Programming functions
 288:Drivers/STM32F0xx_HAL_Driver/Src/stm32f0xx_hal_flash_ex.c ****   *
 289:Drivers/STM32F0xx_HAL_Driver/Src/stm32f0xx_hal_flash_ex.c **** @verbatim   
 290:Drivers/STM32F0xx_HAL_Driver/Src/stm32f0xx_hal_flash_ex.c ****   ==============================================================================
 291:Drivers/STM32F0xx_HAL_Driver/Src/stm32f0xx_hal_flash_ex.c ****                 ##### Option Bytes Programming functions ##### 
 292:Drivers/STM32F0xx_HAL_Driver/Src/stm32f0xx_hal_flash_ex.c ****   ==============================================================================  
 293:Drivers/STM32F0xx_HAL_Driver/Src/stm32f0xx_hal_flash_ex.c ****     [..]
 294:Drivers/STM32F0xx_HAL_Driver/Src/stm32f0xx_hal_flash_ex.c ****     This subsection provides a set of functions allowing to control the FLASH 
 295:Drivers/STM32F0xx_HAL_Driver/Src/stm32f0xx_hal_flash_ex.c ****     option bytes operations.
 296:Drivers/STM32F0xx_HAL_Driver/Src/stm32f0xx_hal_flash_ex.c **** 
 297:Drivers/STM32F0xx_HAL_Driver/Src/stm32f0xx_hal_flash_ex.c **** @endverbatim
 298:Drivers/STM32F0xx_HAL_Driver/Src/stm32f0xx_hal_flash_ex.c ****   * @{
 299:Drivers/STM32F0xx_HAL_Driver/Src/stm32f0xx_hal_flash_ex.c ****   */
 300:Drivers/STM32F0xx_HAL_Driver/Src/stm32f0xx_hal_flash_ex.c **** 
 301:Drivers/STM32F0xx_HAL_Driver/Src/stm32f0xx_hal_flash_ex.c **** /**
 302:Drivers/STM32F0xx_HAL_Driver/Src/stm32f0xx_hal_flash_ex.c ****   * @brief  Erases the FLASH option bytes.
 303:Drivers/STM32F0xx_HAL_Driver/Src/stm32f0xx_hal_flash_ex.c ****   * @note   This functions erases all option bytes except the Read protection (RDP).
 304:Drivers/STM32F0xx_HAL_Driver/Src/stm32f0xx_hal_flash_ex.c ****   *         The function @ref HAL_FLASH_Unlock() should be called before to unlock the FLASH interf
 305:Drivers/STM32F0xx_HAL_Driver/Src/stm32f0xx_hal_flash_ex.c ****   *         The function @ref HAL_FLASH_OB_Unlock() should be called before to unlock the options b
 306:Drivers/STM32F0xx_HAL_Driver/Src/stm32f0xx_hal_flash_ex.c ****   *         The function @ref HAL_FLASH_OB_Launch() should be called after to force the reload of t
 307:Drivers/STM32F0xx_HAL_Driver/Src/stm32f0xx_hal_flash_ex.c ****   *         (system reset will occur)
 308:Drivers/STM32F0xx_HAL_Driver/Src/stm32f0xx_hal_flash_ex.c ****   * @retval HAL status
 309:Drivers/STM32F0xx_HAL_Driver/Src/stm32f0xx_hal_flash_ex.c ****   */
 310:Drivers/STM32F0xx_HAL_Driver/Src/stm32f0xx_hal_flash_ex.c **** 
 311:Drivers/STM32F0xx_HAL_Driver/Src/stm32f0xx_hal_flash_ex.c **** HAL_StatusTypeDef HAL_FLASHEx_OBErase(void)
 312:Drivers/STM32F0xx_HAL_Driver/Src/stm32f0xx_hal_flash_ex.c **** {
 313:Drivers/STM32F0xx_HAL_Driver/Src/stm32f0xx_hal_flash_ex.c ****   uint8_t rdptmp = OB_RDP_LEVEL_0;
 314:Drivers/STM32F0xx_HAL_Driver/Src/stm32f0xx_hal_flash_ex.c ****   HAL_StatusTypeDef status = HAL_ERROR;
 315:Drivers/STM32F0xx_HAL_Driver/Src/stm32f0xx_hal_flash_ex.c **** 
 316:Drivers/STM32F0xx_HAL_Driver/Src/stm32f0xx_hal_flash_ex.c ****   /* Get the actual read protection Option Byte value */
 317:Drivers/STM32F0xx_HAL_Driver/Src/stm32f0xx_hal_flash_ex.c ****   rdptmp = FLASH_OB_GetRDP();
 318:Drivers/STM32F0xx_HAL_Driver/Src/stm32f0xx_hal_flash_ex.c **** 
ARM GAS  C:\msys64\tmp\ccLUNS8i.s 			page 7


 319:Drivers/STM32F0xx_HAL_Driver/Src/stm32f0xx_hal_flash_ex.c ****   /* Wait for last operation to be completed */
 320:Drivers/STM32F0xx_HAL_Driver/Src/stm32f0xx_hal_flash_ex.c ****   status = FLASH_WaitForLastOperation((uint32_t)FLASH_TIMEOUT_VALUE);
 321:Drivers/STM32F0xx_HAL_Driver/Src/stm32f0xx_hal_flash_ex.c **** 
 322:Drivers/STM32F0xx_HAL_Driver/Src/stm32f0xx_hal_flash_ex.c ****   if(status == HAL_OK)
 323:Drivers/STM32F0xx_HAL_Driver/Src/stm32f0xx_hal_flash_ex.c ****   {
 324:Drivers/STM32F0xx_HAL_Driver/Src/stm32f0xx_hal_flash_ex.c ****     /* Clean the error context */
 325:Drivers/STM32F0xx_HAL_Driver/Src/stm32f0xx_hal_flash_ex.c ****     pFlash.ErrorCode = HAL_FLASH_ERROR_NONE;
 326:Drivers/STM32F0xx_HAL_Driver/Src/stm32f0xx_hal_flash_ex.c **** 
 327:Drivers/STM32F0xx_HAL_Driver/Src/stm32f0xx_hal_flash_ex.c ****     /* If the previous operation is completed, proceed to erase the option bytes */
 328:Drivers/STM32F0xx_HAL_Driver/Src/stm32f0xx_hal_flash_ex.c ****     SET_BIT(FLASH->CR, FLASH_CR_OPTER);
 329:Drivers/STM32F0xx_HAL_Driver/Src/stm32f0xx_hal_flash_ex.c ****     SET_BIT(FLASH->CR, FLASH_CR_STRT);
 330:Drivers/STM32F0xx_HAL_Driver/Src/stm32f0xx_hal_flash_ex.c **** 
 331:Drivers/STM32F0xx_HAL_Driver/Src/stm32f0xx_hal_flash_ex.c ****     /* Wait for last operation to be completed */
 332:Drivers/STM32F0xx_HAL_Driver/Src/stm32f0xx_hal_flash_ex.c ****     status = FLASH_WaitForLastOperation((uint32_t)FLASH_TIMEOUT_VALUE);
 333:Drivers/STM32F0xx_HAL_Driver/Src/stm32f0xx_hal_flash_ex.c **** 
 334:Drivers/STM32F0xx_HAL_Driver/Src/stm32f0xx_hal_flash_ex.c ****     /* If the erase operation is completed, disable the OPTER Bit */
 335:Drivers/STM32F0xx_HAL_Driver/Src/stm32f0xx_hal_flash_ex.c ****     CLEAR_BIT(FLASH->CR, FLASH_CR_OPTER);
 336:Drivers/STM32F0xx_HAL_Driver/Src/stm32f0xx_hal_flash_ex.c **** 
 337:Drivers/STM32F0xx_HAL_Driver/Src/stm32f0xx_hal_flash_ex.c ****     if(status == HAL_OK)
 338:Drivers/STM32F0xx_HAL_Driver/Src/stm32f0xx_hal_flash_ex.c ****     {
 339:Drivers/STM32F0xx_HAL_Driver/Src/stm32f0xx_hal_flash_ex.c ****       /* Restore the last read protection Option Byte value */
 340:Drivers/STM32F0xx_HAL_Driver/Src/stm32f0xx_hal_flash_ex.c ****       status = FLASH_OB_RDP_LevelConfig(rdptmp);
 341:Drivers/STM32F0xx_HAL_Driver/Src/stm32f0xx_hal_flash_ex.c ****     }
 342:Drivers/STM32F0xx_HAL_Driver/Src/stm32f0xx_hal_flash_ex.c ****   }
 343:Drivers/STM32F0xx_HAL_Driver/Src/stm32f0xx_hal_flash_ex.c **** 
 344:Drivers/STM32F0xx_HAL_Driver/Src/stm32f0xx_hal_flash_ex.c ****   /* Return the erase status */
 345:Drivers/STM32F0xx_HAL_Driver/Src/stm32f0xx_hal_flash_ex.c ****   return status;
 346:Drivers/STM32F0xx_HAL_Driver/Src/stm32f0xx_hal_flash_ex.c **** }
 347:Drivers/STM32F0xx_HAL_Driver/Src/stm32f0xx_hal_flash_ex.c **** 
 348:Drivers/STM32F0xx_HAL_Driver/Src/stm32f0xx_hal_flash_ex.c **** /**
 349:Drivers/STM32F0xx_HAL_Driver/Src/stm32f0xx_hal_flash_ex.c ****   * @brief  Program option bytes
 350:Drivers/STM32F0xx_HAL_Driver/Src/stm32f0xx_hal_flash_ex.c ****   * @note   The function @ref HAL_FLASH_Unlock() should be called before to unlock the FLASH interf
 351:Drivers/STM32F0xx_HAL_Driver/Src/stm32f0xx_hal_flash_ex.c ****   *         The function @ref HAL_FLASH_OB_Unlock() should be called before to unlock the options b
 352:Drivers/STM32F0xx_HAL_Driver/Src/stm32f0xx_hal_flash_ex.c ****   *         The function @ref HAL_FLASH_OB_Launch() should be called after to force the reload of t
 353:Drivers/STM32F0xx_HAL_Driver/Src/stm32f0xx_hal_flash_ex.c ****   *         (system reset will occur)
 354:Drivers/STM32F0xx_HAL_Driver/Src/stm32f0xx_hal_flash_ex.c ****   *
 355:Drivers/STM32F0xx_HAL_Driver/Src/stm32f0xx_hal_flash_ex.c ****   * @param  pOBInit pointer to an FLASH_OBInitStruct structure that
 356:Drivers/STM32F0xx_HAL_Driver/Src/stm32f0xx_hal_flash_ex.c ****   *         contains the configuration information for the programming.
 357:Drivers/STM32F0xx_HAL_Driver/Src/stm32f0xx_hal_flash_ex.c ****   *
 358:Drivers/STM32F0xx_HAL_Driver/Src/stm32f0xx_hal_flash_ex.c ****   * @retval HAL_StatusTypeDef HAL Status
 359:Drivers/STM32F0xx_HAL_Driver/Src/stm32f0xx_hal_flash_ex.c ****   */
 360:Drivers/STM32F0xx_HAL_Driver/Src/stm32f0xx_hal_flash_ex.c **** HAL_StatusTypeDef HAL_FLASHEx_OBProgram(FLASH_OBProgramInitTypeDef *pOBInit)
 361:Drivers/STM32F0xx_HAL_Driver/Src/stm32f0xx_hal_flash_ex.c **** {
 362:Drivers/STM32F0xx_HAL_Driver/Src/stm32f0xx_hal_flash_ex.c ****   HAL_StatusTypeDef status = HAL_ERROR;
 363:Drivers/STM32F0xx_HAL_Driver/Src/stm32f0xx_hal_flash_ex.c **** 
 364:Drivers/STM32F0xx_HAL_Driver/Src/stm32f0xx_hal_flash_ex.c ****   /* Process Locked */
 365:Drivers/STM32F0xx_HAL_Driver/Src/stm32f0xx_hal_flash_ex.c ****   __HAL_LOCK(&pFlash);
 366:Drivers/STM32F0xx_HAL_Driver/Src/stm32f0xx_hal_flash_ex.c **** 
 367:Drivers/STM32F0xx_HAL_Driver/Src/stm32f0xx_hal_flash_ex.c ****   /* Check the parameters */
 368:Drivers/STM32F0xx_HAL_Driver/Src/stm32f0xx_hal_flash_ex.c ****   assert_param(IS_OPTIONBYTE(pOBInit->OptionType));
 369:Drivers/STM32F0xx_HAL_Driver/Src/stm32f0xx_hal_flash_ex.c **** 
 370:Drivers/STM32F0xx_HAL_Driver/Src/stm32f0xx_hal_flash_ex.c ****   /* Write protection configuration */
 371:Drivers/STM32F0xx_HAL_Driver/Src/stm32f0xx_hal_flash_ex.c ****   if((pOBInit->OptionType & OPTIONBYTE_WRP) == OPTIONBYTE_WRP)
 372:Drivers/STM32F0xx_HAL_Driver/Src/stm32f0xx_hal_flash_ex.c ****   {
 373:Drivers/STM32F0xx_HAL_Driver/Src/stm32f0xx_hal_flash_ex.c ****     assert_param(IS_WRPSTATE(pOBInit->WRPState));
 374:Drivers/STM32F0xx_HAL_Driver/Src/stm32f0xx_hal_flash_ex.c ****     if (pOBInit->WRPState == OB_WRPSTATE_ENABLE)
 375:Drivers/STM32F0xx_HAL_Driver/Src/stm32f0xx_hal_flash_ex.c ****     {
ARM GAS  C:\msys64\tmp\ccLUNS8i.s 			page 8


 376:Drivers/STM32F0xx_HAL_Driver/Src/stm32f0xx_hal_flash_ex.c ****       /* Enable of Write protection on the selected page */
 377:Drivers/STM32F0xx_HAL_Driver/Src/stm32f0xx_hal_flash_ex.c ****       status = FLASH_OB_EnableWRP(pOBInit->WRPPage);
 378:Drivers/STM32F0xx_HAL_Driver/Src/stm32f0xx_hal_flash_ex.c ****     }
 379:Drivers/STM32F0xx_HAL_Driver/Src/stm32f0xx_hal_flash_ex.c ****     else
 380:Drivers/STM32F0xx_HAL_Driver/Src/stm32f0xx_hal_flash_ex.c ****     {
 381:Drivers/STM32F0xx_HAL_Driver/Src/stm32f0xx_hal_flash_ex.c ****       /* Disable of Write protection on the selected page */
 382:Drivers/STM32F0xx_HAL_Driver/Src/stm32f0xx_hal_flash_ex.c ****       status = FLASH_OB_DisableWRP(pOBInit->WRPPage);
 383:Drivers/STM32F0xx_HAL_Driver/Src/stm32f0xx_hal_flash_ex.c ****     }
 384:Drivers/STM32F0xx_HAL_Driver/Src/stm32f0xx_hal_flash_ex.c ****     if (status != HAL_OK)
 385:Drivers/STM32F0xx_HAL_Driver/Src/stm32f0xx_hal_flash_ex.c ****     {
 386:Drivers/STM32F0xx_HAL_Driver/Src/stm32f0xx_hal_flash_ex.c ****       /* Process Unlocked */
 387:Drivers/STM32F0xx_HAL_Driver/Src/stm32f0xx_hal_flash_ex.c ****       __HAL_UNLOCK(&pFlash);
 388:Drivers/STM32F0xx_HAL_Driver/Src/stm32f0xx_hal_flash_ex.c ****       return status;
 389:Drivers/STM32F0xx_HAL_Driver/Src/stm32f0xx_hal_flash_ex.c ****     }
 390:Drivers/STM32F0xx_HAL_Driver/Src/stm32f0xx_hal_flash_ex.c ****   }
 391:Drivers/STM32F0xx_HAL_Driver/Src/stm32f0xx_hal_flash_ex.c **** 
 392:Drivers/STM32F0xx_HAL_Driver/Src/stm32f0xx_hal_flash_ex.c ****   /* Read protection configuration */
 393:Drivers/STM32F0xx_HAL_Driver/Src/stm32f0xx_hal_flash_ex.c ****   if((pOBInit->OptionType & OPTIONBYTE_RDP) == OPTIONBYTE_RDP)
 394:Drivers/STM32F0xx_HAL_Driver/Src/stm32f0xx_hal_flash_ex.c ****   {
 395:Drivers/STM32F0xx_HAL_Driver/Src/stm32f0xx_hal_flash_ex.c ****     status = FLASH_OB_RDP_LevelConfig(pOBInit->RDPLevel);
 396:Drivers/STM32F0xx_HAL_Driver/Src/stm32f0xx_hal_flash_ex.c ****     if (status != HAL_OK)
 397:Drivers/STM32F0xx_HAL_Driver/Src/stm32f0xx_hal_flash_ex.c ****     {
 398:Drivers/STM32F0xx_HAL_Driver/Src/stm32f0xx_hal_flash_ex.c ****       /* Process Unlocked */
 399:Drivers/STM32F0xx_HAL_Driver/Src/stm32f0xx_hal_flash_ex.c ****       __HAL_UNLOCK(&pFlash);
 400:Drivers/STM32F0xx_HAL_Driver/Src/stm32f0xx_hal_flash_ex.c ****       return status;
 401:Drivers/STM32F0xx_HAL_Driver/Src/stm32f0xx_hal_flash_ex.c ****     }
 402:Drivers/STM32F0xx_HAL_Driver/Src/stm32f0xx_hal_flash_ex.c ****   }
 403:Drivers/STM32F0xx_HAL_Driver/Src/stm32f0xx_hal_flash_ex.c **** 
 404:Drivers/STM32F0xx_HAL_Driver/Src/stm32f0xx_hal_flash_ex.c ****   /* USER configuration */
 405:Drivers/STM32F0xx_HAL_Driver/Src/stm32f0xx_hal_flash_ex.c ****   if((pOBInit->OptionType & OPTIONBYTE_USER) == OPTIONBYTE_USER)
 406:Drivers/STM32F0xx_HAL_Driver/Src/stm32f0xx_hal_flash_ex.c ****   {
 407:Drivers/STM32F0xx_HAL_Driver/Src/stm32f0xx_hal_flash_ex.c ****     status = FLASH_OB_UserConfig(pOBInit->USERConfig);
 408:Drivers/STM32F0xx_HAL_Driver/Src/stm32f0xx_hal_flash_ex.c ****     if (status != HAL_OK)
 409:Drivers/STM32F0xx_HAL_Driver/Src/stm32f0xx_hal_flash_ex.c ****     {
 410:Drivers/STM32F0xx_HAL_Driver/Src/stm32f0xx_hal_flash_ex.c ****       /* Process Unlocked */
 411:Drivers/STM32F0xx_HAL_Driver/Src/stm32f0xx_hal_flash_ex.c ****       __HAL_UNLOCK(&pFlash);
 412:Drivers/STM32F0xx_HAL_Driver/Src/stm32f0xx_hal_flash_ex.c ****       return status;
 413:Drivers/STM32F0xx_HAL_Driver/Src/stm32f0xx_hal_flash_ex.c ****     }
 414:Drivers/STM32F0xx_HAL_Driver/Src/stm32f0xx_hal_flash_ex.c ****   }
 415:Drivers/STM32F0xx_HAL_Driver/Src/stm32f0xx_hal_flash_ex.c **** 
 416:Drivers/STM32F0xx_HAL_Driver/Src/stm32f0xx_hal_flash_ex.c ****   /* DATA configuration*/
 417:Drivers/STM32F0xx_HAL_Driver/Src/stm32f0xx_hal_flash_ex.c ****   if((pOBInit->OptionType & OPTIONBYTE_DATA) == OPTIONBYTE_DATA)
 418:Drivers/STM32F0xx_HAL_Driver/Src/stm32f0xx_hal_flash_ex.c ****   {
 419:Drivers/STM32F0xx_HAL_Driver/Src/stm32f0xx_hal_flash_ex.c ****     status = FLASH_OB_ProgramData(pOBInit->DATAAddress, pOBInit->DATAData);
 420:Drivers/STM32F0xx_HAL_Driver/Src/stm32f0xx_hal_flash_ex.c ****     if (status != HAL_OK)
 421:Drivers/STM32F0xx_HAL_Driver/Src/stm32f0xx_hal_flash_ex.c ****     {
 422:Drivers/STM32F0xx_HAL_Driver/Src/stm32f0xx_hal_flash_ex.c ****       /* Process Unlocked */
 423:Drivers/STM32F0xx_HAL_Driver/Src/stm32f0xx_hal_flash_ex.c ****       __HAL_UNLOCK(&pFlash);
 424:Drivers/STM32F0xx_HAL_Driver/Src/stm32f0xx_hal_flash_ex.c ****       return status;
 425:Drivers/STM32F0xx_HAL_Driver/Src/stm32f0xx_hal_flash_ex.c ****     }
 426:Drivers/STM32F0xx_HAL_Driver/Src/stm32f0xx_hal_flash_ex.c ****   }
 427:Drivers/STM32F0xx_HAL_Driver/Src/stm32f0xx_hal_flash_ex.c **** 
 428:Drivers/STM32F0xx_HAL_Driver/Src/stm32f0xx_hal_flash_ex.c ****   /* Process Unlocked */
 429:Drivers/STM32F0xx_HAL_Driver/Src/stm32f0xx_hal_flash_ex.c ****   __HAL_UNLOCK(&pFlash);
 430:Drivers/STM32F0xx_HAL_Driver/Src/stm32f0xx_hal_flash_ex.c **** 
 431:Drivers/STM32F0xx_HAL_Driver/Src/stm32f0xx_hal_flash_ex.c ****   return status;
 432:Drivers/STM32F0xx_HAL_Driver/Src/stm32f0xx_hal_flash_ex.c **** }
ARM GAS  C:\msys64\tmp\ccLUNS8i.s 			page 9


 433:Drivers/STM32F0xx_HAL_Driver/Src/stm32f0xx_hal_flash_ex.c **** 
 434:Drivers/STM32F0xx_HAL_Driver/Src/stm32f0xx_hal_flash_ex.c **** /**
 435:Drivers/STM32F0xx_HAL_Driver/Src/stm32f0xx_hal_flash_ex.c ****   * @brief  Get the Option byte configuration
 436:Drivers/STM32F0xx_HAL_Driver/Src/stm32f0xx_hal_flash_ex.c ****   * @param  pOBInit pointer to an FLASH_OBInitStruct structure that
 437:Drivers/STM32F0xx_HAL_Driver/Src/stm32f0xx_hal_flash_ex.c ****   *         contains the configuration information for the programming.
 438:Drivers/STM32F0xx_HAL_Driver/Src/stm32f0xx_hal_flash_ex.c ****   *
 439:Drivers/STM32F0xx_HAL_Driver/Src/stm32f0xx_hal_flash_ex.c ****   * @retval None
 440:Drivers/STM32F0xx_HAL_Driver/Src/stm32f0xx_hal_flash_ex.c ****   */
 441:Drivers/STM32F0xx_HAL_Driver/Src/stm32f0xx_hal_flash_ex.c **** void HAL_FLASHEx_OBGetConfig(FLASH_OBProgramInitTypeDef *pOBInit)
 442:Drivers/STM32F0xx_HAL_Driver/Src/stm32f0xx_hal_flash_ex.c **** {
 443:Drivers/STM32F0xx_HAL_Driver/Src/stm32f0xx_hal_flash_ex.c ****   pOBInit->OptionType = OPTIONBYTE_WRP | OPTIONBYTE_RDP | OPTIONBYTE_USER;
 444:Drivers/STM32F0xx_HAL_Driver/Src/stm32f0xx_hal_flash_ex.c **** 
 445:Drivers/STM32F0xx_HAL_Driver/Src/stm32f0xx_hal_flash_ex.c ****   /*Get WRP*/
 446:Drivers/STM32F0xx_HAL_Driver/Src/stm32f0xx_hal_flash_ex.c ****   pOBInit->WRPPage = FLASH_OB_GetWRP();
 447:Drivers/STM32F0xx_HAL_Driver/Src/stm32f0xx_hal_flash_ex.c **** 
 448:Drivers/STM32F0xx_HAL_Driver/Src/stm32f0xx_hal_flash_ex.c ****   /*Get RDP Level*/
 449:Drivers/STM32F0xx_HAL_Driver/Src/stm32f0xx_hal_flash_ex.c ****   pOBInit->RDPLevel = FLASH_OB_GetRDP();
 450:Drivers/STM32F0xx_HAL_Driver/Src/stm32f0xx_hal_flash_ex.c **** 
 451:Drivers/STM32F0xx_HAL_Driver/Src/stm32f0xx_hal_flash_ex.c ****   /*Get USER*/
 452:Drivers/STM32F0xx_HAL_Driver/Src/stm32f0xx_hal_flash_ex.c ****   pOBInit->USERConfig = FLASH_OB_GetUser();
 453:Drivers/STM32F0xx_HAL_Driver/Src/stm32f0xx_hal_flash_ex.c **** }
 454:Drivers/STM32F0xx_HAL_Driver/Src/stm32f0xx_hal_flash_ex.c **** 
 455:Drivers/STM32F0xx_HAL_Driver/Src/stm32f0xx_hal_flash_ex.c **** /**
 456:Drivers/STM32F0xx_HAL_Driver/Src/stm32f0xx_hal_flash_ex.c ****   * @brief  Get the Option byte user data
 457:Drivers/STM32F0xx_HAL_Driver/Src/stm32f0xx_hal_flash_ex.c ****   * @param  DATAAdress Address of the option byte DATA
 458:Drivers/STM32F0xx_HAL_Driver/Src/stm32f0xx_hal_flash_ex.c ****   *          This parameter can be one of the following values:
 459:Drivers/STM32F0xx_HAL_Driver/Src/stm32f0xx_hal_flash_ex.c ****   *            @arg @ref OB_DATA_ADDRESS_DATA0
 460:Drivers/STM32F0xx_HAL_Driver/Src/stm32f0xx_hal_flash_ex.c ****   *            @arg @ref OB_DATA_ADDRESS_DATA1
 461:Drivers/STM32F0xx_HAL_Driver/Src/stm32f0xx_hal_flash_ex.c ****   * @retval Value programmed in USER data
 462:Drivers/STM32F0xx_HAL_Driver/Src/stm32f0xx_hal_flash_ex.c ****   */
 463:Drivers/STM32F0xx_HAL_Driver/Src/stm32f0xx_hal_flash_ex.c **** uint32_t HAL_FLASHEx_OBGetUserData(uint32_t DATAAdress)
 464:Drivers/STM32F0xx_HAL_Driver/Src/stm32f0xx_hal_flash_ex.c **** {
 465:Drivers/STM32F0xx_HAL_Driver/Src/stm32f0xx_hal_flash_ex.c ****   uint32_t value = 0U;
 466:Drivers/STM32F0xx_HAL_Driver/Src/stm32f0xx_hal_flash_ex.c ****   
 467:Drivers/STM32F0xx_HAL_Driver/Src/stm32f0xx_hal_flash_ex.c ****   if (DATAAdress == OB_DATA_ADDRESS_DATA0)
 468:Drivers/STM32F0xx_HAL_Driver/Src/stm32f0xx_hal_flash_ex.c ****   {
 469:Drivers/STM32F0xx_HAL_Driver/Src/stm32f0xx_hal_flash_ex.c ****     /* Get value programmed in OB USER Data0 */
 470:Drivers/STM32F0xx_HAL_Driver/Src/stm32f0xx_hal_flash_ex.c ****     value = READ_BIT(FLASH->OBR, FLASH_OBR_DATA0) >> FLASH_POSITION_OB_USERDATA0_BIT;
 471:Drivers/STM32F0xx_HAL_Driver/Src/stm32f0xx_hal_flash_ex.c ****   }
 472:Drivers/STM32F0xx_HAL_Driver/Src/stm32f0xx_hal_flash_ex.c ****   else
 473:Drivers/STM32F0xx_HAL_Driver/Src/stm32f0xx_hal_flash_ex.c ****   {
 474:Drivers/STM32F0xx_HAL_Driver/Src/stm32f0xx_hal_flash_ex.c ****     /* Get value programmed in OB USER Data1 */
 475:Drivers/STM32F0xx_HAL_Driver/Src/stm32f0xx_hal_flash_ex.c ****     value = READ_BIT(FLASH->OBR, FLASH_OBR_DATA1) >> FLASH_POSITION_OB_USERDATA1_BIT;
 476:Drivers/STM32F0xx_HAL_Driver/Src/stm32f0xx_hal_flash_ex.c ****   }
 477:Drivers/STM32F0xx_HAL_Driver/Src/stm32f0xx_hal_flash_ex.c ****   
 478:Drivers/STM32F0xx_HAL_Driver/Src/stm32f0xx_hal_flash_ex.c ****   return value;
 479:Drivers/STM32F0xx_HAL_Driver/Src/stm32f0xx_hal_flash_ex.c **** }
 480:Drivers/STM32F0xx_HAL_Driver/Src/stm32f0xx_hal_flash_ex.c **** 
 481:Drivers/STM32F0xx_HAL_Driver/Src/stm32f0xx_hal_flash_ex.c **** /**
 482:Drivers/STM32F0xx_HAL_Driver/Src/stm32f0xx_hal_flash_ex.c ****   * @}
 483:Drivers/STM32F0xx_HAL_Driver/Src/stm32f0xx_hal_flash_ex.c ****   */
 484:Drivers/STM32F0xx_HAL_Driver/Src/stm32f0xx_hal_flash_ex.c **** 
 485:Drivers/STM32F0xx_HAL_Driver/Src/stm32f0xx_hal_flash_ex.c **** /**
 486:Drivers/STM32F0xx_HAL_Driver/Src/stm32f0xx_hal_flash_ex.c ****   * @}
 487:Drivers/STM32F0xx_HAL_Driver/Src/stm32f0xx_hal_flash_ex.c ****   */
 488:Drivers/STM32F0xx_HAL_Driver/Src/stm32f0xx_hal_flash_ex.c **** 
 489:Drivers/STM32F0xx_HAL_Driver/Src/stm32f0xx_hal_flash_ex.c **** /** @addtogroup FLASHEx_Private_Functions
ARM GAS  C:\msys64\tmp\ccLUNS8i.s 			page 10


 490:Drivers/STM32F0xx_HAL_Driver/Src/stm32f0xx_hal_flash_ex.c ****  * @{
 491:Drivers/STM32F0xx_HAL_Driver/Src/stm32f0xx_hal_flash_ex.c ****  */
 492:Drivers/STM32F0xx_HAL_Driver/Src/stm32f0xx_hal_flash_ex.c **** 
 493:Drivers/STM32F0xx_HAL_Driver/Src/stm32f0xx_hal_flash_ex.c **** /**
 494:Drivers/STM32F0xx_HAL_Driver/Src/stm32f0xx_hal_flash_ex.c ****   * @brief  Full erase of FLASH memory Bank 
 495:Drivers/STM32F0xx_HAL_Driver/Src/stm32f0xx_hal_flash_ex.c ****   *
 496:Drivers/STM32F0xx_HAL_Driver/Src/stm32f0xx_hal_flash_ex.c ****   * @retval None
 497:Drivers/STM32F0xx_HAL_Driver/Src/stm32f0xx_hal_flash_ex.c ****   */
 498:Drivers/STM32F0xx_HAL_Driver/Src/stm32f0xx_hal_flash_ex.c **** static void FLASH_MassErase(void)
 499:Drivers/STM32F0xx_HAL_Driver/Src/stm32f0xx_hal_flash_ex.c **** {
  26              		.loc 1 499 1 view -0
  27              		.cfi_startproc
  28              		@ args = 0, pretend = 0, frame = 0
  29              		@ frame_needed = 0, uses_anonymous_args = 0
  30              		@ link register save eliminated.
 500:Drivers/STM32F0xx_HAL_Driver/Src/stm32f0xx_hal_flash_ex.c ****   /* Clean the error context */
 501:Drivers/STM32F0xx_HAL_Driver/Src/stm32f0xx_hal_flash_ex.c ****   pFlash.ErrorCode = HAL_FLASH_ERROR_NONE;
  31              		.loc 1 501 3 view .LVU1
  32              		.loc 1 501 20 is_stmt 0 view .LVU2
  33 0000 064B     		ldr	r3, .L2
  34 0002 0022     		movs	r2, #0
  35 0004 DA61     		str	r2, [r3, #28]
 502:Drivers/STM32F0xx_HAL_Driver/Src/stm32f0xx_hal_flash_ex.c **** 
 503:Drivers/STM32F0xx_HAL_Driver/Src/stm32f0xx_hal_flash_ex.c ****     /* Only bank1 will be erased*/
 504:Drivers/STM32F0xx_HAL_Driver/Src/stm32f0xx_hal_flash_ex.c ****     SET_BIT(FLASH->CR, FLASH_CR_MER);
  36              		.loc 1 504 5 is_stmt 1 view .LVU3
  37 0006 064B     		ldr	r3, .L2+4
  38 0008 1A69     		ldr	r2, [r3, #16]
  39 000a 0421     		movs	r1, #4
  40 000c 0A43     		orrs	r2, r1
  41 000e 1A61     		str	r2, [r3, #16]
 505:Drivers/STM32F0xx_HAL_Driver/Src/stm32f0xx_hal_flash_ex.c ****     SET_BIT(FLASH->CR, FLASH_CR_STRT);
  42              		.loc 1 505 5 view .LVU4
  43 0010 1A69     		ldr	r2, [r3, #16]
  44 0012 3C31     		adds	r1, r1, #60
  45 0014 0A43     		orrs	r2, r1
  46 0016 1A61     		str	r2, [r3, #16]
 506:Drivers/STM32F0xx_HAL_Driver/Src/stm32f0xx_hal_flash_ex.c **** }
  47              		.loc 1 506 1 is_stmt 0 view .LVU5
  48              		@ sp needed
  49 0018 7047     		bx	lr
  50              	.L3:
  51 001a C046     		.align	2
  52              	.L2:
  53 001c 00000000 		.word	pFlash
  54 0020 00200240 		.word	1073881088
  55              		.cfi_endproc
  56              	.LFE46:
  58              		.section	.text.FLASH_OB_GetWRP,"ax",%progbits
  59              		.align	1
  60              		.syntax unified
  61              		.code	16
  62              		.thumb_func
  64              	FLASH_OB_GetWRP:
  65              	.LFB52:
 507:Drivers/STM32F0xx_HAL_Driver/Src/stm32f0xx_hal_flash_ex.c **** 
 508:Drivers/STM32F0xx_HAL_Driver/Src/stm32f0xx_hal_flash_ex.c **** /**
ARM GAS  C:\msys64\tmp\ccLUNS8i.s 			page 11


 509:Drivers/STM32F0xx_HAL_Driver/Src/stm32f0xx_hal_flash_ex.c ****   * @brief  Enable the write protection of the desired pages
 510:Drivers/STM32F0xx_HAL_Driver/Src/stm32f0xx_hal_flash_ex.c ****   * @note   An option byte erase is done automatically in this function. 
 511:Drivers/STM32F0xx_HAL_Driver/Src/stm32f0xx_hal_flash_ex.c ****   * @note   When the memory read protection level is selected (RDP level = 1), 
 512:Drivers/STM32F0xx_HAL_Driver/Src/stm32f0xx_hal_flash_ex.c ****   *         it is not possible to program or erase the flash page i if
 513:Drivers/STM32F0xx_HAL_Driver/Src/stm32f0xx_hal_flash_ex.c ****   *         debug features are connected or boot code is executed in RAM, even if nWRPi = 1 
 514:Drivers/STM32F0xx_HAL_Driver/Src/stm32f0xx_hal_flash_ex.c ****   * 
 515:Drivers/STM32F0xx_HAL_Driver/Src/stm32f0xx_hal_flash_ex.c ****   * @param  WriteProtectPage specifies the page(s) to be write protected.
 516:Drivers/STM32F0xx_HAL_Driver/Src/stm32f0xx_hal_flash_ex.c ****   *         The value of this parameter depend on device used within the same series 
 517:Drivers/STM32F0xx_HAL_Driver/Src/stm32f0xx_hal_flash_ex.c ****   * @retval HAL status 
 518:Drivers/STM32F0xx_HAL_Driver/Src/stm32f0xx_hal_flash_ex.c ****   */
 519:Drivers/STM32F0xx_HAL_Driver/Src/stm32f0xx_hal_flash_ex.c **** static HAL_StatusTypeDef FLASH_OB_EnableWRP(uint32_t WriteProtectPage)
 520:Drivers/STM32F0xx_HAL_Driver/Src/stm32f0xx_hal_flash_ex.c **** {
 521:Drivers/STM32F0xx_HAL_Driver/Src/stm32f0xx_hal_flash_ex.c ****   HAL_StatusTypeDef status = HAL_OK;
 522:Drivers/STM32F0xx_HAL_Driver/Src/stm32f0xx_hal_flash_ex.c ****   uint16_t WRP0_Data = 0xFFFFU;
 523:Drivers/STM32F0xx_HAL_Driver/Src/stm32f0xx_hal_flash_ex.c **** #if defined(OB_WRP1_WRP1)
 524:Drivers/STM32F0xx_HAL_Driver/Src/stm32f0xx_hal_flash_ex.c ****   uint16_t WRP1_Data = 0xFFFFU;
 525:Drivers/STM32F0xx_HAL_Driver/Src/stm32f0xx_hal_flash_ex.c **** #endif /* OB_WRP1_WRP1 */
 526:Drivers/STM32F0xx_HAL_Driver/Src/stm32f0xx_hal_flash_ex.c **** #if defined(OB_WRP2_WRP2)
 527:Drivers/STM32F0xx_HAL_Driver/Src/stm32f0xx_hal_flash_ex.c ****   uint16_t WRP2_Data = 0xFFFFU;
 528:Drivers/STM32F0xx_HAL_Driver/Src/stm32f0xx_hal_flash_ex.c **** #endif /* OB_WRP2_WRP2 */
 529:Drivers/STM32F0xx_HAL_Driver/Src/stm32f0xx_hal_flash_ex.c **** #if defined(OB_WRP3_WRP3)
 530:Drivers/STM32F0xx_HAL_Driver/Src/stm32f0xx_hal_flash_ex.c ****   uint16_t WRP3_Data = 0xFFFFU;
 531:Drivers/STM32F0xx_HAL_Driver/Src/stm32f0xx_hal_flash_ex.c **** #endif /* OB_WRP3_WRP3 */
 532:Drivers/STM32F0xx_HAL_Driver/Src/stm32f0xx_hal_flash_ex.c ****   
 533:Drivers/STM32F0xx_HAL_Driver/Src/stm32f0xx_hal_flash_ex.c ****   /* Check the parameters */
 534:Drivers/STM32F0xx_HAL_Driver/Src/stm32f0xx_hal_flash_ex.c ****   assert_param(IS_OB_WRP(WriteProtectPage));
 535:Drivers/STM32F0xx_HAL_Driver/Src/stm32f0xx_hal_flash_ex.c ****     
 536:Drivers/STM32F0xx_HAL_Driver/Src/stm32f0xx_hal_flash_ex.c ****   /* Get current write protected pages and the new pages to be protected ******/
 537:Drivers/STM32F0xx_HAL_Driver/Src/stm32f0xx_hal_flash_ex.c ****   WriteProtectPage = (uint32_t)(~((~FLASH_OB_GetWRP()) | WriteProtectPage));
 538:Drivers/STM32F0xx_HAL_Driver/Src/stm32f0xx_hal_flash_ex.c ****   
 539:Drivers/STM32F0xx_HAL_Driver/Src/stm32f0xx_hal_flash_ex.c **** #if defined(OB_WRP_PAGES0TO15MASK)
 540:Drivers/STM32F0xx_HAL_Driver/Src/stm32f0xx_hal_flash_ex.c ****   WRP0_Data = (uint16_t)(WriteProtectPage & OB_WRP_PAGES0TO15MASK);
 541:Drivers/STM32F0xx_HAL_Driver/Src/stm32f0xx_hal_flash_ex.c **** #elif defined(OB_WRP_PAGES0TO31MASK)
 542:Drivers/STM32F0xx_HAL_Driver/Src/stm32f0xx_hal_flash_ex.c ****   WRP0_Data = (uint16_t)(WriteProtectPage & OB_WRP_PAGES0TO31MASK);
 543:Drivers/STM32F0xx_HAL_Driver/Src/stm32f0xx_hal_flash_ex.c **** #endif /* OB_WRP_PAGES0TO31MASK */
 544:Drivers/STM32F0xx_HAL_Driver/Src/stm32f0xx_hal_flash_ex.c ****   
 545:Drivers/STM32F0xx_HAL_Driver/Src/stm32f0xx_hal_flash_ex.c **** #if defined(OB_WRP_PAGES16TO31MASK)
 546:Drivers/STM32F0xx_HAL_Driver/Src/stm32f0xx_hal_flash_ex.c ****   WRP1_Data = (uint16_t)((WriteProtectPage & OB_WRP_PAGES16TO31MASK) >> 8U);
 547:Drivers/STM32F0xx_HAL_Driver/Src/stm32f0xx_hal_flash_ex.c **** #elif defined(OB_WRP_PAGES32TO63MASK)
 548:Drivers/STM32F0xx_HAL_Driver/Src/stm32f0xx_hal_flash_ex.c ****   WRP1_Data = (uint16_t)((WriteProtectPage & OB_WRP_PAGES32TO63MASK) >> 8U);
 549:Drivers/STM32F0xx_HAL_Driver/Src/stm32f0xx_hal_flash_ex.c **** #endif /* OB_WRP_PAGES32TO63MASK */
 550:Drivers/STM32F0xx_HAL_Driver/Src/stm32f0xx_hal_flash_ex.c ****  
 551:Drivers/STM32F0xx_HAL_Driver/Src/stm32f0xx_hal_flash_ex.c **** #if defined(OB_WRP_PAGES32TO47MASK)
 552:Drivers/STM32F0xx_HAL_Driver/Src/stm32f0xx_hal_flash_ex.c ****   WRP2_Data = (uint16_t)((WriteProtectPage & OB_WRP_PAGES32TO47MASK) >> 16U);
 553:Drivers/STM32F0xx_HAL_Driver/Src/stm32f0xx_hal_flash_ex.c **** #endif /* OB_WRP_PAGES32TO47MASK */
 554:Drivers/STM32F0xx_HAL_Driver/Src/stm32f0xx_hal_flash_ex.c **** 
 555:Drivers/STM32F0xx_HAL_Driver/Src/stm32f0xx_hal_flash_ex.c **** #if defined(OB_WRP_PAGES48TO63MASK)
 556:Drivers/STM32F0xx_HAL_Driver/Src/stm32f0xx_hal_flash_ex.c ****   WRP3_Data = (uint16_t)((WriteProtectPage & OB_WRP_PAGES48TO63MASK) >> 24U); 
 557:Drivers/STM32F0xx_HAL_Driver/Src/stm32f0xx_hal_flash_ex.c **** #elif defined(OB_WRP_PAGES48TO127MASK)
 558:Drivers/STM32F0xx_HAL_Driver/Src/stm32f0xx_hal_flash_ex.c ****   WRP3_Data = (uint16_t)((WriteProtectPage & OB_WRP_PAGES48TO127MASK) >> 24U); 
 559:Drivers/STM32F0xx_HAL_Driver/Src/stm32f0xx_hal_flash_ex.c **** #endif /* OB_WRP_PAGES48TO63MASK */
 560:Drivers/STM32F0xx_HAL_Driver/Src/stm32f0xx_hal_flash_ex.c ****   
 561:Drivers/STM32F0xx_HAL_Driver/Src/stm32f0xx_hal_flash_ex.c ****   /* Wait for last operation to be completed */
 562:Drivers/STM32F0xx_HAL_Driver/Src/stm32f0xx_hal_flash_ex.c ****   status = FLASH_WaitForLastOperation((uint32_t)FLASH_TIMEOUT_VALUE);
 563:Drivers/STM32F0xx_HAL_Driver/Src/stm32f0xx_hal_flash_ex.c **** 
 564:Drivers/STM32F0xx_HAL_Driver/Src/stm32f0xx_hal_flash_ex.c ****   if(status == HAL_OK)
 565:Drivers/STM32F0xx_HAL_Driver/Src/stm32f0xx_hal_flash_ex.c ****   { 
ARM GAS  C:\msys64\tmp\ccLUNS8i.s 			page 12


 566:Drivers/STM32F0xx_HAL_Driver/Src/stm32f0xx_hal_flash_ex.c ****     /* Clean the error context */
 567:Drivers/STM32F0xx_HAL_Driver/Src/stm32f0xx_hal_flash_ex.c ****     pFlash.ErrorCode = HAL_FLASH_ERROR_NONE;
 568:Drivers/STM32F0xx_HAL_Driver/Src/stm32f0xx_hal_flash_ex.c **** 
 569:Drivers/STM32F0xx_HAL_Driver/Src/stm32f0xx_hal_flash_ex.c ****     /* To be able to write again option byte, need to perform a option byte erase */
 570:Drivers/STM32F0xx_HAL_Driver/Src/stm32f0xx_hal_flash_ex.c ****     status = HAL_FLASHEx_OBErase();
 571:Drivers/STM32F0xx_HAL_Driver/Src/stm32f0xx_hal_flash_ex.c ****     if (status == HAL_OK)  
 572:Drivers/STM32F0xx_HAL_Driver/Src/stm32f0xx_hal_flash_ex.c ****     {
 573:Drivers/STM32F0xx_HAL_Driver/Src/stm32f0xx_hal_flash_ex.c ****       /* Enable write protection */
 574:Drivers/STM32F0xx_HAL_Driver/Src/stm32f0xx_hal_flash_ex.c ****       SET_BIT(FLASH->CR, FLASH_CR_OPTPG);
 575:Drivers/STM32F0xx_HAL_Driver/Src/stm32f0xx_hal_flash_ex.c **** 
 576:Drivers/STM32F0xx_HAL_Driver/Src/stm32f0xx_hal_flash_ex.c **** #if defined(OB_WRP0_WRP0)
 577:Drivers/STM32F0xx_HAL_Driver/Src/stm32f0xx_hal_flash_ex.c ****       if(WRP0_Data != 0xFFU)
 578:Drivers/STM32F0xx_HAL_Driver/Src/stm32f0xx_hal_flash_ex.c ****       {
 579:Drivers/STM32F0xx_HAL_Driver/Src/stm32f0xx_hal_flash_ex.c ****         OB->WRP0 &= WRP0_Data;
 580:Drivers/STM32F0xx_HAL_Driver/Src/stm32f0xx_hal_flash_ex.c ****         
 581:Drivers/STM32F0xx_HAL_Driver/Src/stm32f0xx_hal_flash_ex.c ****         /* Wait for last operation to be completed */
 582:Drivers/STM32F0xx_HAL_Driver/Src/stm32f0xx_hal_flash_ex.c ****         status = FLASH_WaitForLastOperation((uint32_t)FLASH_TIMEOUT_VALUE);
 583:Drivers/STM32F0xx_HAL_Driver/Src/stm32f0xx_hal_flash_ex.c ****       }
 584:Drivers/STM32F0xx_HAL_Driver/Src/stm32f0xx_hal_flash_ex.c **** #endif /* OB_WRP0_WRP0 */
 585:Drivers/STM32F0xx_HAL_Driver/Src/stm32f0xx_hal_flash_ex.c **** 
 586:Drivers/STM32F0xx_HAL_Driver/Src/stm32f0xx_hal_flash_ex.c **** #if defined(OB_WRP1_WRP1)
 587:Drivers/STM32F0xx_HAL_Driver/Src/stm32f0xx_hal_flash_ex.c ****       if((status == HAL_OK) && (WRP1_Data != 0xFFU))
 588:Drivers/STM32F0xx_HAL_Driver/Src/stm32f0xx_hal_flash_ex.c ****       {
 589:Drivers/STM32F0xx_HAL_Driver/Src/stm32f0xx_hal_flash_ex.c ****         OB->WRP1 &= WRP1_Data;
 590:Drivers/STM32F0xx_HAL_Driver/Src/stm32f0xx_hal_flash_ex.c ****         
 591:Drivers/STM32F0xx_HAL_Driver/Src/stm32f0xx_hal_flash_ex.c ****         /* Wait for last operation to be completed */
 592:Drivers/STM32F0xx_HAL_Driver/Src/stm32f0xx_hal_flash_ex.c ****         status = FLASH_WaitForLastOperation((uint32_t)FLASH_TIMEOUT_VALUE);
 593:Drivers/STM32F0xx_HAL_Driver/Src/stm32f0xx_hal_flash_ex.c ****       }
 594:Drivers/STM32F0xx_HAL_Driver/Src/stm32f0xx_hal_flash_ex.c **** #endif /* OB_WRP1_WRP1 */
 595:Drivers/STM32F0xx_HAL_Driver/Src/stm32f0xx_hal_flash_ex.c **** 
 596:Drivers/STM32F0xx_HAL_Driver/Src/stm32f0xx_hal_flash_ex.c **** #if defined(OB_WRP2_WRP2)
 597:Drivers/STM32F0xx_HAL_Driver/Src/stm32f0xx_hal_flash_ex.c ****       if((status == HAL_OK) && (WRP2_Data != 0xFFU))
 598:Drivers/STM32F0xx_HAL_Driver/Src/stm32f0xx_hal_flash_ex.c ****       {
 599:Drivers/STM32F0xx_HAL_Driver/Src/stm32f0xx_hal_flash_ex.c ****         OB->WRP2 &= WRP2_Data;
 600:Drivers/STM32F0xx_HAL_Driver/Src/stm32f0xx_hal_flash_ex.c ****         
 601:Drivers/STM32F0xx_HAL_Driver/Src/stm32f0xx_hal_flash_ex.c ****         /* Wait for last operation to be completed */
 602:Drivers/STM32F0xx_HAL_Driver/Src/stm32f0xx_hal_flash_ex.c ****         status = FLASH_WaitForLastOperation((uint32_t)FLASH_TIMEOUT_VALUE);
 603:Drivers/STM32F0xx_HAL_Driver/Src/stm32f0xx_hal_flash_ex.c ****       }
 604:Drivers/STM32F0xx_HAL_Driver/Src/stm32f0xx_hal_flash_ex.c **** #endif /* OB_WRP2_WRP2 */
 605:Drivers/STM32F0xx_HAL_Driver/Src/stm32f0xx_hal_flash_ex.c **** 
 606:Drivers/STM32F0xx_HAL_Driver/Src/stm32f0xx_hal_flash_ex.c **** #if defined(OB_WRP3_WRP3)
 607:Drivers/STM32F0xx_HAL_Driver/Src/stm32f0xx_hal_flash_ex.c ****       if((status == HAL_OK) && (WRP3_Data != 0xFFU))
 608:Drivers/STM32F0xx_HAL_Driver/Src/stm32f0xx_hal_flash_ex.c ****       {
 609:Drivers/STM32F0xx_HAL_Driver/Src/stm32f0xx_hal_flash_ex.c ****         OB->WRP3 &= WRP3_Data;
 610:Drivers/STM32F0xx_HAL_Driver/Src/stm32f0xx_hal_flash_ex.c ****         
 611:Drivers/STM32F0xx_HAL_Driver/Src/stm32f0xx_hal_flash_ex.c ****         /* Wait for last operation to be completed */
 612:Drivers/STM32F0xx_HAL_Driver/Src/stm32f0xx_hal_flash_ex.c ****         status = FLASH_WaitForLastOperation((uint32_t)FLASH_TIMEOUT_VALUE);
 613:Drivers/STM32F0xx_HAL_Driver/Src/stm32f0xx_hal_flash_ex.c ****       }
 614:Drivers/STM32F0xx_HAL_Driver/Src/stm32f0xx_hal_flash_ex.c **** #endif /* OB_WRP3_WRP3 */
 615:Drivers/STM32F0xx_HAL_Driver/Src/stm32f0xx_hal_flash_ex.c **** 
 616:Drivers/STM32F0xx_HAL_Driver/Src/stm32f0xx_hal_flash_ex.c ****       /* if the program operation is completed, disable the OPTPG Bit */
 617:Drivers/STM32F0xx_HAL_Driver/Src/stm32f0xx_hal_flash_ex.c ****       CLEAR_BIT(FLASH->CR, FLASH_CR_OPTPG);
 618:Drivers/STM32F0xx_HAL_Driver/Src/stm32f0xx_hal_flash_ex.c ****     }
 619:Drivers/STM32F0xx_HAL_Driver/Src/stm32f0xx_hal_flash_ex.c ****   }
 620:Drivers/STM32F0xx_HAL_Driver/Src/stm32f0xx_hal_flash_ex.c ****   
 621:Drivers/STM32F0xx_HAL_Driver/Src/stm32f0xx_hal_flash_ex.c ****   return status;
 622:Drivers/STM32F0xx_HAL_Driver/Src/stm32f0xx_hal_flash_ex.c **** }
ARM GAS  C:\msys64\tmp\ccLUNS8i.s 			page 13


 623:Drivers/STM32F0xx_HAL_Driver/Src/stm32f0xx_hal_flash_ex.c **** 
 624:Drivers/STM32F0xx_HAL_Driver/Src/stm32f0xx_hal_flash_ex.c **** /**
 625:Drivers/STM32F0xx_HAL_Driver/Src/stm32f0xx_hal_flash_ex.c ****   * @brief  Disable the write protection of the desired pages
 626:Drivers/STM32F0xx_HAL_Driver/Src/stm32f0xx_hal_flash_ex.c ****   * @note   An option byte erase is done automatically in this function. 
 627:Drivers/STM32F0xx_HAL_Driver/Src/stm32f0xx_hal_flash_ex.c ****   * @note   When the memory read protection level is selected (RDP level = 1), 
 628:Drivers/STM32F0xx_HAL_Driver/Src/stm32f0xx_hal_flash_ex.c ****   *         it is not possible to program or erase the flash page i if   
 629:Drivers/STM32F0xx_HAL_Driver/Src/stm32f0xx_hal_flash_ex.c ****   *         debug features are connected or boot code is executed in RAM, even if nWRPi = 1 
 630:Drivers/STM32F0xx_HAL_Driver/Src/stm32f0xx_hal_flash_ex.c ****   * 
 631:Drivers/STM32F0xx_HAL_Driver/Src/stm32f0xx_hal_flash_ex.c ****   * @param  WriteProtectPage specifies the page(s) to be write unprotected.
 632:Drivers/STM32F0xx_HAL_Driver/Src/stm32f0xx_hal_flash_ex.c ****   *         The value of this parameter depend on device used within the same series 
 633:Drivers/STM32F0xx_HAL_Driver/Src/stm32f0xx_hal_flash_ex.c ****   * @retval HAL status 
 634:Drivers/STM32F0xx_HAL_Driver/Src/stm32f0xx_hal_flash_ex.c ****   */
 635:Drivers/STM32F0xx_HAL_Driver/Src/stm32f0xx_hal_flash_ex.c **** static HAL_StatusTypeDef FLASH_OB_DisableWRP(uint32_t WriteProtectPage)
 636:Drivers/STM32F0xx_HAL_Driver/Src/stm32f0xx_hal_flash_ex.c **** {
 637:Drivers/STM32F0xx_HAL_Driver/Src/stm32f0xx_hal_flash_ex.c ****   HAL_StatusTypeDef status = HAL_OK;
 638:Drivers/STM32F0xx_HAL_Driver/Src/stm32f0xx_hal_flash_ex.c ****   uint16_t WRP0_Data = 0xFFFFU;
 639:Drivers/STM32F0xx_HAL_Driver/Src/stm32f0xx_hal_flash_ex.c **** #if defined(OB_WRP1_WRP1)
 640:Drivers/STM32F0xx_HAL_Driver/Src/stm32f0xx_hal_flash_ex.c ****   uint16_t WRP1_Data = 0xFFFFU;
 641:Drivers/STM32F0xx_HAL_Driver/Src/stm32f0xx_hal_flash_ex.c **** #endif /* OB_WRP1_WRP1 */
 642:Drivers/STM32F0xx_HAL_Driver/Src/stm32f0xx_hal_flash_ex.c **** #if defined(OB_WRP2_WRP2)
 643:Drivers/STM32F0xx_HAL_Driver/Src/stm32f0xx_hal_flash_ex.c ****   uint16_t WRP2_Data = 0xFFFFU;
 644:Drivers/STM32F0xx_HAL_Driver/Src/stm32f0xx_hal_flash_ex.c **** #endif /* OB_WRP2_WRP2 */
 645:Drivers/STM32F0xx_HAL_Driver/Src/stm32f0xx_hal_flash_ex.c **** #if defined(OB_WRP3_WRP3)
 646:Drivers/STM32F0xx_HAL_Driver/Src/stm32f0xx_hal_flash_ex.c ****   uint16_t WRP3_Data = 0xFFFFU;
 647:Drivers/STM32F0xx_HAL_Driver/Src/stm32f0xx_hal_flash_ex.c **** #endif /* OB_WRP3_WRP3 */
 648:Drivers/STM32F0xx_HAL_Driver/Src/stm32f0xx_hal_flash_ex.c ****   
 649:Drivers/STM32F0xx_HAL_Driver/Src/stm32f0xx_hal_flash_ex.c ****   /* Check the parameters */
 650:Drivers/STM32F0xx_HAL_Driver/Src/stm32f0xx_hal_flash_ex.c ****   assert_param(IS_OB_WRP(WriteProtectPage));
 651:Drivers/STM32F0xx_HAL_Driver/Src/stm32f0xx_hal_flash_ex.c **** 
 652:Drivers/STM32F0xx_HAL_Driver/Src/stm32f0xx_hal_flash_ex.c ****   /* Get current write protected pages and the new pages to be unprotected ******/
 653:Drivers/STM32F0xx_HAL_Driver/Src/stm32f0xx_hal_flash_ex.c ****   WriteProtectPage = (FLASH_OB_GetWRP() | WriteProtectPage);
 654:Drivers/STM32F0xx_HAL_Driver/Src/stm32f0xx_hal_flash_ex.c **** 
 655:Drivers/STM32F0xx_HAL_Driver/Src/stm32f0xx_hal_flash_ex.c **** #if defined(OB_WRP_PAGES0TO15MASK)
 656:Drivers/STM32F0xx_HAL_Driver/Src/stm32f0xx_hal_flash_ex.c ****   WRP0_Data = (uint16_t)(WriteProtectPage & OB_WRP_PAGES0TO15MASK);
 657:Drivers/STM32F0xx_HAL_Driver/Src/stm32f0xx_hal_flash_ex.c **** #elif defined(OB_WRP_PAGES0TO31MASK)
 658:Drivers/STM32F0xx_HAL_Driver/Src/stm32f0xx_hal_flash_ex.c ****   WRP0_Data = (uint16_t)(WriteProtectPage & OB_WRP_PAGES0TO31MASK);
 659:Drivers/STM32F0xx_HAL_Driver/Src/stm32f0xx_hal_flash_ex.c **** #endif /* OB_WRP_PAGES0TO31MASK */
 660:Drivers/STM32F0xx_HAL_Driver/Src/stm32f0xx_hal_flash_ex.c ****   
 661:Drivers/STM32F0xx_HAL_Driver/Src/stm32f0xx_hal_flash_ex.c **** #if defined(OB_WRP_PAGES16TO31MASK)
 662:Drivers/STM32F0xx_HAL_Driver/Src/stm32f0xx_hal_flash_ex.c ****   WRP1_Data = (uint16_t)((WriteProtectPage & OB_WRP_PAGES16TO31MASK) >> 8U);
 663:Drivers/STM32F0xx_HAL_Driver/Src/stm32f0xx_hal_flash_ex.c **** #elif defined(OB_WRP_PAGES32TO63MASK)
 664:Drivers/STM32F0xx_HAL_Driver/Src/stm32f0xx_hal_flash_ex.c ****   WRP1_Data = (uint16_t)((WriteProtectPage & OB_WRP_PAGES32TO63MASK) >> 8U);
 665:Drivers/STM32F0xx_HAL_Driver/Src/stm32f0xx_hal_flash_ex.c **** #endif /* OB_WRP_PAGES32TO63MASK */
 666:Drivers/STM32F0xx_HAL_Driver/Src/stm32f0xx_hal_flash_ex.c ****  
 667:Drivers/STM32F0xx_HAL_Driver/Src/stm32f0xx_hal_flash_ex.c **** #if defined(OB_WRP_PAGES32TO47MASK)
 668:Drivers/STM32F0xx_HAL_Driver/Src/stm32f0xx_hal_flash_ex.c ****   WRP2_Data = (uint16_t)((WriteProtectPage & OB_WRP_PAGES32TO47MASK) >> 16U);
 669:Drivers/STM32F0xx_HAL_Driver/Src/stm32f0xx_hal_flash_ex.c **** #endif /* OB_WRP_PAGES32TO47MASK */
 670:Drivers/STM32F0xx_HAL_Driver/Src/stm32f0xx_hal_flash_ex.c **** 
 671:Drivers/STM32F0xx_HAL_Driver/Src/stm32f0xx_hal_flash_ex.c **** #if defined(OB_WRP_PAGES48TO63MASK)
 672:Drivers/STM32F0xx_HAL_Driver/Src/stm32f0xx_hal_flash_ex.c ****   WRP3_Data = (uint16_t)((WriteProtectPage & OB_WRP_PAGES48TO63MASK) >> 24U); 
 673:Drivers/STM32F0xx_HAL_Driver/Src/stm32f0xx_hal_flash_ex.c **** #elif defined(OB_WRP_PAGES48TO127MASK)
 674:Drivers/STM32F0xx_HAL_Driver/Src/stm32f0xx_hal_flash_ex.c ****   WRP3_Data = (uint16_t)((WriteProtectPage & OB_WRP_PAGES48TO127MASK) >> 24U); 
 675:Drivers/STM32F0xx_HAL_Driver/Src/stm32f0xx_hal_flash_ex.c **** #endif /* OB_WRP_PAGES48TO63MASK */
 676:Drivers/STM32F0xx_HAL_Driver/Src/stm32f0xx_hal_flash_ex.c **** 
 677:Drivers/STM32F0xx_HAL_Driver/Src/stm32f0xx_hal_flash_ex.c ****     
 678:Drivers/STM32F0xx_HAL_Driver/Src/stm32f0xx_hal_flash_ex.c ****   /* Wait for last operation to be completed */
 679:Drivers/STM32F0xx_HAL_Driver/Src/stm32f0xx_hal_flash_ex.c ****   status = FLASH_WaitForLastOperation((uint32_t)FLASH_TIMEOUT_VALUE);
ARM GAS  C:\msys64\tmp\ccLUNS8i.s 			page 14


 680:Drivers/STM32F0xx_HAL_Driver/Src/stm32f0xx_hal_flash_ex.c **** 
 681:Drivers/STM32F0xx_HAL_Driver/Src/stm32f0xx_hal_flash_ex.c ****   if(status == HAL_OK)
 682:Drivers/STM32F0xx_HAL_Driver/Src/stm32f0xx_hal_flash_ex.c ****   { 
 683:Drivers/STM32F0xx_HAL_Driver/Src/stm32f0xx_hal_flash_ex.c ****     /* Clean the error context */
 684:Drivers/STM32F0xx_HAL_Driver/Src/stm32f0xx_hal_flash_ex.c ****     pFlash.ErrorCode = HAL_FLASH_ERROR_NONE;
 685:Drivers/STM32F0xx_HAL_Driver/Src/stm32f0xx_hal_flash_ex.c **** 
 686:Drivers/STM32F0xx_HAL_Driver/Src/stm32f0xx_hal_flash_ex.c ****     /* To be able to write again option byte, need to perform a option byte erase */
 687:Drivers/STM32F0xx_HAL_Driver/Src/stm32f0xx_hal_flash_ex.c ****     status = HAL_FLASHEx_OBErase();
 688:Drivers/STM32F0xx_HAL_Driver/Src/stm32f0xx_hal_flash_ex.c ****     if (status == HAL_OK)  
 689:Drivers/STM32F0xx_HAL_Driver/Src/stm32f0xx_hal_flash_ex.c ****     {
 690:Drivers/STM32F0xx_HAL_Driver/Src/stm32f0xx_hal_flash_ex.c ****       SET_BIT(FLASH->CR, FLASH_CR_OPTPG);
 691:Drivers/STM32F0xx_HAL_Driver/Src/stm32f0xx_hal_flash_ex.c **** 
 692:Drivers/STM32F0xx_HAL_Driver/Src/stm32f0xx_hal_flash_ex.c **** #if defined(OB_WRP0_WRP0)
 693:Drivers/STM32F0xx_HAL_Driver/Src/stm32f0xx_hal_flash_ex.c ****       if(WRP0_Data != 0xFFU)
 694:Drivers/STM32F0xx_HAL_Driver/Src/stm32f0xx_hal_flash_ex.c ****       {
 695:Drivers/STM32F0xx_HAL_Driver/Src/stm32f0xx_hal_flash_ex.c ****         OB->WRP0 &= WRP0_Data;
 696:Drivers/STM32F0xx_HAL_Driver/Src/stm32f0xx_hal_flash_ex.c ****         
 697:Drivers/STM32F0xx_HAL_Driver/Src/stm32f0xx_hal_flash_ex.c ****         /* Wait for last operation to be completed */
 698:Drivers/STM32F0xx_HAL_Driver/Src/stm32f0xx_hal_flash_ex.c ****         status = FLASH_WaitForLastOperation((uint32_t)FLASH_TIMEOUT_VALUE);
 699:Drivers/STM32F0xx_HAL_Driver/Src/stm32f0xx_hal_flash_ex.c ****       }
 700:Drivers/STM32F0xx_HAL_Driver/Src/stm32f0xx_hal_flash_ex.c **** #endif /* OB_WRP0_WRP0 */
 701:Drivers/STM32F0xx_HAL_Driver/Src/stm32f0xx_hal_flash_ex.c **** 
 702:Drivers/STM32F0xx_HAL_Driver/Src/stm32f0xx_hal_flash_ex.c **** #if defined(OB_WRP1_WRP1)
 703:Drivers/STM32F0xx_HAL_Driver/Src/stm32f0xx_hal_flash_ex.c ****       if((status == HAL_OK) && (WRP1_Data != 0xFFU))
 704:Drivers/STM32F0xx_HAL_Driver/Src/stm32f0xx_hal_flash_ex.c ****       {
 705:Drivers/STM32F0xx_HAL_Driver/Src/stm32f0xx_hal_flash_ex.c ****         OB->WRP1 &= WRP1_Data;
 706:Drivers/STM32F0xx_HAL_Driver/Src/stm32f0xx_hal_flash_ex.c ****         
 707:Drivers/STM32F0xx_HAL_Driver/Src/stm32f0xx_hal_flash_ex.c ****         /* Wait for last operation to be completed */
 708:Drivers/STM32F0xx_HAL_Driver/Src/stm32f0xx_hal_flash_ex.c ****         status = FLASH_WaitForLastOperation((uint32_t)FLASH_TIMEOUT_VALUE);
 709:Drivers/STM32F0xx_HAL_Driver/Src/stm32f0xx_hal_flash_ex.c ****       }
 710:Drivers/STM32F0xx_HAL_Driver/Src/stm32f0xx_hal_flash_ex.c **** #endif /* OB_WRP1_WRP1 */
 711:Drivers/STM32F0xx_HAL_Driver/Src/stm32f0xx_hal_flash_ex.c **** 
 712:Drivers/STM32F0xx_HAL_Driver/Src/stm32f0xx_hal_flash_ex.c **** #if defined(OB_WRP2_WRP2)
 713:Drivers/STM32F0xx_HAL_Driver/Src/stm32f0xx_hal_flash_ex.c ****       if((status == HAL_OK) && (WRP2_Data != 0xFFU))
 714:Drivers/STM32F0xx_HAL_Driver/Src/stm32f0xx_hal_flash_ex.c ****       {
 715:Drivers/STM32F0xx_HAL_Driver/Src/stm32f0xx_hal_flash_ex.c ****         OB->WRP2 &= WRP2_Data;
 716:Drivers/STM32F0xx_HAL_Driver/Src/stm32f0xx_hal_flash_ex.c ****         
 717:Drivers/STM32F0xx_HAL_Driver/Src/stm32f0xx_hal_flash_ex.c ****         /* Wait for last operation to be completed */
 718:Drivers/STM32F0xx_HAL_Driver/Src/stm32f0xx_hal_flash_ex.c ****         status = FLASH_WaitForLastOperation((uint32_t)FLASH_TIMEOUT_VALUE);
 719:Drivers/STM32F0xx_HAL_Driver/Src/stm32f0xx_hal_flash_ex.c ****       }
 720:Drivers/STM32F0xx_HAL_Driver/Src/stm32f0xx_hal_flash_ex.c **** #endif /* OB_WRP2_WRP2 */
 721:Drivers/STM32F0xx_HAL_Driver/Src/stm32f0xx_hal_flash_ex.c **** 
 722:Drivers/STM32F0xx_HAL_Driver/Src/stm32f0xx_hal_flash_ex.c **** #if defined(OB_WRP3_WRP3)
 723:Drivers/STM32F0xx_HAL_Driver/Src/stm32f0xx_hal_flash_ex.c ****       if((status == HAL_OK) && (WRP3_Data != 0xFFU))
 724:Drivers/STM32F0xx_HAL_Driver/Src/stm32f0xx_hal_flash_ex.c ****       {
 725:Drivers/STM32F0xx_HAL_Driver/Src/stm32f0xx_hal_flash_ex.c ****         OB->WRP3 &= WRP3_Data;
 726:Drivers/STM32F0xx_HAL_Driver/Src/stm32f0xx_hal_flash_ex.c ****         
 727:Drivers/STM32F0xx_HAL_Driver/Src/stm32f0xx_hal_flash_ex.c ****         /* Wait for last operation to be completed */
 728:Drivers/STM32F0xx_HAL_Driver/Src/stm32f0xx_hal_flash_ex.c ****         status = FLASH_WaitForLastOperation((uint32_t)FLASH_TIMEOUT_VALUE);
 729:Drivers/STM32F0xx_HAL_Driver/Src/stm32f0xx_hal_flash_ex.c ****       }
 730:Drivers/STM32F0xx_HAL_Driver/Src/stm32f0xx_hal_flash_ex.c **** #endif /* OB_WRP3_WRP3 */
 731:Drivers/STM32F0xx_HAL_Driver/Src/stm32f0xx_hal_flash_ex.c **** 
 732:Drivers/STM32F0xx_HAL_Driver/Src/stm32f0xx_hal_flash_ex.c ****       /* if the program operation is completed, disable the OPTPG Bit */
 733:Drivers/STM32F0xx_HAL_Driver/Src/stm32f0xx_hal_flash_ex.c ****       CLEAR_BIT(FLASH->CR, FLASH_CR_OPTPG);
 734:Drivers/STM32F0xx_HAL_Driver/Src/stm32f0xx_hal_flash_ex.c ****     }
 735:Drivers/STM32F0xx_HAL_Driver/Src/stm32f0xx_hal_flash_ex.c ****   }
 736:Drivers/STM32F0xx_HAL_Driver/Src/stm32f0xx_hal_flash_ex.c ****   return status;
ARM GAS  C:\msys64\tmp\ccLUNS8i.s 			page 15


 737:Drivers/STM32F0xx_HAL_Driver/Src/stm32f0xx_hal_flash_ex.c **** }
 738:Drivers/STM32F0xx_HAL_Driver/Src/stm32f0xx_hal_flash_ex.c **** 
 739:Drivers/STM32F0xx_HAL_Driver/Src/stm32f0xx_hal_flash_ex.c **** /**
 740:Drivers/STM32F0xx_HAL_Driver/Src/stm32f0xx_hal_flash_ex.c ****   * @brief  Set the read protection level.
 741:Drivers/STM32F0xx_HAL_Driver/Src/stm32f0xx_hal_flash_ex.c ****   * @param  ReadProtectLevel specifies the read protection level.
 742:Drivers/STM32F0xx_HAL_Driver/Src/stm32f0xx_hal_flash_ex.c ****   *         This parameter can be one of the following values:
 743:Drivers/STM32F0xx_HAL_Driver/Src/stm32f0xx_hal_flash_ex.c ****   *            @arg @ref OB_RDP_LEVEL_0 No protection
 744:Drivers/STM32F0xx_HAL_Driver/Src/stm32f0xx_hal_flash_ex.c ****   *            @arg @ref OB_RDP_LEVEL_1 Read protection of the memory
 745:Drivers/STM32F0xx_HAL_Driver/Src/stm32f0xx_hal_flash_ex.c ****   *            @arg @ref OB_RDP_LEVEL_2 Full chip protection
 746:Drivers/STM32F0xx_HAL_Driver/Src/stm32f0xx_hal_flash_ex.c ****   * @note   Warning: When enabling OB_RDP level 2 it's no more possible to go back to level 1 or 0
 747:Drivers/STM32F0xx_HAL_Driver/Src/stm32f0xx_hal_flash_ex.c ****   * @retval HAL status
 748:Drivers/STM32F0xx_HAL_Driver/Src/stm32f0xx_hal_flash_ex.c ****   */
 749:Drivers/STM32F0xx_HAL_Driver/Src/stm32f0xx_hal_flash_ex.c **** static HAL_StatusTypeDef FLASH_OB_RDP_LevelConfig(uint8_t ReadProtectLevel)
 750:Drivers/STM32F0xx_HAL_Driver/Src/stm32f0xx_hal_flash_ex.c **** {
 751:Drivers/STM32F0xx_HAL_Driver/Src/stm32f0xx_hal_flash_ex.c ****   HAL_StatusTypeDef status = HAL_OK;
 752:Drivers/STM32F0xx_HAL_Driver/Src/stm32f0xx_hal_flash_ex.c ****   
 753:Drivers/STM32F0xx_HAL_Driver/Src/stm32f0xx_hal_flash_ex.c ****   /* Check the parameters */
 754:Drivers/STM32F0xx_HAL_Driver/Src/stm32f0xx_hal_flash_ex.c ****   assert_param(IS_OB_RDP_LEVEL(ReadProtectLevel));
 755:Drivers/STM32F0xx_HAL_Driver/Src/stm32f0xx_hal_flash_ex.c ****   
 756:Drivers/STM32F0xx_HAL_Driver/Src/stm32f0xx_hal_flash_ex.c ****   /* Wait for last operation to be completed */
 757:Drivers/STM32F0xx_HAL_Driver/Src/stm32f0xx_hal_flash_ex.c ****   status = FLASH_WaitForLastOperation((uint32_t)FLASH_TIMEOUT_VALUE);
 758:Drivers/STM32F0xx_HAL_Driver/Src/stm32f0xx_hal_flash_ex.c ****   
 759:Drivers/STM32F0xx_HAL_Driver/Src/stm32f0xx_hal_flash_ex.c ****   if(status == HAL_OK)
 760:Drivers/STM32F0xx_HAL_Driver/Src/stm32f0xx_hal_flash_ex.c ****   { 
 761:Drivers/STM32F0xx_HAL_Driver/Src/stm32f0xx_hal_flash_ex.c ****     /* Clean the error context */
 762:Drivers/STM32F0xx_HAL_Driver/Src/stm32f0xx_hal_flash_ex.c ****     pFlash.ErrorCode = HAL_FLASH_ERROR_NONE;
 763:Drivers/STM32F0xx_HAL_Driver/Src/stm32f0xx_hal_flash_ex.c ****     
 764:Drivers/STM32F0xx_HAL_Driver/Src/stm32f0xx_hal_flash_ex.c ****     /* If the previous operation is completed, proceed to erase the option bytes */
 765:Drivers/STM32F0xx_HAL_Driver/Src/stm32f0xx_hal_flash_ex.c ****     SET_BIT(FLASH->CR, FLASH_CR_OPTER);
 766:Drivers/STM32F0xx_HAL_Driver/Src/stm32f0xx_hal_flash_ex.c ****     SET_BIT(FLASH->CR, FLASH_CR_STRT);
 767:Drivers/STM32F0xx_HAL_Driver/Src/stm32f0xx_hal_flash_ex.c **** 
 768:Drivers/STM32F0xx_HAL_Driver/Src/stm32f0xx_hal_flash_ex.c ****     /* Wait for last operation to be completed */
 769:Drivers/STM32F0xx_HAL_Driver/Src/stm32f0xx_hal_flash_ex.c ****     status = FLASH_WaitForLastOperation((uint32_t)FLASH_TIMEOUT_VALUE);
 770:Drivers/STM32F0xx_HAL_Driver/Src/stm32f0xx_hal_flash_ex.c **** 
 771:Drivers/STM32F0xx_HAL_Driver/Src/stm32f0xx_hal_flash_ex.c ****     /* If the erase operation is completed, disable the OPTER Bit */
 772:Drivers/STM32F0xx_HAL_Driver/Src/stm32f0xx_hal_flash_ex.c ****     CLEAR_BIT(FLASH->CR, FLASH_CR_OPTER);
 773:Drivers/STM32F0xx_HAL_Driver/Src/stm32f0xx_hal_flash_ex.c **** 
 774:Drivers/STM32F0xx_HAL_Driver/Src/stm32f0xx_hal_flash_ex.c ****     if(status == HAL_OK)
 775:Drivers/STM32F0xx_HAL_Driver/Src/stm32f0xx_hal_flash_ex.c ****     {
 776:Drivers/STM32F0xx_HAL_Driver/Src/stm32f0xx_hal_flash_ex.c ****       /* Enable the Option Bytes Programming operation */
 777:Drivers/STM32F0xx_HAL_Driver/Src/stm32f0xx_hal_flash_ex.c ****       SET_BIT(FLASH->CR, FLASH_CR_OPTPG);
 778:Drivers/STM32F0xx_HAL_Driver/Src/stm32f0xx_hal_flash_ex.c ****       
 779:Drivers/STM32F0xx_HAL_Driver/Src/stm32f0xx_hal_flash_ex.c ****       WRITE_REG(OB->RDP, ReadProtectLevel);
 780:Drivers/STM32F0xx_HAL_Driver/Src/stm32f0xx_hal_flash_ex.c ****       
 781:Drivers/STM32F0xx_HAL_Driver/Src/stm32f0xx_hal_flash_ex.c ****       /* Wait for last operation to be completed */
 782:Drivers/STM32F0xx_HAL_Driver/Src/stm32f0xx_hal_flash_ex.c ****       status = FLASH_WaitForLastOperation((uint32_t)FLASH_TIMEOUT_VALUE); 
 783:Drivers/STM32F0xx_HAL_Driver/Src/stm32f0xx_hal_flash_ex.c ****       
 784:Drivers/STM32F0xx_HAL_Driver/Src/stm32f0xx_hal_flash_ex.c ****       /* if the program operation is completed, disable the OPTPG Bit */
 785:Drivers/STM32F0xx_HAL_Driver/Src/stm32f0xx_hal_flash_ex.c ****       CLEAR_BIT(FLASH->CR, FLASH_CR_OPTPG);
 786:Drivers/STM32F0xx_HAL_Driver/Src/stm32f0xx_hal_flash_ex.c ****     }
 787:Drivers/STM32F0xx_HAL_Driver/Src/stm32f0xx_hal_flash_ex.c ****   }
 788:Drivers/STM32F0xx_HAL_Driver/Src/stm32f0xx_hal_flash_ex.c ****   
 789:Drivers/STM32F0xx_HAL_Driver/Src/stm32f0xx_hal_flash_ex.c ****   return status;
 790:Drivers/STM32F0xx_HAL_Driver/Src/stm32f0xx_hal_flash_ex.c **** }
 791:Drivers/STM32F0xx_HAL_Driver/Src/stm32f0xx_hal_flash_ex.c **** 
 792:Drivers/STM32F0xx_HAL_Driver/Src/stm32f0xx_hal_flash_ex.c **** /**
 793:Drivers/STM32F0xx_HAL_Driver/Src/stm32f0xx_hal_flash_ex.c ****   * @brief  Program the FLASH User Option Byte.    
ARM GAS  C:\msys64\tmp\ccLUNS8i.s 			page 16


 794:Drivers/STM32F0xx_HAL_Driver/Src/stm32f0xx_hal_flash_ex.c ****   * @note   Programming of the OB should be performed only after an erase (otherwise PGERR occurs)
 795:Drivers/STM32F0xx_HAL_Driver/Src/stm32f0xx_hal_flash_ex.c ****   * @param  UserConfig The FLASH User Option Bytes values: IWDG_SW(Bit0), RST_STOP(Bit1), RST_STDBY
 796:Drivers/STM32F0xx_HAL_Driver/Src/stm32f0xx_hal_flash_ex.c ****   *         VDDA_Analog_Monitoring(Bit5) and SRAM_Parity_Enable(Bit6). 
 797:Drivers/STM32F0xx_HAL_Driver/Src/stm32f0xx_hal_flash_ex.c ****   *         For few devices, following option bytes are available: nBOOT0(Bit3) & BOOT_SEL(Bit7).
 798:Drivers/STM32F0xx_HAL_Driver/Src/stm32f0xx_hal_flash_ex.c ****   * @retval HAL status
 799:Drivers/STM32F0xx_HAL_Driver/Src/stm32f0xx_hal_flash_ex.c ****   */
 800:Drivers/STM32F0xx_HAL_Driver/Src/stm32f0xx_hal_flash_ex.c **** static HAL_StatusTypeDef FLASH_OB_UserConfig(uint8_t UserConfig)
 801:Drivers/STM32F0xx_HAL_Driver/Src/stm32f0xx_hal_flash_ex.c **** {
 802:Drivers/STM32F0xx_HAL_Driver/Src/stm32f0xx_hal_flash_ex.c ****   HAL_StatusTypeDef status = HAL_OK;
 803:Drivers/STM32F0xx_HAL_Driver/Src/stm32f0xx_hal_flash_ex.c **** 
 804:Drivers/STM32F0xx_HAL_Driver/Src/stm32f0xx_hal_flash_ex.c ****   /* Check the parameters */
 805:Drivers/STM32F0xx_HAL_Driver/Src/stm32f0xx_hal_flash_ex.c ****   assert_param(IS_OB_IWDG_SOURCE((UserConfig&OB_IWDG_SW)));
 806:Drivers/STM32F0xx_HAL_Driver/Src/stm32f0xx_hal_flash_ex.c ****   assert_param(IS_OB_STOP_SOURCE((UserConfig&OB_STOP_NO_RST)));
 807:Drivers/STM32F0xx_HAL_Driver/Src/stm32f0xx_hal_flash_ex.c ****   assert_param(IS_OB_STDBY_SOURCE((UserConfig&OB_STDBY_NO_RST)));
 808:Drivers/STM32F0xx_HAL_Driver/Src/stm32f0xx_hal_flash_ex.c ****   assert_param(IS_OB_BOOT1((UserConfig&OB_BOOT1_SET)));
 809:Drivers/STM32F0xx_HAL_Driver/Src/stm32f0xx_hal_flash_ex.c ****   assert_param(IS_OB_VDDA_ANALOG((UserConfig&OB_VDDA_ANALOG_ON)));
 810:Drivers/STM32F0xx_HAL_Driver/Src/stm32f0xx_hal_flash_ex.c ****   assert_param(IS_OB_SRAM_PARITY((UserConfig&OB_SRAM_PARITY_RESET)));
 811:Drivers/STM32F0xx_HAL_Driver/Src/stm32f0xx_hal_flash_ex.c **** #if defined(FLASH_OBR_BOOT_SEL)
 812:Drivers/STM32F0xx_HAL_Driver/Src/stm32f0xx_hal_flash_ex.c ****   assert_param(IS_OB_BOOT_SEL((UserConfig&OB_BOOT_SEL_SET)));
 813:Drivers/STM32F0xx_HAL_Driver/Src/stm32f0xx_hal_flash_ex.c ****   assert_param(IS_OB_BOOT0((UserConfig&OB_BOOT0_SET)));
 814:Drivers/STM32F0xx_HAL_Driver/Src/stm32f0xx_hal_flash_ex.c **** #endif /* FLASH_OBR_BOOT_SEL */
 815:Drivers/STM32F0xx_HAL_Driver/Src/stm32f0xx_hal_flash_ex.c **** 
 816:Drivers/STM32F0xx_HAL_Driver/Src/stm32f0xx_hal_flash_ex.c ****   /* Wait for last operation to be completed */
 817:Drivers/STM32F0xx_HAL_Driver/Src/stm32f0xx_hal_flash_ex.c ****   status = FLASH_WaitForLastOperation((uint32_t)FLASH_TIMEOUT_VALUE);
 818:Drivers/STM32F0xx_HAL_Driver/Src/stm32f0xx_hal_flash_ex.c ****   
 819:Drivers/STM32F0xx_HAL_Driver/Src/stm32f0xx_hal_flash_ex.c ****   if(status == HAL_OK)
 820:Drivers/STM32F0xx_HAL_Driver/Src/stm32f0xx_hal_flash_ex.c ****   {     
 821:Drivers/STM32F0xx_HAL_Driver/Src/stm32f0xx_hal_flash_ex.c ****     /* Clean the error context */
 822:Drivers/STM32F0xx_HAL_Driver/Src/stm32f0xx_hal_flash_ex.c ****     pFlash.ErrorCode = HAL_FLASH_ERROR_NONE;
 823:Drivers/STM32F0xx_HAL_Driver/Src/stm32f0xx_hal_flash_ex.c **** 
 824:Drivers/STM32F0xx_HAL_Driver/Src/stm32f0xx_hal_flash_ex.c ****     /* Enable the Option Bytes Programming operation */
 825:Drivers/STM32F0xx_HAL_Driver/Src/stm32f0xx_hal_flash_ex.c ****     SET_BIT(FLASH->CR, FLASH_CR_OPTPG); 
 826:Drivers/STM32F0xx_HAL_Driver/Src/stm32f0xx_hal_flash_ex.c ****  
 827:Drivers/STM32F0xx_HAL_Driver/Src/stm32f0xx_hal_flash_ex.c **** #if defined(FLASH_OBR_BOOT_SEL)
 828:Drivers/STM32F0xx_HAL_Driver/Src/stm32f0xx_hal_flash_ex.c ****     OB->USER = UserConfig;
 829:Drivers/STM32F0xx_HAL_Driver/Src/stm32f0xx_hal_flash_ex.c **** #else
 830:Drivers/STM32F0xx_HAL_Driver/Src/stm32f0xx_hal_flash_ex.c ****     OB->USER = (UserConfig | 0x88U);
 831:Drivers/STM32F0xx_HAL_Driver/Src/stm32f0xx_hal_flash_ex.c **** #endif
 832:Drivers/STM32F0xx_HAL_Driver/Src/stm32f0xx_hal_flash_ex.c **** 
 833:Drivers/STM32F0xx_HAL_Driver/Src/stm32f0xx_hal_flash_ex.c ****     /* Wait for last operation to be completed */
 834:Drivers/STM32F0xx_HAL_Driver/Src/stm32f0xx_hal_flash_ex.c ****     status = FLASH_WaitForLastOperation((uint32_t)FLASH_TIMEOUT_VALUE);
 835:Drivers/STM32F0xx_HAL_Driver/Src/stm32f0xx_hal_flash_ex.c **** 
 836:Drivers/STM32F0xx_HAL_Driver/Src/stm32f0xx_hal_flash_ex.c ****     /* if the program operation is completed, disable the OPTPG Bit */
 837:Drivers/STM32F0xx_HAL_Driver/Src/stm32f0xx_hal_flash_ex.c ****     CLEAR_BIT(FLASH->CR, FLASH_CR_OPTPG);
 838:Drivers/STM32F0xx_HAL_Driver/Src/stm32f0xx_hal_flash_ex.c ****   }
 839:Drivers/STM32F0xx_HAL_Driver/Src/stm32f0xx_hal_flash_ex.c ****   
 840:Drivers/STM32F0xx_HAL_Driver/Src/stm32f0xx_hal_flash_ex.c ****   return status; 
 841:Drivers/STM32F0xx_HAL_Driver/Src/stm32f0xx_hal_flash_ex.c **** }
 842:Drivers/STM32F0xx_HAL_Driver/Src/stm32f0xx_hal_flash_ex.c **** 
 843:Drivers/STM32F0xx_HAL_Driver/Src/stm32f0xx_hal_flash_ex.c **** /**
 844:Drivers/STM32F0xx_HAL_Driver/Src/stm32f0xx_hal_flash_ex.c ****   * @brief  Programs a half word at a specified Option Byte Data address.
 845:Drivers/STM32F0xx_HAL_Driver/Src/stm32f0xx_hal_flash_ex.c ****   * @note   The function @ref HAL_FLASH_Unlock() should be called before to unlock the FLASH interf
 846:Drivers/STM32F0xx_HAL_Driver/Src/stm32f0xx_hal_flash_ex.c ****   *         The function @ref HAL_FLASH_OB_Unlock() should be called before to unlock the options b
 847:Drivers/STM32F0xx_HAL_Driver/Src/stm32f0xx_hal_flash_ex.c ****   *         The function @ref HAL_FLASH_OB_Launch() should be called after to force the reload of t
 848:Drivers/STM32F0xx_HAL_Driver/Src/stm32f0xx_hal_flash_ex.c ****   *         (system reset will occur)
 849:Drivers/STM32F0xx_HAL_Driver/Src/stm32f0xx_hal_flash_ex.c ****   *         Programming of the OB should be performed only after an erase (otherwise PGERR occurs)
 850:Drivers/STM32F0xx_HAL_Driver/Src/stm32f0xx_hal_flash_ex.c ****   * @param  Address specifies the address to be programmed.
ARM GAS  C:\msys64\tmp\ccLUNS8i.s 			page 17


 851:Drivers/STM32F0xx_HAL_Driver/Src/stm32f0xx_hal_flash_ex.c ****   *         This parameter can be 0x1FFFF804 or 0x1FFFF806. 
 852:Drivers/STM32F0xx_HAL_Driver/Src/stm32f0xx_hal_flash_ex.c ****   * @param  Data specifies the data to be programmed.
 853:Drivers/STM32F0xx_HAL_Driver/Src/stm32f0xx_hal_flash_ex.c ****   * @retval HAL status
 854:Drivers/STM32F0xx_HAL_Driver/Src/stm32f0xx_hal_flash_ex.c ****   */
 855:Drivers/STM32F0xx_HAL_Driver/Src/stm32f0xx_hal_flash_ex.c **** static HAL_StatusTypeDef FLASH_OB_ProgramData(uint32_t Address, uint8_t Data)
 856:Drivers/STM32F0xx_HAL_Driver/Src/stm32f0xx_hal_flash_ex.c **** {
 857:Drivers/STM32F0xx_HAL_Driver/Src/stm32f0xx_hal_flash_ex.c ****   HAL_StatusTypeDef status = HAL_ERROR;
 858:Drivers/STM32F0xx_HAL_Driver/Src/stm32f0xx_hal_flash_ex.c ****   
 859:Drivers/STM32F0xx_HAL_Driver/Src/stm32f0xx_hal_flash_ex.c ****   /* Check the parameters */
 860:Drivers/STM32F0xx_HAL_Driver/Src/stm32f0xx_hal_flash_ex.c ****   assert_param(IS_OB_DATA_ADDRESS(Address));
 861:Drivers/STM32F0xx_HAL_Driver/Src/stm32f0xx_hal_flash_ex.c ****   
 862:Drivers/STM32F0xx_HAL_Driver/Src/stm32f0xx_hal_flash_ex.c ****   /* Wait for last operation to be completed */
 863:Drivers/STM32F0xx_HAL_Driver/Src/stm32f0xx_hal_flash_ex.c ****   status = FLASH_WaitForLastOperation((uint32_t)FLASH_TIMEOUT_VALUE);
 864:Drivers/STM32F0xx_HAL_Driver/Src/stm32f0xx_hal_flash_ex.c ****   
 865:Drivers/STM32F0xx_HAL_Driver/Src/stm32f0xx_hal_flash_ex.c ****   if(status == HAL_OK)
 866:Drivers/STM32F0xx_HAL_Driver/Src/stm32f0xx_hal_flash_ex.c ****   {
 867:Drivers/STM32F0xx_HAL_Driver/Src/stm32f0xx_hal_flash_ex.c ****     /* Clean the error context */
 868:Drivers/STM32F0xx_HAL_Driver/Src/stm32f0xx_hal_flash_ex.c ****     pFlash.ErrorCode = HAL_FLASH_ERROR_NONE;
 869:Drivers/STM32F0xx_HAL_Driver/Src/stm32f0xx_hal_flash_ex.c **** 
 870:Drivers/STM32F0xx_HAL_Driver/Src/stm32f0xx_hal_flash_ex.c ****     /* Enables the Option Bytes Programming operation */
 871:Drivers/STM32F0xx_HAL_Driver/Src/stm32f0xx_hal_flash_ex.c ****     SET_BIT(FLASH->CR, FLASH_CR_OPTPG); 
 872:Drivers/STM32F0xx_HAL_Driver/Src/stm32f0xx_hal_flash_ex.c ****     *(__IO uint16_t*)Address = Data;
 873:Drivers/STM32F0xx_HAL_Driver/Src/stm32f0xx_hal_flash_ex.c ****     
 874:Drivers/STM32F0xx_HAL_Driver/Src/stm32f0xx_hal_flash_ex.c ****     /* Wait for last operation to be completed */
 875:Drivers/STM32F0xx_HAL_Driver/Src/stm32f0xx_hal_flash_ex.c ****     status = FLASH_WaitForLastOperation((uint32_t)FLASH_TIMEOUT_VALUE);
 876:Drivers/STM32F0xx_HAL_Driver/Src/stm32f0xx_hal_flash_ex.c ****     
 877:Drivers/STM32F0xx_HAL_Driver/Src/stm32f0xx_hal_flash_ex.c ****     /* If the program operation is completed, disable the OPTPG Bit */
 878:Drivers/STM32F0xx_HAL_Driver/Src/stm32f0xx_hal_flash_ex.c ****     CLEAR_BIT(FLASH->CR, FLASH_CR_OPTPG);
 879:Drivers/STM32F0xx_HAL_Driver/Src/stm32f0xx_hal_flash_ex.c ****   }
 880:Drivers/STM32F0xx_HAL_Driver/Src/stm32f0xx_hal_flash_ex.c ****   /* Return the Option Byte Data Program Status */
 881:Drivers/STM32F0xx_HAL_Driver/Src/stm32f0xx_hal_flash_ex.c ****   return status;
 882:Drivers/STM32F0xx_HAL_Driver/Src/stm32f0xx_hal_flash_ex.c **** }
 883:Drivers/STM32F0xx_HAL_Driver/Src/stm32f0xx_hal_flash_ex.c **** 
 884:Drivers/STM32F0xx_HAL_Driver/Src/stm32f0xx_hal_flash_ex.c **** /**
 885:Drivers/STM32F0xx_HAL_Driver/Src/stm32f0xx_hal_flash_ex.c ****   * @brief  Return the FLASH Write Protection Option Bytes value.
 886:Drivers/STM32F0xx_HAL_Driver/Src/stm32f0xx_hal_flash_ex.c ****   * @retval The FLASH Write Protection Option Bytes value
 887:Drivers/STM32F0xx_HAL_Driver/Src/stm32f0xx_hal_flash_ex.c ****   */
 888:Drivers/STM32F0xx_HAL_Driver/Src/stm32f0xx_hal_flash_ex.c **** static uint32_t FLASH_OB_GetWRP(void)
 889:Drivers/STM32F0xx_HAL_Driver/Src/stm32f0xx_hal_flash_ex.c **** {
  66              		.loc 1 889 1 is_stmt 1 view -0
  67              		.cfi_startproc
  68              		@ args = 0, pretend = 0, frame = 0
  69              		@ frame_needed = 0, uses_anonymous_args = 0
  70              		@ link register save eliminated.
 890:Drivers/STM32F0xx_HAL_Driver/Src/stm32f0xx_hal_flash_ex.c ****   /* Return the FLASH write protection Register value */
 891:Drivers/STM32F0xx_HAL_Driver/Src/stm32f0xx_hal_flash_ex.c ****   return (uint32_t)(READ_REG(FLASH->WRPR));
  71              		.loc 1 891 3 view .LVU7
  72              		.loc 1 891 10 is_stmt 0 view .LVU8
  73 0000 014B     		ldr	r3, .L5
  74 0002 186A     		ldr	r0, [r3, #32]
 892:Drivers/STM32F0xx_HAL_Driver/Src/stm32f0xx_hal_flash_ex.c **** }
  75              		.loc 1 892 1 view .LVU9
  76              		@ sp needed
  77 0004 7047     		bx	lr
  78              	.L6:
  79 0006 C046     		.align	2
  80              	.L5:
ARM GAS  C:\msys64\tmp\ccLUNS8i.s 			page 18


  81 0008 00200240 		.word	1073881088
  82              		.cfi_endproc
  83              	.LFE52:
  85              		.section	.text.FLASH_OB_GetRDP,"ax",%progbits
  86              		.align	1
  87              		.syntax unified
  88              		.code	16
  89              		.thumb_func
  91              	FLASH_OB_GetRDP:
  92              	.LFB53:
 893:Drivers/STM32F0xx_HAL_Driver/Src/stm32f0xx_hal_flash_ex.c **** 
 894:Drivers/STM32F0xx_HAL_Driver/Src/stm32f0xx_hal_flash_ex.c **** /**
 895:Drivers/STM32F0xx_HAL_Driver/Src/stm32f0xx_hal_flash_ex.c ****   * @brief  Returns the FLASH Read Protection level.
 896:Drivers/STM32F0xx_HAL_Driver/Src/stm32f0xx_hal_flash_ex.c ****   * @retval FLASH RDP level
 897:Drivers/STM32F0xx_HAL_Driver/Src/stm32f0xx_hal_flash_ex.c ****   *         This parameter can be one of the following values:
 898:Drivers/STM32F0xx_HAL_Driver/Src/stm32f0xx_hal_flash_ex.c ****   *            @arg @ref OB_RDP_LEVEL_0 No protection
 899:Drivers/STM32F0xx_HAL_Driver/Src/stm32f0xx_hal_flash_ex.c ****   *            @arg @ref OB_RDP_LEVEL_1 Read protection of the memory
 900:Drivers/STM32F0xx_HAL_Driver/Src/stm32f0xx_hal_flash_ex.c ****   *            @arg @ref OB_RDP_LEVEL_2 Full chip protection
 901:Drivers/STM32F0xx_HAL_Driver/Src/stm32f0xx_hal_flash_ex.c ****   */
 902:Drivers/STM32F0xx_HAL_Driver/Src/stm32f0xx_hal_flash_ex.c **** static uint32_t FLASH_OB_GetRDP(void)
 903:Drivers/STM32F0xx_HAL_Driver/Src/stm32f0xx_hal_flash_ex.c **** {
  93              		.loc 1 903 1 is_stmt 1 view -0
  94              		.cfi_startproc
  95              		@ args = 0, pretend = 0, frame = 0
  96              		@ frame_needed = 0, uses_anonymous_args = 0
  97              		@ link register save eliminated.
 904:Drivers/STM32F0xx_HAL_Driver/Src/stm32f0xx_hal_flash_ex.c ****   uint32_t tmp_reg;
  98              		.loc 1 904 3 view .LVU11
 905:Drivers/STM32F0xx_HAL_Driver/Src/stm32f0xx_hal_flash_ex.c ****   
 906:Drivers/STM32F0xx_HAL_Driver/Src/stm32f0xx_hal_flash_ex.c ****   /* Read RDP level bits */
 907:Drivers/STM32F0xx_HAL_Driver/Src/stm32f0xx_hal_flash_ex.c ****   tmp_reg = READ_BIT(FLASH->OBR, (FLASH_OBR_RDPRT1 | FLASH_OBR_RDPRT2));
  99              		.loc 1 907 3 view .LVU12
 100              		.loc 1 907 13 is_stmt 0 view .LVU13
 101 0000 064B     		ldr	r3, .L11
 102 0002 DB69     		ldr	r3, [r3, #28]
 103              		.loc 1 907 11 view .LVU14
 104 0004 0622     		movs	r2, #6
 105              	.LVL0:
 908:Drivers/STM32F0xx_HAL_Driver/Src/stm32f0xx_hal_flash_ex.c **** 
 909:Drivers/STM32F0xx_HAL_Driver/Src/stm32f0xx_hal_flash_ex.c ****   if (tmp_reg == 0U)
 106              		.loc 1 909 3 is_stmt 1 view .LVU15
 107              		.loc 1 909 6 is_stmt 0 view .LVU16
 108 0006 1A42     		tst	r2, r3
 109 0008 03D0     		beq	.L9
 910:Drivers/STM32F0xx_HAL_Driver/Src/stm32f0xx_hal_flash_ex.c ****   {
 911:Drivers/STM32F0xx_HAL_Driver/Src/stm32f0xx_hal_flash_ex.c ****     return OB_RDP_LEVEL_0;
 912:Drivers/STM32F0xx_HAL_Driver/Src/stm32f0xx_hal_flash_ex.c ****   }
 913:Drivers/STM32F0xx_HAL_Driver/Src/stm32f0xx_hal_flash_ex.c ****   else if ((tmp_reg & FLASH_OBR_RDPRT2) == FLASH_OBR_RDPRT2)
 110              		.loc 1 913 8 is_stmt 1 view .LVU17
 111              		.loc 1 913 11 is_stmt 0 view .LVU18
 112 000a 5B07     		lsls	r3, r3, #29
 113 000c 03D5     		bpl	.L10
 114              	.LVL1:
 914:Drivers/STM32F0xx_HAL_Driver/Src/stm32f0xx_hal_flash_ex.c ****   {
 915:Drivers/STM32F0xx_HAL_Driver/Src/stm32f0xx_hal_flash_ex.c ****     return OB_RDP_LEVEL_2;
 115              		.loc 1 915 12 view .LVU19
 116 000e CC20     		movs	r0, #204
ARM GAS  C:\msys64\tmp\ccLUNS8i.s 			page 19


 117 0010 00E0     		b	.L7
 118              	.LVL2:
 119              	.L9:
 911:Drivers/STM32F0xx_HAL_Driver/Src/stm32f0xx_hal_flash_ex.c ****   }
 120              		.loc 1 911 12 view .LVU20
 121 0012 AA20     		movs	r0, #170
 122              	.LVL3:
 123              	.L7:
 916:Drivers/STM32F0xx_HAL_Driver/Src/stm32f0xx_hal_flash_ex.c ****   }
 917:Drivers/STM32F0xx_HAL_Driver/Src/stm32f0xx_hal_flash_ex.c ****   else 
 918:Drivers/STM32F0xx_HAL_Driver/Src/stm32f0xx_hal_flash_ex.c ****   {
 919:Drivers/STM32F0xx_HAL_Driver/Src/stm32f0xx_hal_flash_ex.c ****     return OB_RDP_LEVEL_1;
 920:Drivers/STM32F0xx_HAL_Driver/Src/stm32f0xx_hal_flash_ex.c ****   }
 921:Drivers/STM32F0xx_HAL_Driver/Src/stm32f0xx_hal_flash_ex.c **** }
 124              		.loc 1 921 1 view .LVU21
 125              		@ sp needed
 126 0014 7047     		bx	lr
 127              	.L10:
 919:Drivers/STM32F0xx_HAL_Driver/Src/stm32f0xx_hal_flash_ex.c ****   }
 128              		.loc 1 919 12 view .LVU22
 129 0016 BB20     		movs	r0, #187
 130 0018 FCE7     		b	.L7
 131              	.L12:
 132 001a C046     		.align	2
 133              	.L11:
 134 001c 00200240 		.word	1073881088
 135              		.cfi_endproc
 136              	.LFE53:
 138              		.section	.text.FLASH_OB_GetUser,"ax",%progbits
 139              		.align	1
 140              		.syntax unified
 141              		.code	16
 142              		.thumb_func
 144              	FLASH_OB_GetUser:
 145              	.LFB54:
 922:Drivers/STM32F0xx_HAL_Driver/Src/stm32f0xx_hal_flash_ex.c **** 
 923:Drivers/STM32F0xx_HAL_Driver/Src/stm32f0xx_hal_flash_ex.c **** /**
 924:Drivers/STM32F0xx_HAL_Driver/Src/stm32f0xx_hal_flash_ex.c ****   * @brief  Return the FLASH User Option Byte value.
 925:Drivers/STM32F0xx_HAL_Driver/Src/stm32f0xx_hal_flash_ex.c ****   * @retval  The FLASH User Option Bytes values: IWDG_SW(Bit0), RST_STOP(Bit1), RST_STDBY(Bit2), nB
 926:Drivers/STM32F0xx_HAL_Driver/Src/stm32f0xx_hal_flash_ex.c ****   *         VDDA_Analog_Monitoring(Bit5) and SRAM_Parity_Enable(Bit6). 
 927:Drivers/STM32F0xx_HAL_Driver/Src/stm32f0xx_hal_flash_ex.c ****   *         For few devices, following option bytes are available: nBOOT0(Bit3) & BOOT_SEL(Bit7).
 928:Drivers/STM32F0xx_HAL_Driver/Src/stm32f0xx_hal_flash_ex.c ****   */
 929:Drivers/STM32F0xx_HAL_Driver/Src/stm32f0xx_hal_flash_ex.c **** static uint8_t FLASH_OB_GetUser(void)
 930:Drivers/STM32F0xx_HAL_Driver/Src/stm32f0xx_hal_flash_ex.c **** {
 146              		.loc 1 930 1 is_stmt 1 view -0
 147              		.cfi_startproc
 148              		@ args = 0, pretend = 0, frame = 0
 149              		@ frame_needed = 0, uses_anonymous_args = 0
 150              		@ link register save eliminated.
 931:Drivers/STM32F0xx_HAL_Driver/Src/stm32f0xx_hal_flash_ex.c ****   /* Return the User Option Byte */
 932:Drivers/STM32F0xx_HAL_Driver/Src/stm32f0xx_hal_flash_ex.c ****   return (uint8_t)((READ_REG(FLASH->OBR) & FLASH_OBR_USER) >> FLASH_POSITION_IWDGSW_BIT);
 151              		.loc 1 932 3 view .LVU24
 152              		.loc 1 932 21 is_stmt 0 view .LVU25
 153 0000 024B     		ldr	r3, .L14
 154 0002 DB69     		ldr	r3, [r3, #28]
 155              		.loc 1 932 60 view .LVU26
 156 0004 1B0A     		lsrs	r3, r3, #8
ARM GAS  C:\msys64\tmp\ccLUNS8i.s 			page 20


 157              		.loc 1 932 10 discriminator 1 view .LVU27
 158 0006 7720     		movs	r0, #119
 159 0008 1840     		ands	r0, r3
 933:Drivers/STM32F0xx_HAL_Driver/Src/stm32f0xx_hal_flash_ex.c **** }
 160              		.loc 1 933 1 view .LVU28
 161              		@ sp needed
 162 000a 7047     		bx	lr
 163              	.L15:
 164              		.align	2
 165              	.L14:
 166 000c 00200240 		.word	1073881088
 167              		.cfi_endproc
 168              	.LFE54:
 170              		.section	.text.FLASH_OB_RDP_LevelConfig,"ax",%progbits
 171              		.align	1
 172              		.syntax unified
 173              		.code	16
 174              		.thumb_func
 176              	FLASH_OB_RDP_LevelConfig:
 177              	.LVL4:
 178              	.LFB49:
 750:Drivers/STM32F0xx_HAL_Driver/Src/stm32f0xx_hal_flash_ex.c ****   HAL_StatusTypeDef status = HAL_OK;
 179              		.loc 1 750 1 is_stmt 1 view -0
 180              		.cfi_startproc
 181              		@ args = 0, pretend = 0, frame = 0
 182              		@ frame_needed = 0, uses_anonymous_args = 0
 750:Drivers/STM32F0xx_HAL_Driver/Src/stm32f0xx_hal_flash_ex.c ****   HAL_StatusTypeDef status = HAL_OK;
 183              		.loc 1 750 1 is_stmt 0 view .LVU30
 184 0000 70B5     		push	{r4, r5, r6, lr}
 185              	.LCFI0:
 186              		.cfi_def_cfa_offset 16
 187              		.cfi_offset 4, -16
 188              		.cfi_offset 5, -12
 189              		.cfi_offset 6, -8
 190              		.cfi_offset 14, -4
 191 0002 0600     		movs	r6, r0
 751:Drivers/STM32F0xx_HAL_Driver/Src/stm32f0xx_hal_flash_ex.c ****   
 192              		.loc 1 751 3 is_stmt 1 view .LVU31
 193              	.LVL5:
 754:Drivers/STM32F0xx_HAL_Driver/Src/stm32f0xx_hal_flash_ex.c ****   
 194              		.loc 1 754 3 view .LVU32
 757:Drivers/STM32F0xx_HAL_Driver/Src/stm32f0xx_hal_flash_ex.c ****   
 195              		.loc 1 757 3 view .LVU33
 757:Drivers/STM32F0xx_HAL_Driver/Src/stm32f0xx_hal_flash_ex.c ****   
 196              		.loc 1 757 12 is_stmt 0 view .LVU34
 197 0004 1348     		ldr	r0, .L19
 198              	.LVL6:
 757:Drivers/STM32F0xx_HAL_Driver/Src/stm32f0xx_hal_flash_ex.c ****   
 199              		.loc 1 757 12 view .LVU35
 200 0006 FFF7FEFF 		bl	FLASH_WaitForLastOperation
 201              	.LVL7:
 759:Drivers/STM32F0xx_HAL_Driver/Src/stm32f0xx_hal_flash_ex.c ****   { 
 202              		.loc 1 759 3 is_stmt 1 view .LVU36
 759:Drivers/STM32F0xx_HAL_Driver/Src/stm32f0xx_hal_flash_ex.c ****   { 
 203              		.loc 1 759 5 is_stmt 0 view .LVU37
 204 000a 0028     		cmp	r0, #0
 205 000c 00D0     		beq	.L18
ARM GAS  C:\msys64\tmp\ccLUNS8i.s 			page 21


 206              	.LVL8:
 207              	.L17:
 789:Drivers/STM32F0xx_HAL_Driver/Src/stm32f0xx_hal_flash_ex.c **** }
 208              		.loc 1 789 3 is_stmt 1 view .LVU38
 790:Drivers/STM32F0xx_HAL_Driver/Src/stm32f0xx_hal_flash_ex.c **** 
 209              		.loc 1 790 1 is_stmt 0 view .LVU39
 210              		@ sp needed
 211              	.LVL9:
 790:Drivers/STM32F0xx_HAL_Driver/Src/stm32f0xx_hal_flash_ex.c **** 
 212              		.loc 1 790 1 view .LVU40
 213 000e 70BD     		pop	{r4, r5, r6, pc}
 214              	.L18:
 762:Drivers/STM32F0xx_HAL_Driver/Src/stm32f0xx_hal_flash_ex.c ****     
 215              		.loc 1 762 5 is_stmt 1 view .LVU41
 762:Drivers/STM32F0xx_HAL_Driver/Src/stm32f0xx_hal_flash_ex.c ****     
 216              		.loc 1 762 22 is_stmt 0 view .LVU42
 217 0010 114B     		ldr	r3, .L19+4
 218 0012 0022     		movs	r2, #0
 219 0014 DA61     		str	r2, [r3, #28]
 765:Drivers/STM32F0xx_HAL_Driver/Src/stm32f0xx_hal_flash_ex.c ****     SET_BIT(FLASH->CR, FLASH_CR_STRT);
 220              		.loc 1 765 5 is_stmt 1 view .LVU43
 221 0016 114C     		ldr	r4, .L19+8
 222 0018 2369     		ldr	r3, [r4, #16]
 223 001a 2025     		movs	r5, #32
 224 001c 2B43     		orrs	r3, r5
 225 001e 2361     		str	r3, [r4, #16]
 766:Drivers/STM32F0xx_HAL_Driver/Src/stm32f0xx_hal_flash_ex.c **** 
 226              		.loc 1 766 5 view .LVU44
 227 0020 2369     		ldr	r3, [r4, #16]
 228 0022 4032     		adds	r2, r2, #64
 229 0024 1343     		orrs	r3, r2
 230 0026 2361     		str	r3, [r4, #16]
 769:Drivers/STM32F0xx_HAL_Driver/Src/stm32f0xx_hal_flash_ex.c **** 
 231              		.loc 1 769 5 view .LVU45
 769:Drivers/STM32F0xx_HAL_Driver/Src/stm32f0xx_hal_flash_ex.c **** 
 232              		.loc 1 769 14 is_stmt 0 view .LVU46
 233 0028 0A48     		ldr	r0, .L19
 234              	.LVL10:
 769:Drivers/STM32F0xx_HAL_Driver/Src/stm32f0xx_hal_flash_ex.c **** 
 235              		.loc 1 769 14 view .LVU47
 236 002a FFF7FEFF 		bl	FLASH_WaitForLastOperation
 237              	.LVL11:
 772:Drivers/STM32F0xx_HAL_Driver/Src/stm32f0xx_hal_flash_ex.c **** 
 238              		.loc 1 772 5 is_stmt 1 view .LVU48
 239 002e 2369     		ldr	r3, [r4, #16]
 240 0030 AB43     		bics	r3, r5
 241 0032 2361     		str	r3, [r4, #16]
 774:Drivers/STM32F0xx_HAL_Driver/Src/stm32f0xx_hal_flash_ex.c ****     {
 242              		.loc 1 774 5 view .LVU49
 774:Drivers/STM32F0xx_HAL_Driver/Src/stm32f0xx_hal_flash_ex.c ****     {
 243              		.loc 1 774 7 is_stmt 0 view .LVU50
 244 0034 0028     		cmp	r0, #0
 245 0036 EAD1     		bne	.L17
 777:Drivers/STM32F0xx_HAL_Driver/Src/stm32f0xx_hal_flash_ex.c ****       
 246              		.loc 1 777 7 is_stmt 1 view .LVU51
 247 0038 2369     		ldr	r3, [r4, #16]
 248 003a 103D     		subs	r5, r5, #16
ARM GAS  C:\msys64\tmp\ccLUNS8i.s 			page 22


 249 003c 2B43     		orrs	r3, r5
 250 003e 2361     		str	r3, [r4, #16]
 779:Drivers/STM32F0xx_HAL_Driver/Src/stm32f0xx_hal_flash_ex.c ****       
 251              		.loc 1 779 7 view .LVU52
 252 0040 074B     		ldr	r3, .L19+12
 253 0042 1E80     		strh	r6, [r3]
 782:Drivers/STM32F0xx_HAL_Driver/Src/stm32f0xx_hal_flash_ex.c ****       
 254              		.loc 1 782 7 view .LVU53
 782:Drivers/STM32F0xx_HAL_Driver/Src/stm32f0xx_hal_flash_ex.c ****       
 255              		.loc 1 782 16 is_stmt 0 view .LVU54
 256 0044 0348     		ldr	r0, .L19
 257              	.LVL12:
 782:Drivers/STM32F0xx_HAL_Driver/Src/stm32f0xx_hal_flash_ex.c ****       
 258              		.loc 1 782 16 view .LVU55
 259 0046 FFF7FEFF 		bl	FLASH_WaitForLastOperation
 260              	.LVL13:
 785:Drivers/STM32F0xx_HAL_Driver/Src/stm32f0xx_hal_flash_ex.c ****     }
 261              		.loc 1 785 7 is_stmt 1 view .LVU56
 262 004a 2369     		ldr	r3, [r4, #16]
 263 004c AB43     		bics	r3, r5
 264 004e 2361     		str	r3, [r4, #16]
 265 0050 DDE7     		b	.L17
 266              	.L20:
 267 0052 C046     		.align	2
 268              	.L19:
 269 0054 50C30000 		.word	50000
 270 0058 00000000 		.word	pFlash
 271 005c 00200240 		.word	1073881088
 272 0060 00F8FF1F 		.word	536868864
 273              		.cfi_endproc
 274              	.LFE49:
 276              		.section	.text.FLASH_OB_UserConfig,"ax",%progbits
 277              		.align	1
 278              		.syntax unified
 279              		.code	16
 280              		.thumb_func
 282              	FLASH_OB_UserConfig:
 283              	.LVL14:
 284              	.LFB50:
 801:Drivers/STM32F0xx_HAL_Driver/Src/stm32f0xx_hal_flash_ex.c ****   HAL_StatusTypeDef status = HAL_OK;
 285              		.loc 1 801 1 view -0
 286              		.cfi_startproc
 287              		@ args = 0, pretend = 0, frame = 0
 288              		@ frame_needed = 0, uses_anonymous_args = 0
 801:Drivers/STM32F0xx_HAL_Driver/Src/stm32f0xx_hal_flash_ex.c ****   HAL_StatusTypeDef status = HAL_OK;
 289              		.loc 1 801 1 is_stmt 0 view .LVU58
 290 0000 70B5     		push	{r4, r5, r6, lr}
 291              	.LCFI1:
 292              		.cfi_def_cfa_offset 16
 293              		.cfi_offset 4, -16
 294              		.cfi_offset 5, -12
 295              		.cfi_offset 6, -8
 296              		.cfi_offset 14, -4
 297 0002 0600     		movs	r6, r0
 802:Drivers/STM32F0xx_HAL_Driver/Src/stm32f0xx_hal_flash_ex.c **** 
 298              		.loc 1 802 3 is_stmt 1 view .LVU59
 299              	.LVL15:
ARM GAS  C:\msys64\tmp\ccLUNS8i.s 			page 23


 805:Drivers/STM32F0xx_HAL_Driver/Src/stm32f0xx_hal_flash_ex.c ****   assert_param(IS_OB_STOP_SOURCE((UserConfig&OB_STOP_NO_RST)));
 300              		.loc 1 805 3 view .LVU60
 806:Drivers/STM32F0xx_HAL_Driver/Src/stm32f0xx_hal_flash_ex.c ****   assert_param(IS_OB_STDBY_SOURCE((UserConfig&OB_STDBY_NO_RST)));
 301              		.loc 1 806 3 view .LVU61
 807:Drivers/STM32F0xx_HAL_Driver/Src/stm32f0xx_hal_flash_ex.c ****   assert_param(IS_OB_BOOT1((UserConfig&OB_BOOT1_SET)));
 302              		.loc 1 807 3 view .LVU62
 808:Drivers/STM32F0xx_HAL_Driver/Src/stm32f0xx_hal_flash_ex.c ****   assert_param(IS_OB_VDDA_ANALOG((UserConfig&OB_VDDA_ANALOG_ON)));
 303              		.loc 1 808 3 view .LVU63
 809:Drivers/STM32F0xx_HAL_Driver/Src/stm32f0xx_hal_flash_ex.c ****   assert_param(IS_OB_SRAM_PARITY((UserConfig&OB_SRAM_PARITY_RESET)));
 304              		.loc 1 809 3 view .LVU64
 810:Drivers/STM32F0xx_HAL_Driver/Src/stm32f0xx_hal_flash_ex.c **** #if defined(FLASH_OBR_BOOT_SEL)
 305              		.loc 1 810 3 view .LVU65
 817:Drivers/STM32F0xx_HAL_Driver/Src/stm32f0xx_hal_flash_ex.c ****   
 306              		.loc 1 817 3 view .LVU66
 817:Drivers/STM32F0xx_HAL_Driver/Src/stm32f0xx_hal_flash_ex.c ****   
 307              		.loc 1 817 12 is_stmt 0 view .LVU67
 308 0004 0D48     		ldr	r0, .L24
 309              	.LVL16:
 817:Drivers/STM32F0xx_HAL_Driver/Src/stm32f0xx_hal_flash_ex.c ****   
 310              		.loc 1 817 12 view .LVU68
 311 0006 FFF7FEFF 		bl	FLASH_WaitForLastOperation
 312              	.LVL17:
 819:Drivers/STM32F0xx_HAL_Driver/Src/stm32f0xx_hal_flash_ex.c ****   {     
 313              		.loc 1 819 3 is_stmt 1 view .LVU69
 819:Drivers/STM32F0xx_HAL_Driver/Src/stm32f0xx_hal_flash_ex.c ****   {     
 314              		.loc 1 819 5 is_stmt 0 view .LVU70
 315 000a 0028     		cmp	r0, #0
 316 000c 00D0     		beq	.L23
 317              	.LVL18:
 318              	.L22:
 840:Drivers/STM32F0xx_HAL_Driver/Src/stm32f0xx_hal_flash_ex.c **** }
 319              		.loc 1 840 3 is_stmt 1 view .LVU71
 841:Drivers/STM32F0xx_HAL_Driver/Src/stm32f0xx_hal_flash_ex.c **** 
 320              		.loc 1 841 1 is_stmt 0 view .LVU72
 321              		@ sp needed
 322              	.LVL19:
 841:Drivers/STM32F0xx_HAL_Driver/Src/stm32f0xx_hal_flash_ex.c **** 
 323              		.loc 1 841 1 view .LVU73
 324 000e 70BD     		pop	{r4, r5, r6, pc}
 325              	.L23:
 822:Drivers/STM32F0xx_HAL_Driver/Src/stm32f0xx_hal_flash_ex.c **** 
 326              		.loc 1 822 5 is_stmt 1 view .LVU74
 822:Drivers/STM32F0xx_HAL_Driver/Src/stm32f0xx_hal_flash_ex.c **** 
 327              		.loc 1 822 22 is_stmt 0 view .LVU75
 328 0010 0B4B     		ldr	r3, .L24+4
 329 0012 0022     		movs	r2, #0
 330 0014 DA61     		str	r2, [r3, #28]
 825:Drivers/STM32F0xx_HAL_Driver/Src/stm32f0xx_hal_flash_ex.c ****  
 331              		.loc 1 825 5 is_stmt 1 view .LVU76
 332 0016 0B4C     		ldr	r4, .L24+8
 333 0018 2369     		ldr	r3, [r4, #16]
 334 001a 1025     		movs	r5, #16
 335 001c 2B43     		orrs	r3, r5
 336 001e 2361     		str	r3, [r4, #16]
 830:Drivers/STM32F0xx_HAL_Driver/Src/stm32f0xx_hal_flash_ex.c **** #endif
 337              		.loc 1 830 5 view .LVU77
 830:Drivers/STM32F0xx_HAL_Driver/Src/stm32f0xx_hal_flash_ex.c **** #endif
ARM GAS  C:\msys64\tmp\ccLUNS8i.s 			page 24


 338              		.loc 1 830 14 is_stmt 0 view .LVU78
 339 0020 7823     		movs	r3, #120
 340 0022 5B42     		rsbs	r3, r3, #0
 341 0024 3343     		orrs	r3, r6
 342 0026 DBB2     		uxtb	r3, r3
 343 0028 074A     		ldr	r2, .L24+12
 344 002a 5380     		strh	r3, [r2, #2]
 834:Drivers/STM32F0xx_HAL_Driver/Src/stm32f0xx_hal_flash_ex.c **** 
 345              		.loc 1 834 5 is_stmt 1 view .LVU79
 834:Drivers/STM32F0xx_HAL_Driver/Src/stm32f0xx_hal_flash_ex.c **** 
 346              		.loc 1 834 14 is_stmt 0 view .LVU80
 347 002c 0348     		ldr	r0, .L24
 348              	.LVL20:
 834:Drivers/STM32F0xx_HAL_Driver/Src/stm32f0xx_hal_flash_ex.c **** 
 349              		.loc 1 834 14 view .LVU81
 350 002e FFF7FEFF 		bl	FLASH_WaitForLastOperation
 351              	.LVL21:
 837:Drivers/STM32F0xx_HAL_Driver/Src/stm32f0xx_hal_flash_ex.c ****   }
 352              		.loc 1 837 5 is_stmt 1 view .LVU82
 353 0032 2369     		ldr	r3, [r4, #16]
 354 0034 AB43     		bics	r3, r5
 355 0036 2361     		str	r3, [r4, #16]
 356 0038 E9E7     		b	.L22
 357              	.L25:
 358 003a C046     		.align	2
 359              	.L24:
 360 003c 50C30000 		.word	50000
 361 0040 00000000 		.word	pFlash
 362 0044 00200240 		.word	1073881088
 363 0048 00F8FF1F 		.word	536868864
 364              		.cfi_endproc
 365              	.LFE50:
 367              		.section	.text.FLASH_OB_ProgramData,"ax",%progbits
 368              		.align	1
 369              		.syntax unified
 370              		.code	16
 371              		.thumb_func
 373              	FLASH_OB_ProgramData:
 374              	.LVL22:
 375              	.LFB51:
 856:Drivers/STM32F0xx_HAL_Driver/Src/stm32f0xx_hal_flash_ex.c ****   HAL_StatusTypeDef status = HAL_ERROR;
 376              		.loc 1 856 1 view -0
 377              		.cfi_startproc
 378              		@ args = 0, pretend = 0, frame = 0
 379              		@ frame_needed = 0, uses_anonymous_args = 0
 856:Drivers/STM32F0xx_HAL_Driver/Src/stm32f0xx_hal_flash_ex.c ****   HAL_StatusTypeDef status = HAL_ERROR;
 380              		.loc 1 856 1 is_stmt 0 view .LVU84
 381 0000 F8B5     		push	{r3, r4, r5, r6, r7, lr}
 382              	.LCFI2:
 383              		.cfi_def_cfa_offset 24
 384              		.cfi_offset 3, -24
 385              		.cfi_offset 4, -20
 386              		.cfi_offset 5, -16
 387              		.cfi_offset 6, -12
 388              		.cfi_offset 7, -8
 389              		.cfi_offset 14, -4
 390 0002 0600     		movs	r6, r0
ARM GAS  C:\msys64\tmp\ccLUNS8i.s 			page 25


 391 0004 0F00     		movs	r7, r1
 857:Drivers/STM32F0xx_HAL_Driver/Src/stm32f0xx_hal_flash_ex.c ****   
 392              		.loc 1 857 3 is_stmt 1 view .LVU85
 393              	.LVL23:
 860:Drivers/STM32F0xx_HAL_Driver/Src/stm32f0xx_hal_flash_ex.c ****   
 394              		.loc 1 860 3 view .LVU86
 863:Drivers/STM32F0xx_HAL_Driver/Src/stm32f0xx_hal_flash_ex.c ****   
 395              		.loc 1 863 3 view .LVU87
 863:Drivers/STM32F0xx_HAL_Driver/Src/stm32f0xx_hal_flash_ex.c ****   
 396              		.loc 1 863 12 is_stmt 0 view .LVU88
 397 0006 0B48     		ldr	r0, .L29
 398              	.LVL24:
 863:Drivers/STM32F0xx_HAL_Driver/Src/stm32f0xx_hal_flash_ex.c ****   
 399              		.loc 1 863 12 view .LVU89
 400 0008 FFF7FEFF 		bl	FLASH_WaitForLastOperation
 401              	.LVL25:
 865:Drivers/STM32F0xx_HAL_Driver/Src/stm32f0xx_hal_flash_ex.c ****   {
 402              		.loc 1 865 3 is_stmt 1 view .LVU90
 865:Drivers/STM32F0xx_HAL_Driver/Src/stm32f0xx_hal_flash_ex.c ****   {
 403              		.loc 1 865 5 is_stmt 0 view .LVU91
 404 000c 0028     		cmp	r0, #0
 405 000e 00D0     		beq	.L28
 406              	.LVL26:
 407              	.L27:
 881:Drivers/STM32F0xx_HAL_Driver/Src/stm32f0xx_hal_flash_ex.c **** }
 408              		.loc 1 881 3 is_stmt 1 view .LVU92
 882:Drivers/STM32F0xx_HAL_Driver/Src/stm32f0xx_hal_flash_ex.c **** 
 409              		.loc 1 882 1 is_stmt 0 view .LVU93
 410              		@ sp needed
 411              	.LVL27:
 412              	.LVL28:
 882:Drivers/STM32F0xx_HAL_Driver/Src/stm32f0xx_hal_flash_ex.c **** 
 413              		.loc 1 882 1 view .LVU94
 414 0010 F8BD     		pop	{r3, r4, r5, r6, r7, pc}
 415              	.LVL29:
 416              	.L28:
 868:Drivers/STM32F0xx_HAL_Driver/Src/stm32f0xx_hal_flash_ex.c **** 
 417              		.loc 1 868 5 is_stmt 1 view .LVU95
 868:Drivers/STM32F0xx_HAL_Driver/Src/stm32f0xx_hal_flash_ex.c **** 
 418              		.loc 1 868 22 is_stmt 0 view .LVU96
 419 0012 094B     		ldr	r3, .L29+4
 420 0014 0022     		movs	r2, #0
 421 0016 DA61     		str	r2, [r3, #28]
 871:Drivers/STM32F0xx_HAL_Driver/Src/stm32f0xx_hal_flash_ex.c ****     *(__IO uint16_t*)Address = Data;
 422              		.loc 1 871 5 is_stmt 1 view .LVU97
 423 0018 084C     		ldr	r4, .L29+8
 424 001a 2369     		ldr	r3, [r4, #16]
 425 001c 1025     		movs	r5, #16
 426 001e 2B43     		orrs	r3, r5
 427 0020 2361     		str	r3, [r4, #16]
 872:Drivers/STM32F0xx_HAL_Driver/Src/stm32f0xx_hal_flash_ex.c ****     
 428              		.loc 1 872 5 view .LVU98
 872:Drivers/STM32F0xx_HAL_Driver/Src/stm32f0xx_hal_flash_ex.c ****     
 429              		.loc 1 872 30 is_stmt 0 view .LVU99
 430 0022 3780     		strh	r7, [r6]
 875:Drivers/STM32F0xx_HAL_Driver/Src/stm32f0xx_hal_flash_ex.c ****     
 431              		.loc 1 875 5 is_stmt 1 view .LVU100
ARM GAS  C:\msys64\tmp\ccLUNS8i.s 			page 26


 875:Drivers/STM32F0xx_HAL_Driver/Src/stm32f0xx_hal_flash_ex.c ****     
 432              		.loc 1 875 14 is_stmt 0 view .LVU101
 433 0024 0348     		ldr	r0, .L29
 434              	.LVL30:
 875:Drivers/STM32F0xx_HAL_Driver/Src/stm32f0xx_hal_flash_ex.c ****     
 435              		.loc 1 875 14 view .LVU102
 436 0026 FFF7FEFF 		bl	FLASH_WaitForLastOperation
 437              	.LVL31:
 878:Drivers/STM32F0xx_HAL_Driver/Src/stm32f0xx_hal_flash_ex.c ****   }
 438              		.loc 1 878 5 is_stmt 1 view .LVU103
 439 002a 2369     		ldr	r3, [r4, #16]
 440 002c AB43     		bics	r3, r5
 441 002e 2361     		str	r3, [r4, #16]
 442 0030 EEE7     		b	.L27
 443              	.L30:
 444 0032 C046     		.align	2
 445              	.L29:
 446 0034 50C30000 		.word	50000
 447 0038 00000000 		.word	pFlash
 448 003c 00200240 		.word	1073881088
 449              		.cfi_endproc
 450              	.LFE51:
 452              		.section	.text.HAL_FLASHEx_OBErase,"ax",%progbits
 453              		.align	1
 454              		.global	HAL_FLASHEx_OBErase
 455              		.syntax unified
 456              		.code	16
 457              		.thumb_func
 459              	HAL_FLASHEx_OBErase:
 460              	.LFB42:
 312:Drivers/STM32F0xx_HAL_Driver/Src/stm32f0xx_hal_flash_ex.c ****   uint8_t rdptmp = OB_RDP_LEVEL_0;
 461              		.loc 1 312 1 view -0
 462              		.cfi_startproc
 463              		@ args = 0, pretend = 0, frame = 0
 464              		@ frame_needed = 0, uses_anonymous_args = 0
 465 0000 70B5     		push	{r4, r5, r6, lr}
 466              	.LCFI3:
 467              		.cfi_def_cfa_offset 16
 468              		.cfi_offset 4, -16
 469              		.cfi_offset 5, -12
 470              		.cfi_offset 6, -8
 471              		.cfi_offset 14, -4
 313:Drivers/STM32F0xx_HAL_Driver/Src/stm32f0xx_hal_flash_ex.c ****   HAL_StatusTypeDef status = HAL_ERROR;
 472              		.loc 1 313 3 view .LVU105
 473              	.LVL32:
 314:Drivers/STM32F0xx_HAL_Driver/Src/stm32f0xx_hal_flash_ex.c **** 
 474              		.loc 1 314 3 view .LVU106
 317:Drivers/STM32F0xx_HAL_Driver/Src/stm32f0xx_hal_flash_ex.c **** 
 475              		.loc 1 317 3 view .LVU107
 317:Drivers/STM32F0xx_HAL_Driver/Src/stm32f0xx_hal_flash_ex.c **** 
 476              		.loc 1 317 12 is_stmt 0 view .LVU108
 477 0002 FFF7FEFF 		bl	FLASH_OB_GetRDP
 478              	.LVL33:
 317:Drivers/STM32F0xx_HAL_Driver/Src/stm32f0xx_hal_flash_ex.c **** 
 479              		.loc 1 317 10 discriminator 1 view .LVU109
 480 0006 C3B2     		uxtb	r3, r0
 481 0008 1E00     		movs	r6, r3
ARM GAS  C:\msys64\tmp\ccLUNS8i.s 			page 27


 482              	.LVL34:
 320:Drivers/STM32F0xx_HAL_Driver/Src/stm32f0xx_hal_flash_ex.c **** 
 483              		.loc 1 320 3 is_stmt 1 view .LVU110
 320:Drivers/STM32F0xx_HAL_Driver/Src/stm32f0xx_hal_flash_ex.c **** 
 484              		.loc 1 320 12 is_stmt 0 view .LVU111
 485 000a 0F48     		ldr	r0, .L34
 486 000c FFF7FEFF 		bl	FLASH_WaitForLastOperation
 487              	.LVL35:
 322:Drivers/STM32F0xx_HAL_Driver/Src/stm32f0xx_hal_flash_ex.c ****   {
 488              		.loc 1 322 3 is_stmt 1 view .LVU112
 322:Drivers/STM32F0xx_HAL_Driver/Src/stm32f0xx_hal_flash_ex.c ****   {
 489              		.loc 1 322 5 is_stmt 0 view .LVU113
 490 0010 0028     		cmp	r0, #0
 491 0012 00D0     		beq	.L33
 492              	.LVL36:
 493              	.L32:
 345:Drivers/STM32F0xx_HAL_Driver/Src/stm32f0xx_hal_flash_ex.c **** }
 494              		.loc 1 345 3 is_stmt 1 view .LVU114
 346:Drivers/STM32F0xx_HAL_Driver/Src/stm32f0xx_hal_flash_ex.c **** 
 495              		.loc 1 346 1 is_stmt 0 view .LVU115
 496              		@ sp needed
 497              	.LVL37:
 346:Drivers/STM32F0xx_HAL_Driver/Src/stm32f0xx_hal_flash_ex.c **** 
 498              		.loc 1 346 1 view .LVU116
 499 0014 70BD     		pop	{r4, r5, r6, pc}
 500              	.LVL38:
 501              	.L33:
 325:Drivers/STM32F0xx_HAL_Driver/Src/stm32f0xx_hal_flash_ex.c **** 
 502              		.loc 1 325 5 is_stmt 1 view .LVU117
 325:Drivers/STM32F0xx_HAL_Driver/Src/stm32f0xx_hal_flash_ex.c **** 
 503              		.loc 1 325 22 is_stmt 0 view .LVU118
 504 0016 0D4B     		ldr	r3, .L34+4
 505 0018 0022     		movs	r2, #0
 506 001a DA61     		str	r2, [r3, #28]
 328:Drivers/STM32F0xx_HAL_Driver/Src/stm32f0xx_hal_flash_ex.c ****     SET_BIT(FLASH->CR, FLASH_CR_STRT);
 507              		.loc 1 328 5 is_stmt 1 view .LVU119
 508 001c 0C4C     		ldr	r4, .L34+8
 509 001e 2369     		ldr	r3, [r4, #16]
 510 0020 2025     		movs	r5, #32
 511 0022 2B43     		orrs	r3, r5
 512 0024 2361     		str	r3, [r4, #16]
 329:Drivers/STM32F0xx_HAL_Driver/Src/stm32f0xx_hal_flash_ex.c **** 
 513              		.loc 1 329 5 view .LVU120
 514 0026 2369     		ldr	r3, [r4, #16]
 515 0028 4032     		adds	r2, r2, #64
 516 002a 1343     		orrs	r3, r2
 517 002c 2361     		str	r3, [r4, #16]
 332:Drivers/STM32F0xx_HAL_Driver/Src/stm32f0xx_hal_flash_ex.c **** 
 518              		.loc 1 332 5 view .LVU121
 332:Drivers/STM32F0xx_HAL_Driver/Src/stm32f0xx_hal_flash_ex.c **** 
 519              		.loc 1 332 14 is_stmt 0 view .LVU122
 520 002e 0648     		ldr	r0, .L34
 521              	.LVL39:
 332:Drivers/STM32F0xx_HAL_Driver/Src/stm32f0xx_hal_flash_ex.c **** 
 522              		.loc 1 332 14 view .LVU123
 523 0030 FFF7FEFF 		bl	FLASH_WaitForLastOperation
 524              	.LVL40:
ARM GAS  C:\msys64\tmp\ccLUNS8i.s 			page 28


 335:Drivers/STM32F0xx_HAL_Driver/Src/stm32f0xx_hal_flash_ex.c **** 
 525              		.loc 1 335 5 is_stmt 1 view .LVU124
 526 0034 2369     		ldr	r3, [r4, #16]
 527 0036 AB43     		bics	r3, r5
 528 0038 2361     		str	r3, [r4, #16]
 337:Drivers/STM32F0xx_HAL_Driver/Src/stm32f0xx_hal_flash_ex.c ****     {
 529              		.loc 1 337 5 view .LVU125
 337:Drivers/STM32F0xx_HAL_Driver/Src/stm32f0xx_hal_flash_ex.c ****     {
 530              		.loc 1 337 7 is_stmt 0 view .LVU126
 531 003a 0028     		cmp	r0, #0
 532 003c EAD1     		bne	.L32
 340:Drivers/STM32F0xx_HAL_Driver/Src/stm32f0xx_hal_flash_ex.c ****     }
 533              		.loc 1 340 7 is_stmt 1 view .LVU127
 340:Drivers/STM32F0xx_HAL_Driver/Src/stm32f0xx_hal_flash_ex.c ****     }
 534              		.loc 1 340 16 is_stmt 0 view .LVU128
 535 003e 3000     		movs	r0, r6
 536              	.LVL41:
 340:Drivers/STM32F0xx_HAL_Driver/Src/stm32f0xx_hal_flash_ex.c ****     }
 537              		.loc 1 340 16 view .LVU129
 538 0040 FFF7FEFF 		bl	FLASH_OB_RDP_LevelConfig
 539              	.LVL42:
 540 0044 E6E7     		b	.L32
 541              	.L35:
 542 0046 C046     		.align	2
 543              	.L34:
 544 0048 50C30000 		.word	50000
 545 004c 00000000 		.word	pFlash
 546 0050 00200240 		.word	1073881088
 547              		.cfi_endproc
 548              	.LFE42:
 550              		.section	.text.FLASH_OB_EnableWRP,"ax",%progbits
 551              		.align	1
 552              		.syntax unified
 553              		.code	16
 554              		.thumb_func
 556              	FLASH_OB_EnableWRP:
 557              	.LVL43:
 558              	.LFB47:
 520:Drivers/STM32F0xx_HAL_Driver/Src/stm32f0xx_hal_flash_ex.c ****   HAL_StatusTypeDef status = HAL_OK;
 559              		.loc 1 520 1 is_stmt 1 view -0
 560              		.cfi_startproc
 561              		@ args = 0, pretend = 0, frame = 0
 562              		@ frame_needed = 0, uses_anonymous_args = 0
 520:Drivers/STM32F0xx_HAL_Driver/Src/stm32f0xx_hal_flash_ex.c ****   HAL_StatusTypeDef status = HAL_OK;
 563              		.loc 1 520 1 is_stmt 0 view .LVU131
 564 0000 70B5     		push	{r4, r5, r6, lr}
 565              	.LCFI4:
 566              		.cfi_def_cfa_offset 16
 567              		.cfi_offset 4, -16
 568              		.cfi_offset 5, -12
 569              		.cfi_offset 6, -8
 570              		.cfi_offset 14, -4
 571 0002 0400     		movs	r4, r0
 521:Drivers/STM32F0xx_HAL_Driver/Src/stm32f0xx_hal_flash_ex.c ****   uint16_t WRP0_Data = 0xFFFFU;
 572              		.loc 1 521 3 is_stmt 1 view .LVU132
 573              	.LVL44:
 522:Drivers/STM32F0xx_HAL_Driver/Src/stm32f0xx_hal_flash_ex.c **** #if defined(OB_WRP1_WRP1)
ARM GAS  C:\msys64\tmp\ccLUNS8i.s 			page 29


 574              		.loc 1 522 3 view .LVU133
 524:Drivers/STM32F0xx_HAL_Driver/Src/stm32f0xx_hal_flash_ex.c **** #endif /* OB_WRP1_WRP1 */
 575              		.loc 1 524 3 view .LVU134
 534:Drivers/STM32F0xx_HAL_Driver/Src/stm32f0xx_hal_flash_ex.c ****     
 576              		.loc 1 534 3 view .LVU135
 537:Drivers/STM32F0xx_HAL_Driver/Src/stm32f0xx_hal_flash_ex.c ****   
 577              		.loc 1 537 3 view .LVU136
 537:Drivers/STM32F0xx_HAL_Driver/Src/stm32f0xx_hal_flash_ex.c ****   
 578              		.loc 1 537 37 is_stmt 0 view .LVU137
 579 0004 FFF7FEFF 		bl	FLASH_OB_GetWRP
 580              	.LVL45:
 537:Drivers/STM32F0xx_HAL_Driver/Src/stm32f0xx_hal_flash_ex.c ****   
 581              		.loc 1 537 20 discriminator 1 view .LVU138
 582 0008 A043     		bics	r0, r4
 583              	.LVL46:
 542:Drivers/STM32F0xx_HAL_Driver/Src/stm32f0xx_hal_flash_ex.c **** #endif /* OB_WRP_PAGES0TO31MASK */
 584              		.loc 1 542 3 is_stmt 1 view .LVU139
 542:Drivers/STM32F0xx_HAL_Driver/Src/stm32f0xx_hal_flash_ex.c **** #endif /* OB_WRP_PAGES0TO31MASK */
 585              		.loc 1 542 13 is_stmt 0 view .LVU140
 586 000a FF23     		movs	r3, #255
 587 000c 0200     		movs	r2, r0
 588 000e 1A40     		ands	r2, r3
 589 0010 1400     		movs	r4, r2
 590              	.LVL47:
 548:Drivers/STM32F0xx_HAL_Driver/Src/stm32f0xx_hal_flash_ex.c **** #endif /* OB_WRP_PAGES32TO63MASK */
 591              		.loc 1 548 3 is_stmt 1 view .LVU141
 548:Drivers/STM32F0xx_HAL_Driver/Src/stm32f0xx_hal_flash_ex.c **** #endif /* OB_WRP_PAGES32TO63MASK */
 592              		.loc 1 548 70 is_stmt 0 view .LVU142
 593 0012 000A     		lsrs	r0, r0, #8
 594              	.LVL48:
 548:Drivers/STM32F0xx_HAL_Driver/Src/stm32f0xx_hal_flash_ex.c **** #endif /* OB_WRP_PAGES32TO63MASK */
 595              		.loc 1 548 13 view .LVU143
 596 0014 1840     		ands	r0, r3
 597 0016 0500     		movs	r5, r0
 598              	.LVL49:
 562:Drivers/STM32F0xx_HAL_Driver/Src/stm32f0xx_hal_flash_ex.c **** 
 599              		.loc 1 562 3 is_stmt 1 view .LVU144
 562:Drivers/STM32F0xx_HAL_Driver/Src/stm32f0xx_hal_flash_ex.c **** 
 600              		.loc 1 562 12 is_stmt 0 view .LVU145
 601 0018 1748     		ldr	r0, .L45
 602 001a FFF7FEFF 		bl	FLASH_WaitForLastOperation
 603              	.LVL50:
 564:Drivers/STM32F0xx_HAL_Driver/Src/stm32f0xx_hal_flash_ex.c ****   { 
 604              		.loc 1 564 3 is_stmt 1 view .LVU146
 564:Drivers/STM32F0xx_HAL_Driver/Src/stm32f0xx_hal_flash_ex.c ****   { 
 605              		.loc 1 564 5 is_stmt 0 view .LVU147
 606 001e 0028     		cmp	r0, #0
 607 0020 00D0     		beq	.L42
 608              	.LVL51:
 609              	.L37:
 621:Drivers/STM32F0xx_HAL_Driver/Src/stm32f0xx_hal_flash_ex.c **** }
 610              		.loc 1 621 3 is_stmt 1 view .LVU148
 622:Drivers/STM32F0xx_HAL_Driver/Src/stm32f0xx_hal_flash_ex.c **** 
 611              		.loc 1 622 1 is_stmt 0 view .LVU149
 612              		@ sp needed
 613              	.LVL52:
 614              	.LVL53:
ARM GAS  C:\msys64\tmp\ccLUNS8i.s 			page 30


 622:Drivers/STM32F0xx_HAL_Driver/Src/stm32f0xx_hal_flash_ex.c **** 
 615              		.loc 1 622 1 view .LVU150
 616 0022 70BD     		pop	{r4, r5, r6, pc}
 617              	.LVL54:
 618              	.L42:
 567:Drivers/STM32F0xx_HAL_Driver/Src/stm32f0xx_hal_flash_ex.c **** 
 619              		.loc 1 567 5 is_stmt 1 view .LVU151
 567:Drivers/STM32F0xx_HAL_Driver/Src/stm32f0xx_hal_flash_ex.c **** 
 620              		.loc 1 567 22 is_stmt 0 view .LVU152
 621 0024 154B     		ldr	r3, .L45+4
 622 0026 0022     		movs	r2, #0
 623 0028 DA61     		str	r2, [r3, #28]
 570:Drivers/STM32F0xx_HAL_Driver/Src/stm32f0xx_hal_flash_ex.c ****     if (status == HAL_OK)  
 624              		.loc 1 570 5 is_stmt 1 view .LVU153
 570:Drivers/STM32F0xx_HAL_Driver/Src/stm32f0xx_hal_flash_ex.c ****     if (status == HAL_OK)  
 625              		.loc 1 570 14 is_stmt 0 view .LVU154
 626 002a FFF7FEFF 		bl	HAL_FLASHEx_OBErase
 627              	.LVL55:
 571:Drivers/STM32F0xx_HAL_Driver/Src/stm32f0xx_hal_flash_ex.c ****     {
 628              		.loc 1 571 5 is_stmt 1 view .LVU155
 571:Drivers/STM32F0xx_HAL_Driver/Src/stm32f0xx_hal_flash_ex.c ****     {
 629              		.loc 1 571 8 is_stmt 0 view .LVU156
 630 002e 0028     		cmp	r0, #0
 631 0030 F7D1     		bne	.L37
 574:Drivers/STM32F0xx_HAL_Driver/Src/stm32f0xx_hal_flash_ex.c **** 
 632              		.loc 1 574 7 is_stmt 1 view .LVU157
 633 0032 134A     		ldr	r2, .L45+8
 634 0034 1369     		ldr	r3, [r2, #16]
 635 0036 1021     		movs	r1, #16
 636 0038 0B43     		orrs	r3, r1
 637 003a 1361     		str	r3, [r2, #16]
 577:Drivers/STM32F0xx_HAL_Driver/Src/stm32f0xx_hal_flash_ex.c ****       {
 638              		.loc 1 577 7 view .LVU158
 577:Drivers/STM32F0xx_HAL_Driver/Src/stm32f0xx_hal_flash_ex.c ****       {
 639              		.loc 1 577 9 is_stmt 0 view .LVU159
 640 003c 2100     		movs	r1, r4
 641 003e FF2C     		cmp	r4, #255
 642 0040 0AD1     		bne	.L43
 643              	.LVL56:
 644              	.L38:
 587:Drivers/STM32F0xx_HAL_Driver/Src/stm32f0xx_hal_flash_ex.c ****       {
 645              		.loc 1 587 7 is_stmt 1 view .LVU160
 587:Drivers/STM32F0xx_HAL_Driver/Src/stm32f0xx_hal_flash_ex.c ****       {
 646              		.loc 1 587 9 is_stmt 0 view .LVU161
 647 0042 0028     		cmp	r0, #0
 648 0044 02D1     		bne	.L40
 587:Drivers/STM32F0xx_HAL_Driver/Src/stm32f0xx_hal_flash_ex.c ****       {
 649              		.loc 1 587 29 discriminator 1 view .LVU162
 650 0046 2900     		movs	r1, r5
 651 0048 FF2D     		cmp	r5, #255
 652 004a 0DD1     		bne	.L44
 653              	.LVL57:
 654              	.L40:
 617:Drivers/STM32F0xx_HAL_Driver/Src/stm32f0xx_hal_flash_ex.c ****     }
 655              		.loc 1 617 7 is_stmt 1 view .LVU163
 656 004c 0C4A     		ldr	r2, .L45+8
 657 004e 1369     		ldr	r3, [r2, #16]
ARM GAS  C:\msys64\tmp\ccLUNS8i.s 			page 31


 658 0050 1021     		movs	r1, #16
 659 0052 8B43     		bics	r3, r1
 660 0054 1361     		str	r3, [r2, #16]
 661 0056 E4E7     		b	.L37
 662              	.L43:
 579:Drivers/STM32F0xx_HAL_Driver/Src/stm32f0xx_hal_flash_ex.c ****         
 663              		.loc 1 579 9 view .LVU164
 579:Drivers/STM32F0xx_HAL_Driver/Src/stm32f0xx_hal_flash_ex.c ****         
 664              		.loc 1 579 11 is_stmt 0 view .LVU165
 665 0058 0A4A     		ldr	r2, .L45+12
 666 005a 1389     		ldrh	r3, [r2, #8]
 579:Drivers/STM32F0xx_HAL_Driver/Src/stm32f0xx_hal_flash_ex.c ****         
 667              		.loc 1 579 18 view .LVU166
 668 005c 1940     		ands	r1, r3
 669 005e 1181     		strh	r1, [r2, #8]
 582:Drivers/STM32F0xx_HAL_Driver/Src/stm32f0xx_hal_flash_ex.c ****       }
 670              		.loc 1 582 9 is_stmt 1 view .LVU167
 582:Drivers/STM32F0xx_HAL_Driver/Src/stm32f0xx_hal_flash_ex.c ****       }
 671              		.loc 1 582 18 is_stmt 0 view .LVU168
 672 0060 0548     		ldr	r0, .L45
 673              	.LVL58:
 582:Drivers/STM32F0xx_HAL_Driver/Src/stm32f0xx_hal_flash_ex.c ****       }
 674              		.loc 1 582 18 view .LVU169
 675 0062 FFF7FEFF 		bl	FLASH_WaitForLastOperation
 676              	.LVL59:
 677 0066 ECE7     		b	.L38
 678              	.LVL60:
 679              	.L44:
 589:Drivers/STM32F0xx_HAL_Driver/Src/stm32f0xx_hal_flash_ex.c ****         
 680              		.loc 1 589 9 is_stmt 1 view .LVU170
 589:Drivers/STM32F0xx_HAL_Driver/Src/stm32f0xx_hal_flash_ex.c ****         
 681              		.loc 1 589 11 is_stmt 0 view .LVU171
 682 0068 064B     		ldr	r3, .L45+12
 683 006a 5A89     		ldrh	r2, [r3, #10]
 589:Drivers/STM32F0xx_HAL_Driver/Src/stm32f0xx_hal_flash_ex.c ****         
 684              		.loc 1 589 18 view .LVU172
 685 006c 1140     		ands	r1, r2
 686 006e 5981     		strh	r1, [r3, #10]
 592:Drivers/STM32F0xx_HAL_Driver/Src/stm32f0xx_hal_flash_ex.c ****       }
 687              		.loc 1 592 9 is_stmt 1 view .LVU173
 592:Drivers/STM32F0xx_HAL_Driver/Src/stm32f0xx_hal_flash_ex.c ****       }
 688              		.loc 1 592 18 is_stmt 0 view .LVU174
 689 0070 0148     		ldr	r0, .L45
 690              	.LVL61:
 592:Drivers/STM32F0xx_HAL_Driver/Src/stm32f0xx_hal_flash_ex.c ****       }
 691              		.loc 1 592 18 view .LVU175
 692 0072 FFF7FEFF 		bl	FLASH_WaitForLastOperation
 693              	.LVL62:
 694 0076 E9E7     		b	.L40
 695              	.L46:
 696              		.align	2
 697              	.L45:
 698 0078 50C30000 		.word	50000
 699 007c 00000000 		.word	pFlash
 700 0080 00200240 		.word	1073881088
 701 0084 00F8FF1F 		.word	536868864
 702              		.cfi_endproc
ARM GAS  C:\msys64\tmp\ccLUNS8i.s 			page 32


 703              	.LFE47:
 705              		.section	.text.FLASH_OB_DisableWRP,"ax",%progbits
 706              		.align	1
 707              		.syntax unified
 708              		.code	16
 709              		.thumb_func
 711              	FLASH_OB_DisableWRP:
 712              	.LVL63:
 713              	.LFB48:
 636:Drivers/STM32F0xx_HAL_Driver/Src/stm32f0xx_hal_flash_ex.c ****   HAL_StatusTypeDef status = HAL_OK;
 714              		.loc 1 636 1 is_stmt 1 view -0
 715              		.cfi_startproc
 716              		@ args = 0, pretend = 0, frame = 0
 717              		@ frame_needed = 0, uses_anonymous_args = 0
 636:Drivers/STM32F0xx_HAL_Driver/Src/stm32f0xx_hal_flash_ex.c ****   HAL_StatusTypeDef status = HAL_OK;
 718              		.loc 1 636 1 is_stmt 0 view .LVU177
 719 0000 70B5     		push	{r4, r5, r6, lr}
 720              	.LCFI5:
 721              		.cfi_def_cfa_offset 16
 722              		.cfi_offset 4, -16
 723              		.cfi_offset 5, -12
 724              		.cfi_offset 6, -8
 725              		.cfi_offset 14, -4
 726 0002 0400     		movs	r4, r0
 637:Drivers/STM32F0xx_HAL_Driver/Src/stm32f0xx_hal_flash_ex.c ****   uint16_t WRP0_Data = 0xFFFFU;
 727              		.loc 1 637 3 is_stmt 1 view .LVU178
 728              	.LVL64:
 638:Drivers/STM32F0xx_HAL_Driver/Src/stm32f0xx_hal_flash_ex.c **** #if defined(OB_WRP1_WRP1)
 729              		.loc 1 638 3 view .LVU179
 640:Drivers/STM32F0xx_HAL_Driver/Src/stm32f0xx_hal_flash_ex.c **** #endif /* OB_WRP1_WRP1 */
 730              		.loc 1 640 3 view .LVU180
 650:Drivers/STM32F0xx_HAL_Driver/Src/stm32f0xx_hal_flash_ex.c **** 
 731              		.loc 1 650 3 view .LVU181
 653:Drivers/STM32F0xx_HAL_Driver/Src/stm32f0xx_hal_flash_ex.c **** 
 732              		.loc 1 653 3 view .LVU182
 653:Drivers/STM32F0xx_HAL_Driver/Src/stm32f0xx_hal_flash_ex.c **** 
 733              		.loc 1 653 23 is_stmt 0 view .LVU183
 734 0004 FFF7FEFF 		bl	FLASH_OB_GetWRP
 735              	.LVL65:
 653:Drivers/STM32F0xx_HAL_Driver/Src/stm32f0xx_hal_flash_ex.c **** 
 736              		.loc 1 653 20 discriminator 1 view .LVU184
 737 0008 2043     		orrs	r0, r4
 738              	.LVL66:
 658:Drivers/STM32F0xx_HAL_Driver/Src/stm32f0xx_hal_flash_ex.c **** #endif /* OB_WRP_PAGES0TO31MASK */
 739              		.loc 1 658 3 is_stmt 1 view .LVU185
 658:Drivers/STM32F0xx_HAL_Driver/Src/stm32f0xx_hal_flash_ex.c **** #endif /* OB_WRP_PAGES0TO31MASK */
 740              		.loc 1 658 13 is_stmt 0 view .LVU186
 741 000a FF23     		movs	r3, #255
 742 000c 0200     		movs	r2, r0
 743 000e 1A40     		ands	r2, r3
 744 0010 1400     		movs	r4, r2
 745              	.LVL67:
 664:Drivers/STM32F0xx_HAL_Driver/Src/stm32f0xx_hal_flash_ex.c **** #endif /* OB_WRP_PAGES32TO63MASK */
 746              		.loc 1 664 3 is_stmt 1 view .LVU187
 664:Drivers/STM32F0xx_HAL_Driver/Src/stm32f0xx_hal_flash_ex.c **** #endif /* OB_WRP_PAGES32TO63MASK */
 747              		.loc 1 664 70 is_stmt 0 view .LVU188
 748 0012 000A     		lsrs	r0, r0, #8
ARM GAS  C:\msys64\tmp\ccLUNS8i.s 			page 33


 749              	.LVL68:
 664:Drivers/STM32F0xx_HAL_Driver/Src/stm32f0xx_hal_flash_ex.c **** #endif /* OB_WRP_PAGES32TO63MASK */
 750              		.loc 1 664 13 view .LVU189
 751 0014 1840     		ands	r0, r3
 752 0016 0500     		movs	r5, r0
 753              	.LVL69:
 679:Drivers/STM32F0xx_HAL_Driver/Src/stm32f0xx_hal_flash_ex.c **** 
 754              		.loc 1 679 3 is_stmt 1 view .LVU190
 679:Drivers/STM32F0xx_HAL_Driver/Src/stm32f0xx_hal_flash_ex.c **** 
 755              		.loc 1 679 12 is_stmt 0 view .LVU191
 756 0018 1748     		ldr	r0, .L56
 757 001a FFF7FEFF 		bl	FLASH_WaitForLastOperation
 758              	.LVL70:
 681:Drivers/STM32F0xx_HAL_Driver/Src/stm32f0xx_hal_flash_ex.c ****   { 
 759              		.loc 1 681 3 is_stmt 1 view .LVU192
 681:Drivers/STM32F0xx_HAL_Driver/Src/stm32f0xx_hal_flash_ex.c ****   { 
 760              		.loc 1 681 5 is_stmt 0 view .LVU193
 761 001e 0028     		cmp	r0, #0
 762 0020 00D0     		beq	.L53
 763              	.LVL71:
 764              	.L48:
 736:Drivers/STM32F0xx_HAL_Driver/Src/stm32f0xx_hal_flash_ex.c **** }
 765              		.loc 1 736 3 is_stmt 1 view .LVU194
 737:Drivers/STM32F0xx_HAL_Driver/Src/stm32f0xx_hal_flash_ex.c **** 
 766              		.loc 1 737 1 is_stmt 0 view .LVU195
 767              		@ sp needed
 768              	.LVL72:
 769              	.LVL73:
 737:Drivers/STM32F0xx_HAL_Driver/Src/stm32f0xx_hal_flash_ex.c **** 
 770              		.loc 1 737 1 view .LVU196
 771 0022 70BD     		pop	{r4, r5, r6, pc}
 772              	.LVL74:
 773              	.L53:
 684:Drivers/STM32F0xx_HAL_Driver/Src/stm32f0xx_hal_flash_ex.c **** 
 774              		.loc 1 684 5 is_stmt 1 view .LVU197
 684:Drivers/STM32F0xx_HAL_Driver/Src/stm32f0xx_hal_flash_ex.c **** 
 775              		.loc 1 684 22 is_stmt 0 view .LVU198
 776 0024 154B     		ldr	r3, .L56+4
 777 0026 0022     		movs	r2, #0
 778 0028 DA61     		str	r2, [r3, #28]
 687:Drivers/STM32F0xx_HAL_Driver/Src/stm32f0xx_hal_flash_ex.c ****     if (status == HAL_OK)  
 779              		.loc 1 687 5 is_stmt 1 view .LVU199
 687:Drivers/STM32F0xx_HAL_Driver/Src/stm32f0xx_hal_flash_ex.c ****     if (status == HAL_OK)  
 780              		.loc 1 687 14 is_stmt 0 view .LVU200
 781 002a FFF7FEFF 		bl	HAL_FLASHEx_OBErase
 782              	.LVL75:
 688:Drivers/STM32F0xx_HAL_Driver/Src/stm32f0xx_hal_flash_ex.c ****     {
 783              		.loc 1 688 5 is_stmt 1 view .LVU201
 688:Drivers/STM32F0xx_HAL_Driver/Src/stm32f0xx_hal_flash_ex.c ****     {
 784              		.loc 1 688 8 is_stmt 0 view .LVU202
 785 002e 0028     		cmp	r0, #0
 786 0030 F7D1     		bne	.L48
 690:Drivers/STM32F0xx_HAL_Driver/Src/stm32f0xx_hal_flash_ex.c **** 
 787              		.loc 1 690 7 is_stmt 1 view .LVU203
 788 0032 134A     		ldr	r2, .L56+8
 789 0034 1369     		ldr	r3, [r2, #16]
 790 0036 1021     		movs	r1, #16
ARM GAS  C:\msys64\tmp\ccLUNS8i.s 			page 34


 791 0038 0B43     		orrs	r3, r1
 792 003a 1361     		str	r3, [r2, #16]
 693:Drivers/STM32F0xx_HAL_Driver/Src/stm32f0xx_hal_flash_ex.c ****       {
 793              		.loc 1 693 7 view .LVU204
 693:Drivers/STM32F0xx_HAL_Driver/Src/stm32f0xx_hal_flash_ex.c ****       {
 794              		.loc 1 693 9 is_stmt 0 view .LVU205
 795 003c 2100     		movs	r1, r4
 796 003e FF2C     		cmp	r4, #255
 797 0040 0AD1     		bne	.L54
 798              	.LVL76:
 799              	.L49:
 703:Drivers/STM32F0xx_HAL_Driver/Src/stm32f0xx_hal_flash_ex.c ****       {
 800              		.loc 1 703 7 is_stmt 1 view .LVU206
 703:Drivers/STM32F0xx_HAL_Driver/Src/stm32f0xx_hal_flash_ex.c ****       {
 801              		.loc 1 703 9 is_stmt 0 view .LVU207
 802 0042 0028     		cmp	r0, #0
 803 0044 02D1     		bne	.L51
 703:Drivers/STM32F0xx_HAL_Driver/Src/stm32f0xx_hal_flash_ex.c ****       {
 804              		.loc 1 703 29 discriminator 1 view .LVU208
 805 0046 2900     		movs	r1, r5
 806 0048 FF2D     		cmp	r5, #255
 807 004a 0DD1     		bne	.L55
 808              	.LVL77:
 809              	.L51:
 733:Drivers/STM32F0xx_HAL_Driver/Src/stm32f0xx_hal_flash_ex.c ****     }
 810              		.loc 1 733 7 is_stmt 1 view .LVU209
 811 004c 0C4A     		ldr	r2, .L56+8
 812 004e 1369     		ldr	r3, [r2, #16]
 813 0050 1021     		movs	r1, #16
 814 0052 8B43     		bics	r3, r1
 815 0054 1361     		str	r3, [r2, #16]
 816 0056 E4E7     		b	.L48
 817              	.L54:
 695:Drivers/STM32F0xx_HAL_Driver/Src/stm32f0xx_hal_flash_ex.c ****         
 818              		.loc 1 695 9 view .LVU210
 695:Drivers/STM32F0xx_HAL_Driver/Src/stm32f0xx_hal_flash_ex.c ****         
 819              		.loc 1 695 11 is_stmt 0 view .LVU211
 820 0058 0A4A     		ldr	r2, .L56+12
 821 005a 1389     		ldrh	r3, [r2, #8]
 695:Drivers/STM32F0xx_HAL_Driver/Src/stm32f0xx_hal_flash_ex.c ****         
 822              		.loc 1 695 18 view .LVU212
 823 005c 1940     		ands	r1, r3
 824 005e 1181     		strh	r1, [r2, #8]
 698:Drivers/STM32F0xx_HAL_Driver/Src/stm32f0xx_hal_flash_ex.c ****       }
 825              		.loc 1 698 9 is_stmt 1 view .LVU213
 698:Drivers/STM32F0xx_HAL_Driver/Src/stm32f0xx_hal_flash_ex.c ****       }
 826              		.loc 1 698 18 is_stmt 0 view .LVU214
 827 0060 0548     		ldr	r0, .L56
 828              	.LVL78:
 698:Drivers/STM32F0xx_HAL_Driver/Src/stm32f0xx_hal_flash_ex.c ****       }
 829              		.loc 1 698 18 view .LVU215
 830 0062 FFF7FEFF 		bl	FLASH_WaitForLastOperation
 831              	.LVL79:
 832 0066 ECE7     		b	.L49
 833              	.LVL80:
 834              	.L55:
 705:Drivers/STM32F0xx_HAL_Driver/Src/stm32f0xx_hal_flash_ex.c ****         
ARM GAS  C:\msys64\tmp\ccLUNS8i.s 			page 35


 835              		.loc 1 705 9 is_stmt 1 view .LVU216
 705:Drivers/STM32F0xx_HAL_Driver/Src/stm32f0xx_hal_flash_ex.c ****         
 836              		.loc 1 705 11 is_stmt 0 view .LVU217
 837 0068 064B     		ldr	r3, .L56+12
 838 006a 5A89     		ldrh	r2, [r3, #10]
 705:Drivers/STM32F0xx_HAL_Driver/Src/stm32f0xx_hal_flash_ex.c ****         
 839              		.loc 1 705 18 view .LVU218
 840 006c 1140     		ands	r1, r2
 841 006e 5981     		strh	r1, [r3, #10]
 708:Drivers/STM32F0xx_HAL_Driver/Src/stm32f0xx_hal_flash_ex.c ****       }
 842              		.loc 1 708 9 is_stmt 1 view .LVU219
 708:Drivers/STM32F0xx_HAL_Driver/Src/stm32f0xx_hal_flash_ex.c ****       }
 843              		.loc 1 708 18 is_stmt 0 view .LVU220
 844 0070 0148     		ldr	r0, .L56
 845              	.LVL81:
 708:Drivers/STM32F0xx_HAL_Driver/Src/stm32f0xx_hal_flash_ex.c ****       }
 846              		.loc 1 708 18 view .LVU221
 847 0072 FFF7FEFF 		bl	FLASH_WaitForLastOperation
 848              	.LVL82:
 849 0076 E9E7     		b	.L51
 850              	.L57:
 851              		.align	2
 852              	.L56:
 853 0078 50C30000 		.word	50000
 854 007c 00000000 		.word	pFlash
 855 0080 00200240 		.word	1073881088
 856 0084 00F8FF1F 		.word	536868864
 857              		.cfi_endproc
 858              	.LFE48:
 860              		.section	.text.HAL_FLASHEx_OBProgram,"ax",%progbits
 861              		.align	1
 862              		.global	HAL_FLASHEx_OBProgram
 863              		.syntax unified
 864              		.code	16
 865              		.thumb_func
 867              	HAL_FLASHEx_OBProgram:
 868              	.LVL83:
 869              	.LFB43:
 361:Drivers/STM32F0xx_HAL_Driver/Src/stm32f0xx_hal_flash_ex.c ****   HAL_StatusTypeDef status = HAL_ERROR;
 870              		.loc 1 361 1 is_stmt 1 view -0
 871              		.cfi_startproc
 872              		@ args = 0, pretend = 0, frame = 0
 873              		@ frame_needed = 0, uses_anonymous_args = 0
 361:Drivers/STM32F0xx_HAL_Driver/Src/stm32f0xx_hal_flash_ex.c ****   HAL_StatusTypeDef status = HAL_ERROR;
 874              		.loc 1 361 1 is_stmt 0 view .LVU223
 875 0000 10B5     		push	{r4, lr}
 876              	.LCFI6:
 877              		.cfi_def_cfa_offset 8
 878              		.cfi_offset 4, -8
 879              		.cfi_offset 14, -4
 880 0002 0400     		movs	r4, r0
 362:Drivers/STM32F0xx_HAL_Driver/Src/stm32f0xx_hal_flash_ex.c **** 
 881              		.loc 1 362 3 is_stmt 1 view .LVU224
 882              	.LVL84:
 365:Drivers/STM32F0xx_HAL_Driver/Src/stm32f0xx_hal_flash_ex.c **** 
 883              		.loc 1 365 3 view .LVU225
 365:Drivers/STM32F0xx_HAL_Driver/Src/stm32f0xx_hal_flash_ex.c **** 
ARM GAS  C:\msys64\tmp\ccLUNS8i.s 			page 36


 884              		.loc 1 365 3 view .LVU226
 885 0004 224B     		ldr	r3, .L75
 886 0006 1B7E     		ldrb	r3, [r3, #24]
 887 0008 012B     		cmp	r3, #1
 888 000a 3FD0     		beq	.L66
 365:Drivers/STM32F0xx_HAL_Driver/Src/stm32f0xx_hal_flash_ex.c **** 
 889              		.loc 1 365 3 discriminator 2 view .LVU227
 890 000c 204B     		ldr	r3, .L75
 891 000e 0122     		movs	r2, #1
 892 0010 1A76     		strb	r2, [r3, #24]
 365:Drivers/STM32F0xx_HAL_Driver/Src/stm32f0xx_hal_flash_ex.c **** 
 893              		.loc 1 365 3 discriminator 2 view .LVU228
 368:Drivers/STM32F0xx_HAL_Driver/Src/stm32f0xx_hal_flash_ex.c **** 
 894              		.loc 1 368 3 view .LVU229
 371:Drivers/STM32F0xx_HAL_Driver/Src/stm32f0xx_hal_flash_ex.c ****   {
 895              		.loc 1 371 3 view .LVU230
 371:Drivers/STM32F0xx_HAL_Driver/Src/stm32f0xx_hal_flash_ex.c ****   {
 896              		.loc 1 371 14 is_stmt 0 view .LVU231
 897 0012 0368     		ldr	r3, [r0]
 371:Drivers/STM32F0xx_HAL_Driver/Src/stm32f0xx_hal_flash_ex.c ****   {
 898              		.loc 1 371 5 view .LVU232
 899 0014 1A42     		tst	r2, r3
 900 0016 0FD0     		beq	.L67
 373:Drivers/STM32F0xx_HAL_Driver/Src/stm32f0xx_hal_flash_ex.c ****     if (pOBInit->WRPState == OB_WRPSTATE_ENABLE)
 901              		.loc 1 373 5 is_stmt 1 view .LVU233
 374:Drivers/STM32F0xx_HAL_Driver/Src/stm32f0xx_hal_flash_ex.c ****     {
 902              		.loc 1 374 5 view .LVU234
 374:Drivers/STM32F0xx_HAL_Driver/Src/stm32f0xx_hal_flash_ex.c ****     {
 903              		.loc 1 374 16 is_stmt 0 view .LVU235
 904 0018 4368     		ldr	r3, [r0, #4]
 374:Drivers/STM32F0xx_HAL_Driver/Src/stm32f0xx_hal_flash_ex.c ****     {
 905              		.loc 1 374 8 view .LVU236
 906 001a 012B     		cmp	r3, #1
 907 001c 08D0     		beq	.L71
 382:Drivers/STM32F0xx_HAL_Driver/Src/stm32f0xx_hal_flash_ex.c ****     }
 908              		.loc 1 382 7 is_stmt 1 view .LVU237
 382:Drivers/STM32F0xx_HAL_Driver/Src/stm32f0xx_hal_flash_ex.c ****     }
 909              		.loc 1 382 16 is_stmt 0 view .LVU238
 910 001e 8068     		ldr	r0, [r0, #8]
 911              	.LVL85:
 382:Drivers/STM32F0xx_HAL_Driver/Src/stm32f0xx_hal_flash_ex.c ****     }
 912              		.loc 1 382 16 view .LVU239
 913 0020 FFF7FEFF 		bl	FLASH_OB_DisableWRP
 914              	.LVL86:
 915              	.L62:
 384:Drivers/STM32F0xx_HAL_Driver/Src/stm32f0xx_hal_flash_ex.c ****     {
 916              		.loc 1 384 5 is_stmt 1 view .LVU240
 384:Drivers/STM32F0xx_HAL_Driver/Src/stm32f0xx_hal_flash_ex.c ****     {
 917              		.loc 1 384 8 is_stmt 0 view .LVU241
 918 0024 0028     		cmp	r0, #0
 919 0026 08D0     		beq	.L60
 387:Drivers/STM32F0xx_HAL_Driver/Src/stm32f0xx_hal_flash_ex.c ****       return status;
 920              		.loc 1 387 7 is_stmt 1 view .LVU242
 387:Drivers/STM32F0xx_HAL_Driver/Src/stm32f0xx_hal_flash_ex.c ****       return status;
 921              		.loc 1 387 7 view .LVU243
 922 0028 194B     		ldr	r3, .L75
 923 002a 0022     		movs	r2, #0
ARM GAS  C:\msys64\tmp\ccLUNS8i.s 			page 37


 924 002c 1A76     		strb	r2, [r3, #24]
 387:Drivers/STM32F0xx_HAL_Driver/Src/stm32f0xx_hal_flash_ex.c ****       return status;
 925              		.loc 1 387 7 view .LVU244
 388:Drivers/STM32F0xx_HAL_Driver/Src/stm32f0xx_hal_flash_ex.c ****     }
 926              		.loc 1 388 7 view .LVU245
 388:Drivers/STM32F0xx_HAL_Driver/Src/stm32f0xx_hal_flash_ex.c ****     }
 927              		.loc 1 388 14 is_stmt 0 view .LVU246
 928 002e 10E0     		b	.L59
 929              	.LVL87:
 930              	.L71:
 377:Drivers/STM32F0xx_HAL_Driver/Src/stm32f0xx_hal_flash_ex.c ****     }
 931              		.loc 1 377 7 is_stmt 1 view .LVU247
 377:Drivers/STM32F0xx_HAL_Driver/Src/stm32f0xx_hal_flash_ex.c ****     }
 932              		.loc 1 377 16 is_stmt 0 view .LVU248
 933 0030 8068     		ldr	r0, [r0, #8]
 934              	.LVL88:
 377:Drivers/STM32F0xx_HAL_Driver/Src/stm32f0xx_hal_flash_ex.c ****     }
 935              		.loc 1 377 16 view .LVU249
 936 0032 FFF7FEFF 		bl	FLASH_OB_EnableWRP
 937              	.LVL89:
 377:Drivers/STM32F0xx_HAL_Driver/Src/stm32f0xx_hal_flash_ex.c ****     }
 938              		.loc 1 377 16 view .LVU250
 939 0036 F5E7     		b	.L62
 940              	.LVL90:
 941              	.L67:
 362:Drivers/STM32F0xx_HAL_Driver/Src/stm32f0xx_hal_flash_ex.c **** 
 942              		.loc 1 362 21 view .LVU251
 943 0038 0120     		movs	r0, #1
 944              	.LVL91:
 945              	.L60:
 393:Drivers/STM32F0xx_HAL_Driver/Src/stm32f0xx_hal_flash_ex.c ****   {
 946              		.loc 1 393 3 is_stmt 1 view .LVU252
 393:Drivers/STM32F0xx_HAL_Driver/Src/stm32f0xx_hal_flash_ex.c ****   {
 947              		.loc 1 393 14 is_stmt 0 view .LVU253
 948 003a 2368     		ldr	r3, [r4]
 393:Drivers/STM32F0xx_HAL_Driver/Src/stm32f0xx_hal_flash_ex.c ****   {
 949              		.loc 1 393 5 view .LVU254
 950 003c 9B07     		lsls	r3, r3, #30
 951 003e 09D4     		bmi	.L72
 952              	.LVL92:
 953              	.L63:
 405:Drivers/STM32F0xx_HAL_Driver/Src/stm32f0xx_hal_flash_ex.c ****   {
 954              		.loc 1 405 3 is_stmt 1 view .LVU255
 405:Drivers/STM32F0xx_HAL_Driver/Src/stm32f0xx_hal_flash_ex.c ****   {
 955              		.loc 1 405 14 is_stmt 0 view .LVU256
 956 0040 2368     		ldr	r3, [r4]
 405:Drivers/STM32F0xx_HAL_Driver/Src/stm32f0xx_hal_flash_ex.c ****   {
 957              		.loc 1 405 5 view .LVU257
 958 0042 5B07     		lsls	r3, r3, #29
 959 0044 0FD4     		bmi	.L73
 960              	.LVL93:
 961              	.L64:
 417:Drivers/STM32F0xx_HAL_Driver/Src/stm32f0xx_hal_flash_ex.c ****   {
 962              		.loc 1 417 3 is_stmt 1 view .LVU258
 417:Drivers/STM32F0xx_HAL_Driver/Src/stm32f0xx_hal_flash_ex.c ****   {
 963              		.loc 1 417 14 is_stmt 0 view .LVU259
 964 0046 2368     		ldr	r3, [r4]
ARM GAS  C:\msys64\tmp\ccLUNS8i.s 			page 38


 417:Drivers/STM32F0xx_HAL_Driver/Src/stm32f0xx_hal_flash_ex.c ****   {
 965              		.loc 1 417 5 view .LVU260
 966 0048 1B07     		lsls	r3, r3, #28
 967 004a 15D4     		bmi	.L74
 968              	.LVL94:
 969              	.L65:
 429:Drivers/STM32F0xx_HAL_Driver/Src/stm32f0xx_hal_flash_ex.c **** 
 970              		.loc 1 429 3 is_stmt 1 view .LVU261
 429:Drivers/STM32F0xx_HAL_Driver/Src/stm32f0xx_hal_flash_ex.c **** 
 971              		.loc 1 429 3 view .LVU262
 972 004c 104B     		ldr	r3, .L75
 973 004e 0022     		movs	r2, #0
 974 0050 1A76     		strb	r2, [r3, #24]
 429:Drivers/STM32F0xx_HAL_Driver/Src/stm32f0xx_hal_flash_ex.c **** 
 975              		.loc 1 429 3 view .LVU263
 431:Drivers/STM32F0xx_HAL_Driver/Src/stm32f0xx_hal_flash_ex.c **** }
 976              		.loc 1 431 3 view .LVU264
 977              	.LVL95:
 978              	.L59:
 432:Drivers/STM32F0xx_HAL_Driver/Src/stm32f0xx_hal_flash_ex.c **** 
 979              		.loc 1 432 1 is_stmt 0 view .LVU265
 980              		@ sp needed
 981              	.LVL96:
 432:Drivers/STM32F0xx_HAL_Driver/Src/stm32f0xx_hal_flash_ex.c **** 
 982              		.loc 1 432 1 view .LVU266
 983 0052 10BD     		pop	{r4, pc}
 984              	.LVL97:
 985              	.L72:
 395:Drivers/STM32F0xx_HAL_Driver/Src/stm32f0xx_hal_flash_ex.c ****     if (status != HAL_OK)
 986              		.loc 1 395 5 is_stmt 1 view .LVU267
 395:Drivers/STM32F0xx_HAL_Driver/Src/stm32f0xx_hal_flash_ex.c ****     if (status != HAL_OK)
 987              		.loc 1 395 14 is_stmt 0 view .LVU268
 988 0054 207B     		ldrb	r0, [r4, #12]
 989              	.LVL98:
 395:Drivers/STM32F0xx_HAL_Driver/Src/stm32f0xx_hal_flash_ex.c ****     if (status != HAL_OK)
 990              		.loc 1 395 14 view .LVU269
 991 0056 FFF7FEFF 		bl	FLASH_OB_RDP_LevelConfig
 992              	.LVL99:
 396:Drivers/STM32F0xx_HAL_Driver/Src/stm32f0xx_hal_flash_ex.c ****     {
 993              		.loc 1 396 5 is_stmt 1 view .LVU270
 396:Drivers/STM32F0xx_HAL_Driver/Src/stm32f0xx_hal_flash_ex.c ****     {
 994              		.loc 1 396 8 is_stmt 0 view .LVU271
 995 005a 0028     		cmp	r0, #0
 996 005c F0D0     		beq	.L63
 399:Drivers/STM32F0xx_HAL_Driver/Src/stm32f0xx_hal_flash_ex.c ****       return status;
 997              		.loc 1 399 7 is_stmt 1 view .LVU272
 399:Drivers/STM32F0xx_HAL_Driver/Src/stm32f0xx_hal_flash_ex.c ****       return status;
 998              		.loc 1 399 7 view .LVU273
 999 005e 0C4B     		ldr	r3, .L75
 1000 0060 0022     		movs	r2, #0
 1001 0062 1A76     		strb	r2, [r3, #24]
 399:Drivers/STM32F0xx_HAL_Driver/Src/stm32f0xx_hal_flash_ex.c ****       return status;
 1002              		.loc 1 399 7 view .LVU274
 400:Drivers/STM32F0xx_HAL_Driver/Src/stm32f0xx_hal_flash_ex.c ****     }
 1003              		.loc 1 400 7 view .LVU275
 400:Drivers/STM32F0xx_HAL_Driver/Src/stm32f0xx_hal_flash_ex.c ****     }
 1004              		.loc 1 400 14 is_stmt 0 view .LVU276
ARM GAS  C:\msys64\tmp\ccLUNS8i.s 			page 39


 1005 0064 F5E7     		b	.L59
 1006              	.L73:
 407:Drivers/STM32F0xx_HAL_Driver/Src/stm32f0xx_hal_flash_ex.c ****     if (status != HAL_OK)
 1007              		.loc 1 407 5 is_stmt 1 view .LVU277
 407:Drivers/STM32F0xx_HAL_Driver/Src/stm32f0xx_hal_flash_ex.c ****     if (status != HAL_OK)
 1008              		.loc 1 407 14 is_stmt 0 view .LVU278
 1009 0066 607B     		ldrb	r0, [r4, #13]
 1010              	.LVL100:
 407:Drivers/STM32F0xx_HAL_Driver/Src/stm32f0xx_hal_flash_ex.c ****     if (status != HAL_OK)
 1011              		.loc 1 407 14 view .LVU279
 1012 0068 FFF7FEFF 		bl	FLASH_OB_UserConfig
 1013              	.LVL101:
 408:Drivers/STM32F0xx_HAL_Driver/Src/stm32f0xx_hal_flash_ex.c ****     {
 1014              		.loc 1 408 5 is_stmt 1 view .LVU280
 408:Drivers/STM32F0xx_HAL_Driver/Src/stm32f0xx_hal_flash_ex.c ****     {
 1015              		.loc 1 408 8 is_stmt 0 view .LVU281
 1016 006c 0028     		cmp	r0, #0
 1017 006e EAD0     		beq	.L64
 411:Drivers/STM32F0xx_HAL_Driver/Src/stm32f0xx_hal_flash_ex.c ****       return status;
 1018              		.loc 1 411 7 is_stmt 1 view .LVU282
 411:Drivers/STM32F0xx_HAL_Driver/Src/stm32f0xx_hal_flash_ex.c ****       return status;
 1019              		.loc 1 411 7 view .LVU283
 1020 0070 074B     		ldr	r3, .L75
 1021 0072 0022     		movs	r2, #0
 1022 0074 1A76     		strb	r2, [r3, #24]
 411:Drivers/STM32F0xx_HAL_Driver/Src/stm32f0xx_hal_flash_ex.c ****       return status;
 1023              		.loc 1 411 7 view .LVU284
 412:Drivers/STM32F0xx_HAL_Driver/Src/stm32f0xx_hal_flash_ex.c ****     }
 1024              		.loc 1 412 7 view .LVU285
 412:Drivers/STM32F0xx_HAL_Driver/Src/stm32f0xx_hal_flash_ex.c ****     }
 1025              		.loc 1 412 14 is_stmt 0 view .LVU286
 1026 0076 ECE7     		b	.L59
 1027              	.L74:
 419:Drivers/STM32F0xx_HAL_Driver/Src/stm32f0xx_hal_flash_ex.c ****     if (status != HAL_OK)
 1028              		.loc 1 419 5 is_stmt 1 view .LVU287
 419:Drivers/STM32F0xx_HAL_Driver/Src/stm32f0xx_hal_flash_ex.c ****     if (status != HAL_OK)
 1029              		.loc 1 419 14 is_stmt 0 view .LVU288
 1030 0078 217D     		ldrb	r1, [r4, #20]
 1031 007a 2069     		ldr	r0, [r4, #16]
 1032              	.LVL102:
 419:Drivers/STM32F0xx_HAL_Driver/Src/stm32f0xx_hal_flash_ex.c ****     if (status != HAL_OK)
 1033              		.loc 1 419 14 view .LVU289
 1034 007c FFF7FEFF 		bl	FLASH_OB_ProgramData
 1035              	.LVL103:
 420:Drivers/STM32F0xx_HAL_Driver/Src/stm32f0xx_hal_flash_ex.c ****     {
 1036              		.loc 1 420 5 is_stmt 1 view .LVU290
 420:Drivers/STM32F0xx_HAL_Driver/Src/stm32f0xx_hal_flash_ex.c ****     {
 1037              		.loc 1 420 8 is_stmt 0 view .LVU291
 1038 0080 0028     		cmp	r0, #0
 1039 0082 E3D0     		beq	.L65
 423:Drivers/STM32F0xx_HAL_Driver/Src/stm32f0xx_hal_flash_ex.c ****       return status;
 1040              		.loc 1 423 7 is_stmt 1 view .LVU292
 423:Drivers/STM32F0xx_HAL_Driver/Src/stm32f0xx_hal_flash_ex.c ****       return status;
 1041              		.loc 1 423 7 view .LVU293
 1042 0084 024B     		ldr	r3, .L75
 1043 0086 0022     		movs	r2, #0
 1044 0088 1A76     		strb	r2, [r3, #24]
ARM GAS  C:\msys64\tmp\ccLUNS8i.s 			page 40


 423:Drivers/STM32F0xx_HAL_Driver/Src/stm32f0xx_hal_flash_ex.c ****       return status;
 1045              		.loc 1 423 7 view .LVU294
 424:Drivers/STM32F0xx_HAL_Driver/Src/stm32f0xx_hal_flash_ex.c ****     }
 1046              		.loc 1 424 7 view .LVU295
 424:Drivers/STM32F0xx_HAL_Driver/Src/stm32f0xx_hal_flash_ex.c ****     }
 1047              		.loc 1 424 14 is_stmt 0 view .LVU296
 1048 008a E2E7     		b	.L59
 1049              	.LVL104:
 1050              	.L66:
 365:Drivers/STM32F0xx_HAL_Driver/Src/stm32f0xx_hal_flash_ex.c **** 
 1051              		.loc 1 365 3 discriminator 1 view .LVU297
 1052 008c 0220     		movs	r0, #2
 1053              	.LVL105:
 365:Drivers/STM32F0xx_HAL_Driver/Src/stm32f0xx_hal_flash_ex.c **** 
 1054              		.loc 1 365 3 discriminator 1 view .LVU298
 1055 008e E0E7     		b	.L59
 1056              	.L76:
 1057              		.align	2
 1058              	.L75:
 1059 0090 00000000 		.word	pFlash
 1060              		.cfi_endproc
 1061              	.LFE43:
 1063              		.section	.text.HAL_FLASHEx_OBGetConfig,"ax",%progbits
 1064              		.align	1
 1065              		.global	HAL_FLASHEx_OBGetConfig
 1066              		.syntax unified
 1067              		.code	16
 1068              		.thumb_func
 1070              	HAL_FLASHEx_OBGetConfig:
 1071              	.LVL106:
 1072              	.LFB44:
 442:Drivers/STM32F0xx_HAL_Driver/Src/stm32f0xx_hal_flash_ex.c ****   pOBInit->OptionType = OPTIONBYTE_WRP | OPTIONBYTE_RDP | OPTIONBYTE_USER;
 1073              		.loc 1 442 1 is_stmt 1 view -0
 1074              		.cfi_startproc
 1075              		@ args = 0, pretend = 0, frame = 0
 1076              		@ frame_needed = 0, uses_anonymous_args = 0
 442:Drivers/STM32F0xx_HAL_Driver/Src/stm32f0xx_hal_flash_ex.c ****   pOBInit->OptionType = OPTIONBYTE_WRP | OPTIONBYTE_RDP | OPTIONBYTE_USER;
 1077              		.loc 1 442 1 is_stmt 0 view .LVU300
 1078 0000 10B5     		push	{r4, lr}
 1079              	.LCFI7:
 1080              		.cfi_def_cfa_offset 8
 1081              		.cfi_offset 4, -8
 1082              		.cfi_offset 14, -4
 1083 0002 0400     		movs	r4, r0
 443:Drivers/STM32F0xx_HAL_Driver/Src/stm32f0xx_hal_flash_ex.c **** 
 1084              		.loc 1 443 3 is_stmt 1 view .LVU301
 443:Drivers/STM32F0xx_HAL_Driver/Src/stm32f0xx_hal_flash_ex.c **** 
 1085              		.loc 1 443 23 is_stmt 0 view .LVU302
 1086 0004 0723     		movs	r3, #7
 1087 0006 0360     		str	r3, [r0]
 446:Drivers/STM32F0xx_HAL_Driver/Src/stm32f0xx_hal_flash_ex.c **** 
 1088              		.loc 1 446 3 is_stmt 1 view .LVU303
 446:Drivers/STM32F0xx_HAL_Driver/Src/stm32f0xx_hal_flash_ex.c **** 
 1089              		.loc 1 446 22 is_stmt 0 view .LVU304
 1090 0008 FFF7FEFF 		bl	FLASH_OB_GetWRP
 1091              	.LVL107:
 446:Drivers/STM32F0xx_HAL_Driver/Src/stm32f0xx_hal_flash_ex.c **** 
ARM GAS  C:\msys64\tmp\ccLUNS8i.s 			page 41


 1092              		.loc 1 446 20 discriminator 1 view .LVU305
 1093 000c A060     		str	r0, [r4, #8]
 449:Drivers/STM32F0xx_HAL_Driver/Src/stm32f0xx_hal_flash_ex.c **** 
 1094              		.loc 1 449 3 is_stmt 1 view .LVU306
 449:Drivers/STM32F0xx_HAL_Driver/Src/stm32f0xx_hal_flash_ex.c **** 
 1095              		.loc 1 449 23 is_stmt 0 view .LVU307
 1096 000e FFF7FEFF 		bl	FLASH_OB_GetRDP
 1097              	.LVL108:
 449:Drivers/STM32F0xx_HAL_Driver/Src/stm32f0xx_hal_flash_ex.c **** 
 1098              		.loc 1 449 21 discriminator 1 view .LVU308
 1099 0012 2073     		strb	r0, [r4, #12]
 452:Drivers/STM32F0xx_HAL_Driver/Src/stm32f0xx_hal_flash_ex.c **** }
 1100              		.loc 1 452 3 is_stmt 1 view .LVU309
 452:Drivers/STM32F0xx_HAL_Driver/Src/stm32f0xx_hal_flash_ex.c **** }
 1101              		.loc 1 452 25 is_stmt 0 view .LVU310
 1102 0014 FFF7FEFF 		bl	FLASH_OB_GetUser
 1103              	.LVL109:
 452:Drivers/STM32F0xx_HAL_Driver/Src/stm32f0xx_hal_flash_ex.c **** }
 1104              		.loc 1 452 23 discriminator 1 view .LVU311
 1105 0018 6073     		strb	r0, [r4, #13]
 453:Drivers/STM32F0xx_HAL_Driver/Src/stm32f0xx_hal_flash_ex.c **** 
 1106              		.loc 1 453 1 view .LVU312
 1107              		@ sp needed
 1108              	.LVL110:
 453:Drivers/STM32F0xx_HAL_Driver/Src/stm32f0xx_hal_flash_ex.c **** 
 1109              		.loc 1 453 1 view .LVU313
 1110 001a 10BD     		pop	{r4, pc}
 1111              		.cfi_endproc
 1112              	.LFE44:
 1114              		.section	.text.HAL_FLASHEx_OBGetUserData,"ax",%progbits
 1115              		.align	1
 1116              		.global	HAL_FLASHEx_OBGetUserData
 1117              		.syntax unified
 1118              		.code	16
 1119              		.thumb_func
 1121              	HAL_FLASHEx_OBGetUserData:
 1122              	.LVL111:
 1123              	.LFB45:
 464:Drivers/STM32F0xx_HAL_Driver/Src/stm32f0xx_hal_flash_ex.c ****   uint32_t value = 0U;
 1124              		.loc 1 464 1 is_stmt 1 view -0
 1125              		.cfi_startproc
 1126              		@ args = 0, pretend = 0, frame = 0
 1127              		@ frame_needed = 0, uses_anonymous_args = 0
 1128              		@ link register save eliminated.
 465:Drivers/STM32F0xx_HAL_Driver/Src/stm32f0xx_hal_flash_ex.c ****   
 1129              		.loc 1 465 3 view .LVU315
 467:Drivers/STM32F0xx_HAL_Driver/Src/stm32f0xx_hal_flash_ex.c ****   {
 1130              		.loc 1 467 3 view .LVU316
 467:Drivers/STM32F0xx_HAL_Driver/Src/stm32f0xx_hal_flash_ex.c ****   {
 1131              		.loc 1 467 6 is_stmt 0 view .LVU317
 1132 0000 064B     		ldr	r3, .L82
 1133 0002 9842     		cmp	r0, r3
 1134 0004 03D0     		beq	.L81
 475:Drivers/STM32F0xx_HAL_Driver/Src/stm32f0xx_hal_flash_ex.c ****   }
 1135              		.loc 1 475 5 is_stmt 1 view .LVU318
 475:Drivers/STM32F0xx_HAL_Driver/Src/stm32f0xx_hal_flash_ex.c ****   }
 1136              		.loc 1 475 13 is_stmt 0 view .LVU319
ARM GAS  C:\msys64\tmp\ccLUNS8i.s 			page 42


 1137 0006 064B     		ldr	r3, .L82+4
 1138 0008 D869     		ldr	r0, [r3, #28]
 1139              	.LVL112:
 475:Drivers/STM32F0xx_HAL_Driver/Src/stm32f0xx_hal_flash_ex.c ****   }
 1140              		.loc 1 475 51 view .LVU320
 1141 000a 000E     		lsrs	r0, r0, #24
 1142              	.LVL113:
 478:Drivers/STM32F0xx_HAL_Driver/Src/stm32f0xx_hal_flash_ex.c **** }
 1143              		.loc 1 478 3 is_stmt 1 view .LVU321
 1144              	.L78:
 479:Drivers/STM32F0xx_HAL_Driver/Src/stm32f0xx_hal_flash_ex.c **** 
 1145              		.loc 1 479 1 is_stmt 0 view .LVU322
 1146              		@ sp needed
 1147 000c 7047     		bx	lr
 1148              	.LVL114:
 1149              	.L81:
 470:Drivers/STM32F0xx_HAL_Driver/Src/stm32f0xx_hal_flash_ex.c ****   }
 1150              		.loc 1 470 5 is_stmt 1 view .LVU323
 470:Drivers/STM32F0xx_HAL_Driver/Src/stm32f0xx_hal_flash_ex.c ****   }
 1151              		.loc 1 470 13 is_stmt 0 view .LVU324
 1152 000e 044B     		ldr	r3, .L82+4
 1153 0010 DB69     		ldr	r3, [r3, #28]
 470:Drivers/STM32F0xx_HAL_Driver/Src/stm32f0xx_hal_flash_ex.c ****   }
 1154              		.loc 1 470 51 view .LVU325
 1155 0012 1B0C     		lsrs	r3, r3, #16
 470:Drivers/STM32F0xx_HAL_Driver/Src/stm32f0xx_hal_flash_ex.c ****   }
 1156              		.loc 1 470 11 view .LVU326
 1157 0014 FF20     		movs	r0, #255
 1158              	.LVL115:
 470:Drivers/STM32F0xx_HAL_Driver/Src/stm32f0xx_hal_flash_ex.c ****   }
 1159              		.loc 1 470 11 view .LVU327
 1160 0016 1840     		ands	r0, r3
 1161              	.LVL116:
 470:Drivers/STM32F0xx_HAL_Driver/Src/stm32f0xx_hal_flash_ex.c ****   }
 1162              		.loc 1 470 11 view .LVU328
 1163 0018 F8E7     		b	.L78
 1164              	.L83:
 1165 001a C046     		.align	2
 1166              	.L82:
 1167 001c 04F8FF1F 		.word	536868868
 1168 0020 00200240 		.word	1073881088
 1169              		.cfi_endproc
 1170              	.LFE45:
 1172              		.section	.text.FLASH_PageErase,"ax",%progbits
 1173              		.align	1
 1174              		.global	FLASH_PageErase
 1175              		.syntax unified
 1176              		.code	16
 1177              		.thumb_func
 1179              	FLASH_PageErase:
 1180              	.LVL117:
 1181              	.LFB55:
 934:Drivers/STM32F0xx_HAL_Driver/Src/stm32f0xx_hal_flash_ex.c **** 
 935:Drivers/STM32F0xx_HAL_Driver/Src/stm32f0xx_hal_flash_ex.c **** /**
 936:Drivers/STM32F0xx_HAL_Driver/Src/stm32f0xx_hal_flash_ex.c ****   * @}
 937:Drivers/STM32F0xx_HAL_Driver/Src/stm32f0xx_hal_flash_ex.c ****   */
 938:Drivers/STM32F0xx_HAL_Driver/Src/stm32f0xx_hal_flash_ex.c **** 
ARM GAS  C:\msys64\tmp\ccLUNS8i.s 			page 43


 939:Drivers/STM32F0xx_HAL_Driver/Src/stm32f0xx_hal_flash_ex.c **** /**
 940:Drivers/STM32F0xx_HAL_Driver/Src/stm32f0xx_hal_flash_ex.c ****   * @}
 941:Drivers/STM32F0xx_HAL_Driver/Src/stm32f0xx_hal_flash_ex.c ****   */
 942:Drivers/STM32F0xx_HAL_Driver/Src/stm32f0xx_hal_flash_ex.c **** 
 943:Drivers/STM32F0xx_HAL_Driver/Src/stm32f0xx_hal_flash_ex.c **** /** @addtogroup FLASH
 944:Drivers/STM32F0xx_HAL_Driver/Src/stm32f0xx_hal_flash_ex.c ****   * @{
 945:Drivers/STM32F0xx_HAL_Driver/Src/stm32f0xx_hal_flash_ex.c ****   */
 946:Drivers/STM32F0xx_HAL_Driver/Src/stm32f0xx_hal_flash_ex.c **** 
 947:Drivers/STM32F0xx_HAL_Driver/Src/stm32f0xx_hal_flash_ex.c **** /** @addtogroup FLASH_Private_Functions
 948:Drivers/STM32F0xx_HAL_Driver/Src/stm32f0xx_hal_flash_ex.c ****  * @{
 949:Drivers/STM32F0xx_HAL_Driver/Src/stm32f0xx_hal_flash_ex.c ****  */
 950:Drivers/STM32F0xx_HAL_Driver/Src/stm32f0xx_hal_flash_ex.c **** 
 951:Drivers/STM32F0xx_HAL_Driver/Src/stm32f0xx_hal_flash_ex.c **** /**
 952:Drivers/STM32F0xx_HAL_Driver/Src/stm32f0xx_hal_flash_ex.c ****   * @brief  Erase the specified FLASH memory page
 953:Drivers/STM32F0xx_HAL_Driver/Src/stm32f0xx_hal_flash_ex.c ****   * @param  PageAddress FLASH page to erase
 954:Drivers/STM32F0xx_HAL_Driver/Src/stm32f0xx_hal_flash_ex.c ****   *         The value of this parameter depend on device used within the same series      
 955:Drivers/STM32F0xx_HAL_Driver/Src/stm32f0xx_hal_flash_ex.c ****   * 
 956:Drivers/STM32F0xx_HAL_Driver/Src/stm32f0xx_hal_flash_ex.c ****   * @retval None
 957:Drivers/STM32F0xx_HAL_Driver/Src/stm32f0xx_hal_flash_ex.c ****   */
 958:Drivers/STM32F0xx_HAL_Driver/Src/stm32f0xx_hal_flash_ex.c **** void FLASH_PageErase(uint32_t PageAddress)
 959:Drivers/STM32F0xx_HAL_Driver/Src/stm32f0xx_hal_flash_ex.c **** {
 1182              		.loc 1 959 1 is_stmt 1 view -0
 1183              		.cfi_startproc
 1184              		@ args = 0, pretend = 0, frame = 0
 1185              		@ frame_needed = 0, uses_anonymous_args = 0
 1186              		@ link register save eliminated.
 960:Drivers/STM32F0xx_HAL_Driver/Src/stm32f0xx_hal_flash_ex.c ****   /* Clean the error context */
 961:Drivers/STM32F0xx_HAL_Driver/Src/stm32f0xx_hal_flash_ex.c ****   pFlash.ErrorCode = HAL_FLASH_ERROR_NONE;
 1187              		.loc 1 961 3 view .LVU330
 1188              		.loc 1 961 20 is_stmt 0 view .LVU331
 1189 0000 064B     		ldr	r3, .L85
 1190 0002 0022     		movs	r2, #0
 1191 0004 DA61     		str	r2, [r3, #28]
 962:Drivers/STM32F0xx_HAL_Driver/Src/stm32f0xx_hal_flash_ex.c **** 
 963:Drivers/STM32F0xx_HAL_Driver/Src/stm32f0xx_hal_flash_ex.c ****     /* Proceed to erase the page */
 964:Drivers/STM32F0xx_HAL_Driver/Src/stm32f0xx_hal_flash_ex.c ****     SET_BIT(FLASH->CR, FLASH_CR_PER);
 1192              		.loc 1 964 5 is_stmt 1 view .LVU332
 1193 0006 064B     		ldr	r3, .L85+4
 1194 0008 1A69     		ldr	r2, [r3, #16]
 1195 000a 0221     		movs	r1, #2
 1196 000c 0A43     		orrs	r2, r1
 1197 000e 1A61     		str	r2, [r3, #16]
 965:Drivers/STM32F0xx_HAL_Driver/Src/stm32f0xx_hal_flash_ex.c ****     WRITE_REG(FLASH->AR, PageAddress);
 1198              		.loc 1 965 5 view .LVU333
 1199 0010 5861     		str	r0, [r3, #20]
 966:Drivers/STM32F0xx_HAL_Driver/Src/stm32f0xx_hal_flash_ex.c ****     SET_BIT(FLASH->CR, FLASH_CR_STRT);
 1200              		.loc 1 966 5 view .LVU334
 1201 0012 1A69     		ldr	r2, [r3, #16]
 1202 0014 3E31     		adds	r1, r1, #62
 1203 0016 0A43     		orrs	r2, r1
 1204 0018 1A61     		str	r2, [r3, #16]
 967:Drivers/STM32F0xx_HAL_Driver/Src/stm32f0xx_hal_flash_ex.c **** }
 1205              		.loc 1 967 1 is_stmt 0 view .LVU335
 1206              		@ sp needed
 1207 001a 7047     		bx	lr
 1208              	.L86:
 1209              		.align	2
ARM GAS  C:\msys64\tmp\ccLUNS8i.s 			page 44


 1210              	.L85:
 1211 001c 00000000 		.word	pFlash
 1212 0020 00200240 		.word	1073881088
 1213              		.cfi_endproc
 1214              	.LFE55:
 1216              		.section	.text.HAL_FLASHEx_Erase,"ax",%progbits
 1217              		.align	1
 1218              		.global	HAL_FLASHEx_Erase
 1219              		.syntax unified
 1220              		.code	16
 1221              		.thumb_func
 1223              	HAL_FLASHEx_Erase:
 1224              	.LVL118:
 1225              	.LFB40:
 158:Drivers/STM32F0xx_HAL_Driver/Src/stm32f0xx_hal_flash_ex.c ****   HAL_StatusTypeDef status = HAL_ERROR;
 1226              		.loc 1 158 1 is_stmt 1 view -0
 1227              		.cfi_startproc
 1228              		@ args = 0, pretend = 0, frame = 0
 1229              		@ frame_needed = 0, uses_anonymous_args = 0
 158:Drivers/STM32F0xx_HAL_Driver/Src/stm32f0xx_hal_flash_ex.c ****   HAL_StatusTypeDef status = HAL_ERROR;
 1230              		.loc 1 158 1 is_stmt 0 view .LVU337
 1231 0000 70B5     		push	{r4, r5, r6, lr}
 1232              	.LCFI8:
 1233              		.cfi_def_cfa_offset 16
 1234              		.cfi_offset 4, -16
 1235              		.cfi_offset 5, -12
 1236              		.cfi_offset 6, -8
 1237              		.cfi_offset 14, -4
 1238 0002 0500     		movs	r5, r0
 1239 0004 0E00     		movs	r6, r1
 159:Drivers/STM32F0xx_HAL_Driver/Src/stm32f0xx_hal_flash_ex.c ****   uint32_t address = 0U;
 1240              		.loc 1 159 3 is_stmt 1 view .LVU338
 1241              	.LVL119:
 160:Drivers/STM32F0xx_HAL_Driver/Src/stm32f0xx_hal_flash_ex.c **** 
 1242              		.loc 1 160 3 view .LVU339
 163:Drivers/STM32F0xx_HAL_Driver/Src/stm32f0xx_hal_flash_ex.c **** 
 1243              		.loc 1 163 3 view .LVU340
 163:Drivers/STM32F0xx_HAL_Driver/Src/stm32f0xx_hal_flash_ex.c **** 
 1244              		.loc 1 163 3 view .LVU341
 1245 0006 224B     		ldr	r3, .L99
 1246 0008 1B7E     		ldrb	r3, [r3, #24]
 1247 000a 012B     		cmp	r3, #1
 1248 000c 3ED0     		beq	.L96
 163:Drivers/STM32F0xx_HAL_Driver/Src/stm32f0xx_hal_flash_ex.c **** 
 1249              		.loc 1 163 3 discriminator 2 view .LVU342
 1250 000e 204B     		ldr	r3, .L99
 1251 0010 0122     		movs	r2, #1
 1252 0012 1A76     		strb	r2, [r3, #24]
 163:Drivers/STM32F0xx_HAL_Driver/Src/stm32f0xx_hal_flash_ex.c **** 
 1253              		.loc 1 163 3 discriminator 2 view .LVU343
 166:Drivers/STM32F0xx_HAL_Driver/Src/stm32f0xx_hal_flash_ex.c **** 
 1254              		.loc 1 166 3 view .LVU344
 168:Drivers/STM32F0xx_HAL_Driver/Src/stm32f0xx_hal_flash_ex.c ****   {
 1255              		.loc 1 168 3 view .LVU345
 168:Drivers/STM32F0xx_HAL_Driver/Src/stm32f0xx_hal_flash_ex.c ****   {
 1256              		.loc 1 168 17 is_stmt 0 view .LVU346
 1257 0014 0368     		ldr	r3, [r0]
ARM GAS  C:\msys64\tmp\ccLUNS8i.s 			page 45


 168:Drivers/STM32F0xx_HAL_Driver/Src/stm32f0xx_hal_flash_ex.c ****   {
 1258              		.loc 1 168 6 view .LVU347
 1259 0016 012B     		cmp	r3, #1
 1260 0018 09D0     		beq	.L97
 188:Drivers/STM32F0xx_HAL_Driver/Src/stm32f0xx_hal_flash_ex.c ****     assert_param(IS_FLASH_NB_PAGES(pEraseInit->PageAddress, pEraseInit->NbPages));
 1261              		.loc 1 188 5 is_stmt 1 view .LVU348
 189:Drivers/STM32F0xx_HAL_Driver/Src/stm32f0xx_hal_flash_ex.c ****     
 1262              		.loc 1 189 5 view .LVU349
 193:Drivers/STM32F0xx_HAL_Driver/Src/stm32f0xx_hal_flash_ex.c ****       {
 1263              		.loc 1 193 7 view .LVU350
 193:Drivers/STM32F0xx_HAL_Driver/Src/stm32f0xx_hal_flash_ex.c ****       {
 1264              		.loc 1 193 11 is_stmt 0 view .LVU351
 1265 001a 1E48     		ldr	r0, .L99+4
 1266              	.LVL120:
 193:Drivers/STM32F0xx_HAL_Driver/Src/stm32f0xx_hal_flash_ex.c ****       {
 1267              		.loc 1 193 11 view .LVU352
 1268 001c FFF7FEFF 		bl	FLASH_WaitForLastOperation
 1269              	.LVL121:
 193:Drivers/STM32F0xx_HAL_Driver/Src/stm32f0xx_hal_flash_ex.c ****       {
 1270              		.loc 1 193 10 discriminator 1 view .LVU353
 1271 0020 0028     		cmp	r0, #0
 1272 0022 14D0     		beq	.L92
 1273              	.L90:
 159:Drivers/STM32F0xx_HAL_Driver/Src/stm32f0xx_hal_flash_ex.c ****   uint32_t address = 0U;
 1274              		.loc 1 159 21 view .LVU354
 1275 0024 0120     		movs	r0, #1
 1276              	.LVL122:
 1277              	.L91:
 222:Drivers/STM32F0xx_HAL_Driver/Src/stm32f0xx_hal_flash_ex.c **** 
 1278              		.loc 1 222 3 is_stmt 1 view .LVU355
 222:Drivers/STM32F0xx_HAL_Driver/Src/stm32f0xx_hal_flash_ex.c **** 
 1279              		.loc 1 222 3 view .LVU356
 1280 0026 1A4B     		ldr	r3, .L99
 1281 0028 0022     		movs	r2, #0
 1282 002a 1A76     		strb	r2, [r3, #24]
 222:Drivers/STM32F0xx_HAL_Driver/Src/stm32f0xx_hal_flash_ex.c **** 
 1283              		.loc 1 222 3 view .LVU357
 224:Drivers/STM32F0xx_HAL_Driver/Src/stm32f0xx_hal_flash_ex.c **** }
 1284              		.loc 1 224 3 view .LVU358
 1285              	.LVL123:
 1286              	.L88:
 225:Drivers/STM32F0xx_HAL_Driver/Src/stm32f0xx_hal_flash_ex.c **** 
 1287              		.loc 1 225 1 is_stmt 0 view .LVU359
 1288              		@ sp needed
 1289              	.LVL124:
 1290              	.LVL125:
 225:Drivers/STM32F0xx_HAL_Driver/Src/stm32f0xx_hal_flash_ex.c **** 
 1291              		.loc 1 225 1 view .LVU360
 1292 002c 70BD     		pop	{r4, r5, r6, pc}
 1293              	.LVL126:
 1294              	.L97:
 172:Drivers/STM32F0xx_HAL_Driver/Src/stm32f0xx_hal_flash_ex.c ****       {
 1295              		.loc 1 172 7 is_stmt 1 view .LVU361
 172:Drivers/STM32F0xx_HAL_Driver/Src/stm32f0xx_hal_flash_ex.c ****       {
 1296              		.loc 1 172 11 is_stmt 0 view .LVU362
 1297 002e 1948     		ldr	r0, .L99+4
 1298              	.LVL127:
ARM GAS  C:\msys64\tmp\ccLUNS8i.s 			page 46


 172:Drivers/STM32F0xx_HAL_Driver/Src/stm32f0xx_hal_flash_ex.c ****       {
 1299              		.loc 1 172 11 view .LVU363
 1300 0030 FFF7FEFF 		bl	FLASH_WaitForLastOperation
 1301              	.LVL128:
 172:Drivers/STM32F0xx_HAL_Driver/Src/stm32f0xx_hal_flash_ex.c ****       {
 1302              		.loc 1 172 10 discriminator 1 view .LVU364
 1303 0034 0028     		cmp	r0, #0
 1304 0036 F5D1     		bne	.L90
 175:Drivers/STM32F0xx_HAL_Driver/Src/stm32f0xx_hal_flash_ex.c ****         
 1305              		.loc 1 175 9 is_stmt 1 view .LVU365
 1306 0038 FFF7FEFF 		bl	FLASH_MassErase
 1307              	.LVL129:
 178:Drivers/STM32F0xx_HAL_Driver/Src/stm32f0xx_hal_flash_ex.c ****         
 1308              		.loc 1 178 9 view .LVU366
 178:Drivers/STM32F0xx_HAL_Driver/Src/stm32f0xx_hal_flash_ex.c ****         
 1309              		.loc 1 178 18 is_stmt 0 view .LVU367
 1310 003c 1548     		ldr	r0, .L99+4
 1311 003e FFF7FEFF 		bl	FLASH_WaitForLastOperation
 1312              	.LVL130:
 181:Drivers/STM32F0xx_HAL_Driver/Src/stm32f0xx_hal_flash_ex.c ****       }
 1313              		.loc 1 181 9 is_stmt 1 view .LVU368
 1314 0042 154A     		ldr	r2, .L99+8
 1315 0044 1369     		ldr	r3, [r2, #16]
 1316 0046 0421     		movs	r1, #4
 1317 0048 8B43     		bics	r3, r1
 1318 004a 1361     		str	r3, [r2, #16]
 1319 004c EBE7     		b	.L91
 1320              	.LVL131:
 1321              	.L92:
 196:Drivers/STM32F0xx_HAL_Driver/Src/stm32f0xx_hal_flash_ex.c ****         
 1322              		.loc 1 196 9 view .LVU369
 196:Drivers/STM32F0xx_HAL_Driver/Src/stm32f0xx_hal_flash_ex.c ****         
 1323              		.loc 1 196 20 is_stmt 0 view .LVU370
 1324 004e 0123     		movs	r3, #1
 1325 0050 5B42     		rsbs	r3, r3, #0
 1326 0052 3360     		str	r3, [r6]
 199:Drivers/STM32F0xx_HAL_Driver/Src/stm32f0xx_hal_flash_ex.c ****             address < ((pEraseInit->NbPages * FLASH_PAGE_SIZE) + pEraseInit->PageAddress);
 1327              		.loc 1 199 9 is_stmt 1 view .LVU371
 199:Drivers/STM32F0xx_HAL_Driver/Src/stm32f0xx_hal_flash_ex.c ****             address < ((pEraseInit->NbPages * FLASH_PAGE_SIZE) + pEraseInit->PageAddress);
 1328              		.loc 1 199 21 is_stmt 0 view .LVU372
 1329 0054 6C68     		ldr	r4, [r5, #4]
 1330              	.LVL132:
 159:Drivers/STM32F0xx_HAL_Driver/Src/stm32f0xx_hal_flash_ex.c ****   uint32_t address = 0U;
 1331              		.loc 1 159 21 view .LVU373
 1332 0056 0120     		movs	r0, #1
 1333              	.LVL133:
 1334              	.L93:
 200:Drivers/STM32F0xx_HAL_Driver/Src/stm32f0xx_hal_flash_ex.c ****             address += FLASH_PAGE_SIZE)
 1335              		.loc 1 200 21 is_stmt 1 view .LVU374
 200:Drivers/STM32F0xx_HAL_Driver/Src/stm32f0xx_hal_flash_ex.c ****             address += FLASH_PAGE_SIZE)
 1336              		.loc 1 200 35 is_stmt 0 view .LVU375
 1337 0058 AB68     		ldr	r3, [r5, #8]
 200:Drivers/STM32F0xx_HAL_Driver/Src/stm32f0xx_hal_flash_ex.c ****             address += FLASH_PAGE_SIZE)
 1338              		.loc 1 200 45 view .LVU376
 1339 005a 9B02     		lsls	r3, r3, #10
 200:Drivers/STM32F0xx_HAL_Driver/Src/stm32f0xx_hal_flash_ex.c ****             address += FLASH_PAGE_SIZE)
 1340              		.loc 1 200 76 view .LVU377
ARM GAS  C:\msys64\tmp\ccLUNS8i.s 			page 47


 1341 005c 6A68     		ldr	r2, [r5, #4]
 200:Drivers/STM32F0xx_HAL_Driver/Src/stm32f0xx_hal_flash_ex.c ****             address += FLASH_PAGE_SIZE)
 1342              		.loc 1 200 64 view .LVU378
 1343 005e 9B18     		adds	r3, r3, r2
 200:Drivers/STM32F0xx_HAL_Driver/Src/stm32f0xx_hal_flash_ex.c ****             address += FLASH_PAGE_SIZE)
 1344              		.loc 1 200 21 view .LVU379
 1345 0060 A342     		cmp	r3, r4
 1346 0062 E0D9     		bls	.L91
 203:Drivers/STM32F0xx_HAL_Driver/Src/stm32f0xx_hal_flash_ex.c ****           
 1347              		.loc 1 203 11 is_stmt 1 view .LVU380
 1348 0064 2000     		movs	r0, r4
 1349              	.LVL134:
 203:Drivers/STM32F0xx_HAL_Driver/Src/stm32f0xx_hal_flash_ex.c ****           
 1350              		.loc 1 203 11 is_stmt 0 view .LVU381
 1351 0066 FFF7FEFF 		bl	FLASH_PageErase
 1352              	.LVL135:
 206:Drivers/STM32F0xx_HAL_Driver/Src/stm32f0xx_hal_flash_ex.c ****           
 1353              		.loc 1 206 11 is_stmt 1 view .LVU382
 206:Drivers/STM32F0xx_HAL_Driver/Src/stm32f0xx_hal_flash_ex.c ****           
 1354              		.loc 1 206 20 is_stmt 0 view .LVU383
 1355 006a 0A48     		ldr	r0, .L99+4
 1356 006c FFF7FEFF 		bl	FLASH_WaitForLastOperation
 1357              	.LVL136:
 209:Drivers/STM32F0xx_HAL_Driver/Src/stm32f0xx_hal_flash_ex.c ****           
 1358              		.loc 1 209 11 is_stmt 1 view .LVU384
 1359 0070 094A     		ldr	r2, .L99+8
 1360 0072 1369     		ldr	r3, [r2, #16]
 1361 0074 0221     		movs	r1, #2
 1362 0076 8B43     		bics	r3, r1
 1363 0078 1361     		str	r3, [r2, #16]
 211:Drivers/STM32F0xx_HAL_Driver/Src/stm32f0xx_hal_flash_ex.c ****           {
 1364              		.loc 1 211 11 view .LVU385
 211:Drivers/STM32F0xx_HAL_Driver/Src/stm32f0xx_hal_flash_ex.c ****           {
 1365              		.loc 1 211 14 is_stmt 0 view .LVU386
 1366 007a 0028     		cmp	r0, #0
 1367 007c 04D1     		bne	.L98
 201:Drivers/STM32F0xx_HAL_Driver/Src/stm32f0xx_hal_flash_ex.c ****         {
 1368              		.loc 1 201 21 is_stmt 1 view .LVU387
 1369 007e 8023     		movs	r3, #128
 1370 0080 DB00     		lsls	r3, r3, #3
 1371 0082 9C46     		mov	ip, r3
 1372 0084 6444     		add	r4, r4, ip
 1373              	.LVL137:
 201:Drivers/STM32F0xx_HAL_Driver/Src/stm32f0xx_hal_flash_ex.c ****         {
 1374              		.loc 1 201 21 is_stmt 0 view .LVU388
 1375 0086 E7E7     		b	.L93
 1376              	.LVL138:
 1377              	.L98:
 214:Drivers/STM32F0xx_HAL_Driver/Src/stm32f0xx_hal_flash_ex.c ****             break;
 1378              		.loc 1 214 13 is_stmt 1 view .LVU389
 214:Drivers/STM32F0xx_HAL_Driver/Src/stm32f0xx_hal_flash_ex.c ****             break;
 1379              		.loc 1 214 24 is_stmt 0 view .LVU390
 1380 0088 3460     		str	r4, [r6]
 215:Drivers/STM32F0xx_HAL_Driver/Src/stm32f0xx_hal_flash_ex.c ****           }
 1381              		.loc 1 215 13 is_stmt 1 view .LVU391
 1382 008a CCE7     		b	.L91
 1383              	.LVL139:
ARM GAS  C:\msys64\tmp\ccLUNS8i.s 			page 48


 1384              	.L96:
 163:Drivers/STM32F0xx_HAL_Driver/Src/stm32f0xx_hal_flash_ex.c **** 
 1385              		.loc 1 163 3 is_stmt 0 discriminator 1 view .LVU392
 1386 008c 0220     		movs	r0, #2
 1387              	.LVL140:
 163:Drivers/STM32F0xx_HAL_Driver/Src/stm32f0xx_hal_flash_ex.c **** 
 1388              		.loc 1 163 3 discriminator 1 view .LVU393
 1389 008e CDE7     		b	.L88
 1390              	.L100:
 1391              		.align	2
 1392              	.L99:
 1393 0090 00000000 		.word	pFlash
 1394 0094 50C30000 		.word	50000
 1395 0098 00200240 		.word	1073881088
 1396              		.cfi_endproc
 1397              	.LFE40:
 1399              		.section	.text.HAL_FLASHEx_Erase_IT,"ax",%progbits
 1400              		.align	1
 1401              		.global	HAL_FLASHEx_Erase_IT
 1402              		.syntax unified
 1403              		.code	16
 1404              		.thumb_func
 1406              	HAL_FLASHEx_Erase_IT:
 1407              	.LVL141:
 1408              	.LFB41:
 239:Drivers/STM32F0xx_HAL_Driver/Src/stm32f0xx_hal_flash_ex.c ****   HAL_StatusTypeDef status = HAL_OK;
 1409              		.loc 1 239 1 is_stmt 1 view -0
 1410              		.cfi_startproc
 1411              		@ args = 0, pretend = 0, frame = 0
 1412              		@ frame_needed = 0, uses_anonymous_args = 0
 239:Drivers/STM32F0xx_HAL_Driver/Src/stm32f0xx_hal_flash_ex.c ****   HAL_StatusTypeDef status = HAL_OK;
 1413              		.loc 1 239 1 is_stmt 0 view .LVU395
 1414 0000 10B5     		push	{r4, lr}
 1415              	.LCFI9:
 1416              		.cfi_def_cfa_offset 8
 1417              		.cfi_offset 4, -8
 1418              		.cfi_offset 14, -4
 240:Drivers/STM32F0xx_HAL_Driver/Src/stm32f0xx_hal_flash_ex.c **** 
 1419              		.loc 1 240 3 is_stmt 1 view .LVU396
 1420              	.LVL142:
 243:Drivers/STM32F0xx_HAL_Driver/Src/stm32f0xx_hal_flash_ex.c **** 
 1421              		.loc 1 243 3 view .LVU397
 243:Drivers/STM32F0xx_HAL_Driver/Src/stm32f0xx_hal_flash_ex.c **** 
 1422              		.loc 1 243 3 view .LVU398
 1423 0002 144B     		ldr	r3, .L108
 1424 0004 1B7E     		ldrb	r3, [r3, #24]
 1425 0006 012B     		cmp	r3, #1
 1426 0008 20D0     		beq	.L105
 243:Drivers/STM32F0xx_HAL_Driver/Src/stm32f0xx_hal_flash_ex.c **** 
 1427              		.loc 1 243 3 discriminator 2 view .LVU399
 1428 000a 124B     		ldr	r3, .L108
 1429 000c 0122     		movs	r2, #1
 1430 000e 1A76     		strb	r2, [r3, #24]
 243:Drivers/STM32F0xx_HAL_Driver/Src/stm32f0xx_hal_flash_ex.c **** 
 1431              		.loc 1 243 3 discriminator 2 view .LVU400
 246:Drivers/STM32F0xx_HAL_Driver/Src/stm32f0xx_hal_flash_ex.c ****   {
 1432              		.loc 1 246 3 view .LVU401
ARM GAS  C:\msys64\tmp\ccLUNS8i.s 			page 49


 246:Drivers/STM32F0xx_HAL_Driver/Src/stm32f0xx_hal_flash_ex.c ****   {
 1433              		.loc 1 246 13 is_stmt 0 view .LVU402
 1434 0010 1C78     		ldrb	r4, [r3]
 246:Drivers/STM32F0xx_HAL_Driver/Src/stm32f0xx_hal_flash_ex.c ****   {
 1435              		.loc 1 246 6 view .LVU403
 1436 0012 002C     		cmp	r4, #0
 1437 0014 1CD1     		bne	.L106
 252:Drivers/STM32F0xx_HAL_Driver/Src/stm32f0xx_hal_flash_ex.c **** 
 1438              		.loc 1 252 3 is_stmt 1 view .LVU404
 255:Drivers/STM32F0xx_HAL_Driver/Src/stm32f0xx_hal_flash_ex.c **** 
 1439              		.loc 1 255 3 view .LVU405
 1440 0016 104A     		ldr	r2, .L108+4
 1441 0018 1169     		ldr	r1, [r2, #16]
 1442 001a A023     		movs	r3, #160
 1443 001c 5B01     		lsls	r3, r3, #5
 1444 001e 0B43     		orrs	r3, r1
 1445 0020 1361     		str	r3, [r2, #16]
 257:Drivers/STM32F0xx_HAL_Driver/Src/stm32f0xx_hal_flash_ex.c ****   {
 1446              		.loc 1 257 3 view .LVU406
 257:Drivers/STM32F0xx_HAL_Driver/Src/stm32f0xx_hal_flash_ex.c ****   {
 1447              		.loc 1 257 17 is_stmt 0 view .LVU407
 1448 0022 0368     		ldr	r3, [r0]
 257:Drivers/STM32F0xx_HAL_Driver/Src/stm32f0xx_hal_flash_ex.c ****   {
 1449              		.loc 1 257 6 view .LVU408
 1450 0024 012B     		cmp	r3, #1
 1451 0026 0BD0     		beq	.L107
 268:Drivers/STM32F0xx_HAL_Driver/Src/stm32f0xx_hal_flash_ex.c ****     assert_param(IS_FLASH_NB_PAGES(pEraseInit->PageAddress, pEraseInit->NbPages));
 1452              		.loc 1 268 5 is_stmt 1 view .LVU409
 269:Drivers/STM32F0xx_HAL_Driver/Src/stm32f0xx_hal_flash_ex.c **** 
 1453              		.loc 1 269 5 view .LVU410
 271:Drivers/STM32F0xx_HAL_Driver/Src/stm32f0xx_hal_flash_ex.c ****     pFlash.DataRemaining = pEraseInit->NbPages;
 1454              		.loc 1 271 5 view .LVU411
 271:Drivers/STM32F0xx_HAL_Driver/Src/stm32f0xx_hal_flash_ex.c ****     pFlash.DataRemaining = pEraseInit->NbPages;
 1455              		.loc 1 271 29 is_stmt 0 view .LVU412
 1456 0028 0A4B     		ldr	r3, .L108
 1457 002a 0122     		movs	r2, #1
 1458 002c 1A70     		strb	r2, [r3]
 272:Drivers/STM32F0xx_HAL_Driver/Src/stm32f0xx_hal_flash_ex.c ****     pFlash.Address = pEraseInit->PageAddress;
 1459              		.loc 1 272 5 is_stmt 1 view .LVU413
 272:Drivers/STM32F0xx_HAL_Driver/Src/stm32f0xx_hal_flash_ex.c ****     pFlash.Address = pEraseInit->PageAddress;
 1460              		.loc 1 272 38 is_stmt 0 view .LVU414
 1461 002e 8268     		ldr	r2, [r0, #8]
 272:Drivers/STM32F0xx_HAL_Driver/Src/stm32f0xx_hal_flash_ex.c ****     pFlash.Address = pEraseInit->PageAddress;
 1462              		.loc 1 272 26 view .LVU415
 1463 0030 5A60     		str	r2, [r3, #4]
 273:Drivers/STM32F0xx_HAL_Driver/Src/stm32f0xx_hal_flash_ex.c **** 
 1464              		.loc 1 273 5 is_stmt 1 view .LVU416
 273:Drivers/STM32F0xx_HAL_Driver/Src/stm32f0xx_hal_flash_ex.c **** 
 1465              		.loc 1 273 32 is_stmt 0 view .LVU417
 1466 0032 4268     		ldr	r2, [r0, #4]
 273:Drivers/STM32F0xx_HAL_Driver/Src/stm32f0xx_hal_flash_ex.c **** 
 1467              		.loc 1 273 20 view .LVU418
 1468 0034 9A60     		str	r2, [r3, #8]
 276:Drivers/STM32F0xx_HAL_Driver/Src/stm32f0xx_hal_flash_ex.c ****   }
 1469              		.loc 1 276 5 is_stmt 1 view .LVU419
 1470 0036 4068     		ldr	r0, [r0, #4]
 1471              	.LVL143:
ARM GAS  C:\msys64\tmp\ccLUNS8i.s 			page 50


 276:Drivers/STM32F0xx_HAL_Driver/Src/stm32f0xx_hal_flash_ex.c ****   }
 1472              		.loc 1 276 5 is_stmt 0 view .LVU420
 1473 0038 FFF7FEFF 		bl	FLASH_PageErase
 1474              	.LVL144:
 1475              	.L102:
 280:Drivers/STM32F0xx_HAL_Driver/Src/stm32f0xx_hal_flash_ex.c **** 
 1476              		.loc 1 280 1 view .LVU421
 1477 003c 2000     		movs	r0, r4
 1478              		@ sp needed
 1479 003e 10BD     		pop	{r4, pc}
 1480              	.LVL145:
 1481              	.L107:
 260:Drivers/STM32F0xx_HAL_Driver/Src/stm32f0xx_hal_flash_ex.c ****         FLASH_MassErase();
 1482              		.loc 1 260 5 is_stmt 1 view .LVU422
 260:Drivers/STM32F0xx_HAL_Driver/Src/stm32f0xx_hal_flash_ex.c ****         FLASH_MassErase();
 1483              		.loc 1 260 29 is_stmt 0 view .LVU423
 1484 0040 044B     		ldr	r3, .L108
 1485 0042 0222     		movs	r2, #2
 1486 0044 1A70     		strb	r2, [r3]
 261:Drivers/STM32F0xx_HAL_Driver/Src/stm32f0xx_hal_flash_ex.c ****   }
 1487              		.loc 1 261 9 is_stmt 1 view .LVU424
 1488 0046 FFF7FEFF 		bl	FLASH_MassErase
 1489              	.LVL146:
 261:Drivers/STM32F0xx_HAL_Driver/Src/stm32f0xx_hal_flash_ex.c ****   }
 1490              		.loc 1 261 9 is_stmt 0 view .LVU425
 1491 004a F7E7     		b	.L102
 1492              	.LVL147:
 1493              	.L105:
 243:Drivers/STM32F0xx_HAL_Driver/Src/stm32f0xx_hal_flash_ex.c **** 
 1494              		.loc 1 243 3 discriminator 1 view .LVU426
 1495 004c 0224     		movs	r4, #2
 1496 004e F5E7     		b	.L102
 1497              	.L106:
 248:Drivers/STM32F0xx_HAL_Driver/Src/stm32f0xx_hal_flash_ex.c ****   }
 1498              		.loc 1 248 12 view .LVU427
 1499 0050 0124     		movs	r4, #1
 1500 0052 F3E7     		b	.L102
 1501              	.L109:
 1502              		.align	2
 1503              	.L108:
 1504 0054 00000000 		.word	pFlash
 1505 0058 00200240 		.word	1073881088
 1506              		.cfi_endproc
 1507              	.LFE41:
 1509              		.text
 1510              	.Letext0:
 1511              		.file 2 "C:/msys64/ucrt64/arm-none-eabi/include/machine/_default_types.h"
 1512              		.file 3 "C:/msys64/ucrt64/arm-none-eabi/include/sys/_stdint.h"
 1513              		.file 4 "Drivers/CMSIS/Device/ST/STM32F0xx/Include/stm32f030x8.h"
 1514              		.file 5 "Drivers/STM32F0xx_HAL_Driver/Inc/stm32f0xx_hal_def.h"
 1515              		.file 6 "Drivers/STM32F0xx_HAL_Driver/Inc/stm32f0xx_hal_flash.h"
 1516              		.file 7 "Drivers/STM32F0xx_HAL_Driver/Inc/stm32f0xx_hal_flash_ex.h"
ARM GAS  C:\msys64\tmp\ccLUNS8i.s 			page 51


DEFINED SYMBOLS
                            *ABS*:00000000 stm32f0xx_hal_flash_ex.c
C:\msys64\tmp\ccLUNS8i.s:19     .text.FLASH_MassErase:00000000 $t
C:\msys64\tmp\ccLUNS8i.s:24     .text.FLASH_MassErase:00000000 FLASH_MassErase
C:\msys64\tmp\ccLUNS8i.s:53     .text.FLASH_MassErase:0000001c $d
C:\msys64\tmp\ccLUNS8i.s:59     .text.FLASH_OB_GetWRP:00000000 $t
C:\msys64\tmp\ccLUNS8i.s:64     .text.FLASH_OB_GetWRP:00000000 FLASH_OB_GetWRP
C:\msys64\tmp\ccLUNS8i.s:81     .text.FLASH_OB_GetWRP:00000008 $d
C:\msys64\tmp\ccLUNS8i.s:86     .text.FLASH_OB_GetRDP:00000000 $t
C:\msys64\tmp\ccLUNS8i.s:91     .text.FLASH_OB_GetRDP:00000000 FLASH_OB_GetRDP
C:\msys64\tmp\ccLUNS8i.s:134    .text.FLASH_OB_GetRDP:0000001c $d
C:\msys64\tmp\ccLUNS8i.s:139    .text.FLASH_OB_GetUser:00000000 $t
C:\msys64\tmp\ccLUNS8i.s:144    .text.FLASH_OB_GetUser:00000000 FLASH_OB_GetUser
C:\msys64\tmp\ccLUNS8i.s:166    .text.FLASH_OB_GetUser:0000000c $d
C:\msys64\tmp\ccLUNS8i.s:171    .text.FLASH_OB_RDP_LevelConfig:00000000 $t
C:\msys64\tmp\ccLUNS8i.s:176    .text.FLASH_OB_RDP_LevelConfig:00000000 FLASH_OB_RDP_LevelConfig
C:\msys64\tmp\ccLUNS8i.s:269    .text.FLASH_OB_RDP_LevelConfig:00000054 $d
C:\msys64\tmp\ccLUNS8i.s:277    .text.FLASH_OB_UserConfig:00000000 $t
C:\msys64\tmp\ccLUNS8i.s:282    .text.FLASH_OB_UserConfig:00000000 FLASH_OB_UserConfig
C:\msys64\tmp\ccLUNS8i.s:360    .text.FLASH_OB_UserConfig:0000003c $d
C:\msys64\tmp\ccLUNS8i.s:368    .text.FLASH_OB_ProgramData:00000000 $t
C:\msys64\tmp\ccLUNS8i.s:373    .text.FLASH_OB_ProgramData:00000000 FLASH_OB_ProgramData
C:\msys64\tmp\ccLUNS8i.s:446    .text.FLASH_OB_ProgramData:00000034 $d
C:\msys64\tmp\ccLUNS8i.s:453    .text.HAL_FLASHEx_OBErase:00000000 $t
C:\msys64\tmp\ccLUNS8i.s:459    .text.HAL_FLASHEx_OBErase:00000000 HAL_FLASHEx_OBErase
C:\msys64\tmp\ccLUNS8i.s:544    .text.HAL_FLASHEx_OBErase:00000048 $d
C:\msys64\tmp\ccLUNS8i.s:551    .text.FLASH_OB_EnableWRP:00000000 $t
C:\msys64\tmp\ccLUNS8i.s:556    .text.FLASH_OB_EnableWRP:00000000 FLASH_OB_EnableWRP
C:\msys64\tmp\ccLUNS8i.s:698    .text.FLASH_OB_EnableWRP:00000078 $d
C:\msys64\tmp\ccLUNS8i.s:706    .text.FLASH_OB_DisableWRP:00000000 $t
C:\msys64\tmp\ccLUNS8i.s:711    .text.FLASH_OB_DisableWRP:00000000 FLASH_OB_DisableWRP
C:\msys64\tmp\ccLUNS8i.s:853    .text.FLASH_OB_DisableWRP:00000078 $d
C:\msys64\tmp\ccLUNS8i.s:861    .text.HAL_FLASHEx_OBProgram:00000000 $t
C:\msys64\tmp\ccLUNS8i.s:867    .text.HAL_FLASHEx_OBProgram:00000000 HAL_FLASHEx_OBProgram
C:\msys64\tmp\ccLUNS8i.s:1059   .text.HAL_FLASHEx_OBProgram:00000090 $d
C:\msys64\tmp\ccLUNS8i.s:1064   .text.HAL_FLASHEx_OBGetConfig:00000000 $t
C:\msys64\tmp\ccLUNS8i.s:1070   .text.HAL_FLASHEx_OBGetConfig:00000000 HAL_FLASHEx_OBGetConfig
C:\msys64\tmp\ccLUNS8i.s:1115   .text.HAL_FLASHEx_OBGetUserData:00000000 $t
C:\msys64\tmp\ccLUNS8i.s:1121   .text.HAL_FLASHEx_OBGetUserData:00000000 HAL_FLASHEx_OBGetUserData
C:\msys64\tmp\ccLUNS8i.s:1167   .text.HAL_FLASHEx_OBGetUserData:0000001c $d
C:\msys64\tmp\ccLUNS8i.s:1173   .text.FLASH_PageErase:00000000 $t
C:\msys64\tmp\ccLUNS8i.s:1179   .text.FLASH_PageErase:00000000 FLASH_PageErase
C:\msys64\tmp\ccLUNS8i.s:1211   .text.FLASH_PageErase:0000001c $d
C:\msys64\tmp\ccLUNS8i.s:1217   .text.HAL_FLASHEx_Erase:00000000 $t
C:\msys64\tmp\ccLUNS8i.s:1223   .text.HAL_FLASHEx_Erase:00000000 HAL_FLASHEx_Erase
C:\msys64\tmp\ccLUNS8i.s:1393   .text.HAL_FLASHEx_Erase:00000090 $d
C:\msys64\tmp\ccLUNS8i.s:1400   .text.HAL_FLASHEx_Erase_IT:00000000 $t
C:\msys64\tmp\ccLUNS8i.s:1406   .text.HAL_FLASHEx_Erase_IT:00000000 HAL_FLASHEx_Erase_IT
C:\msys64\tmp\ccLUNS8i.s:1504   .text.HAL_FLASHEx_Erase_IT:00000054 $d

UNDEFINED SYMBOLS
pFlash
FLASH_WaitForLastOperation
