ARM GAS  C:\msys64\tmp\ccaiO6PM.s 			page 1


   1              		.cpu cortex-m0
   2              		.arch armv6s-m
   3              		.fpu softvfp
   4              		.eabi_attribute 20, 1
   5              		.eabi_attribute 21, 1
   6              		.eabi_attribute 23, 3
   7              		.eabi_attribute 24, 1
   8              		.eabi_attribute 25, 1
   9              		.eabi_attribute 26, 1
  10              		.eabi_attribute 30, 1
  11              		.eabi_attribute 34, 0
  12              		.eabi_attribute 18, 4
  13              		.file	"stm32f0xx_hal_flash.c"
  14              		.text
  15              	.Ltext0:
  16              		.cfi_sections	.debug_frame
  17              		.file 1 "Drivers/STM32F0xx_HAL_Driver/Src/stm32f0xx_hal_flash.c"
  18              		.section	.text.FLASH_Program_HalfWord,"ax",%progbits
  19              		.align	1
  20              		.syntax unified
  21              		.code	16
  22              		.thumb_func
  24              	FLASH_Program_HalfWord:
  25              	.LVL0:
  26              	.LFB51:
   1:Drivers/STM32F0xx_HAL_Driver/Src/stm32f0xx_hal_flash.c **** /**
   2:Drivers/STM32F0xx_HAL_Driver/Src/stm32f0xx_hal_flash.c ****   ******************************************************************************
   3:Drivers/STM32F0xx_HAL_Driver/Src/stm32f0xx_hal_flash.c ****   * @file    stm32f0xx_hal_flash.c
   4:Drivers/STM32F0xx_HAL_Driver/Src/stm32f0xx_hal_flash.c ****   * @author  MCD Application Team
   5:Drivers/STM32F0xx_HAL_Driver/Src/stm32f0xx_hal_flash.c ****   * @brief   FLASH HAL module driver.
   6:Drivers/STM32F0xx_HAL_Driver/Src/stm32f0xx_hal_flash.c ****   *          This file provides firmware functions to manage the following 
   7:Drivers/STM32F0xx_HAL_Driver/Src/stm32f0xx_hal_flash.c ****   *          functionalities of the internal FLASH memory:
   8:Drivers/STM32F0xx_HAL_Driver/Src/stm32f0xx_hal_flash.c ****   *           + Program operations functions
   9:Drivers/STM32F0xx_HAL_Driver/Src/stm32f0xx_hal_flash.c ****   *           + Memory Control functions 
  10:Drivers/STM32F0xx_HAL_Driver/Src/stm32f0xx_hal_flash.c ****   *           + Peripheral State functions
  11:Drivers/STM32F0xx_HAL_Driver/Src/stm32f0xx_hal_flash.c ****   *         
  12:Drivers/STM32F0xx_HAL_Driver/Src/stm32f0xx_hal_flash.c ****   @verbatim
  13:Drivers/STM32F0xx_HAL_Driver/Src/stm32f0xx_hal_flash.c ****   ==============================================================================
  14:Drivers/STM32F0xx_HAL_Driver/Src/stm32f0xx_hal_flash.c ****                         ##### FLASH peripheral features #####
  15:Drivers/STM32F0xx_HAL_Driver/Src/stm32f0xx_hal_flash.c ****   ==============================================================================
  16:Drivers/STM32F0xx_HAL_Driver/Src/stm32f0xx_hal_flash.c ****   [..] The Flash memory interface manages CPU AHB I-Code and D-Code accesses 
  17:Drivers/STM32F0xx_HAL_Driver/Src/stm32f0xx_hal_flash.c ****        to the Flash memory. It implements the erase and program Flash memory operations 
  18:Drivers/STM32F0xx_HAL_Driver/Src/stm32f0xx_hal_flash.c ****        and the read and write protection mechanisms.
  19:Drivers/STM32F0xx_HAL_Driver/Src/stm32f0xx_hal_flash.c **** 
  20:Drivers/STM32F0xx_HAL_Driver/Src/stm32f0xx_hal_flash.c ****   [..] The Flash memory interface accelerates code execution with a system of instruction
  21:Drivers/STM32F0xx_HAL_Driver/Src/stm32f0xx_hal_flash.c ****       prefetch. 
  22:Drivers/STM32F0xx_HAL_Driver/Src/stm32f0xx_hal_flash.c **** 
  23:Drivers/STM32F0xx_HAL_Driver/Src/stm32f0xx_hal_flash.c ****   [..] The FLASH main features are:
  24:Drivers/STM32F0xx_HAL_Driver/Src/stm32f0xx_hal_flash.c ****       (+) Flash memory read operations
  25:Drivers/STM32F0xx_HAL_Driver/Src/stm32f0xx_hal_flash.c ****       (+) Flash memory program/erase operations
  26:Drivers/STM32F0xx_HAL_Driver/Src/stm32f0xx_hal_flash.c ****       (+) Read / write protections
  27:Drivers/STM32F0xx_HAL_Driver/Src/stm32f0xx_hal_flash.c ****       (+) Prefetch on I-Code
  28:Drivers/STM32F0xx_HAL_Driver/Src/stm32f0xx_hal_flash.c ****       (+) Option Bytes programming
  29:Drivers/STM32F0xx_HAL_Driver/Src/stm32f0xx_hal_flash.c **** 
  30:Drivers/STM32F0xx_HAL_Driver/Src/stm32f0xx_hal_flash.c **** 
  31:Drivers/STM32F0xx_HAL_Driver/Src/stm32f0xx_hal_flash.c ****                      ##### How to use this driver #####
  32:Drivers/STM32F0xx_HAL_Driver/Src/stm32f0xx_hal_flash.c ****   ==============================================================================
ARM GAS  C:\msys64\tmp\ccaiO6PM.s 			page 2


  33:Drivers/STM32F0xx_HAL_Driver/Src/stm32f0xx_hal_flash.c ****   [..]                             
  34:Drivers/STM32F0xx_HAL_Driver/Src/stm32f0xx_hal_flash.c ****       This driver provides functions and macros to configure and program the FLASH 
  35:Drivers/STM32F0xx_HAL_Driver/Src/stm32f0xx_hal_flash.c ****       memory of all STM32F0xx devices.
  36:Drivers/STM32F0xx_HAL_Driver/Src/stm32f0xx_hal_flash.c ****     
  37:Drivers/STM32F0xx_HAL_Driver/Src/stm32f0xx_hal_flash.c ****       (#) FLASH Memory I/O Programming functions: this group includes all needed
  38:Drivers/STM32F0xx_HAL_Driver/Src/stm32f0xx_hal_flash.c ****           functions to erase and program the main memory:
  39:Drivers/STM32F0xx_HAL_Driver/Src/stm32f0xx_hal_flash.c ****         (++) Lock and Unlock the FLASH interface
  40:Drivers/STM32F0xx_HAL_Driver/Src/stm32f0xx_hal_flash.c ****         (++) Erase function: Erase page, erase all pages
  41:Drivers/STM32F0xx_HAL_Driver/Src/stm32f0xx_hal_flash.c ****         (++) Program functions: half word, word and doubleword
  42:Drivers/STM32F0xx_HAL_Driver/Src/stm32f0xx_hal_flash.c ****       (#) FLASH Option Bytes Programming functions: this group includes all needed
  43:Drivers/STM32F0xx_HAL_Driver/Src/stm32f0xx_hal_flash.c ****           functions to manage the Option Bytes:
  44:Drivers/STM32F0xx_HAL_Driver/Src/stm32f0xx_hal_flash.c ****         (++) Lock and Unlock the Option Bytes
  45:Drivers/STM32F0xx_HAL_Driver/Src/stm32f0xx_hal_flash.c ****         (++) Set/Reset the write protection
  46:Drivers/STM32F0xx_HAL_Driver/Src/stm32f0xx_hal_flash.c ****         (++) Set the Read protection Level
  47:Drivers/STM32F0xx_HAL_Driver/Src/stm32f0xx_hal_flash.c ****         (++) Program the user Option Bytes
  48:Drivers/STM32F0xx_HAL_Driver/Src/stm32f0xx_hal_flash.c ****         (++) Launch the Option Bytes loader
  49:Drivers/STM32F0xx_HAL_Driver/Src/stm32f0xx_hal_flash.c ****         (++) Erase Option Bytes
  50:Drivers/STM32F0xx_HAL_Driver/Src/stm32f0xx_hal_flash.c ****         (++) Program the data Option Bytes
  51:Drivers/STM32F0xx_HAL_Driver/Src/stm32f0xx_hal_flash.c ****         (++) Get the Write protection.
  52:Drivers/STM32F0xx_HAL_Driver/Src/stm32f0xx_hal_flash.c ****         (++) Get the user option bytes.
  53:Drivers/STM32F0xx_HAL_Driver/Src/stm32f0xx_hal_flash.c ****     
  54:Drivers/STM32F0xx_HAL_Driver/Src/stm32f0xx_hal_flash.c ****       (#) Interrupts and flags management functions : this group 
  55:Drivers/STM32F0xx_HAL_Driver/Src/stm32f0xx_hal_flash.c ****           includes all needed functions to:
  56:Drivers/STM32F0xx_HAL_Driver/Src/stm32f0xx_hal_flash.c ****         (++) Handle FLASH interrupts
  57:Drivers/STM32F0xx_HAL_Driver/Src/stm32f0xx_hal_flash.c ****         (++) Wait for last FLASH operation according to its status
  58:Drivers/STM32F0xx_HAL_Driver/Src/stm32f0xx_hal_flash.c ****         (++) Get error flag status
  59:Drivers/STM32F0xx_HAL_Driver/Src/stm32f0xx_hal_flash.c **** 
  60:Drivers/STM32F0xx_HAL_Driver/Src/stm32f0xx_hal_flash.c ****   [..] In addition to these function, this driver includes a set of macros allowing
  61:Drivers/STM32F0xx_HAL_Driver/Src/stm32f0xx_hal_flash.c ****        to handle the following operations:
  62:Drivers/STM32F0xx_HAL_Driver/Src/stm32f0xx_hal_flash.c ****       
  63:Drivers/STM32F0xx_HAL_Driver/Src/stm32f0xx_hal_flash.c ****       (+) Set/Get the latency
  64:Drivers/STM32F0xx_HAL_Driver/Src/stm32f0xx_hal_flash.c ****       (+) Enable/Disable the prefetch buffer
  65:Drivers/STM32F0xx_HAL_Driver/Src/stm32f0xx_hal_flash.c ****       (+) Enable/Disable the FLASH interrupts
  66:Drivers/STM32F0xx_HAL_Driver/Src/stm32f0xx_hal_flash.c ****       (+) Monitor the FLASH flags status
  67:Drivers/STM32F0xx_HAL_Driver/Src/stm32f0xx_hal_flash.c ****           
  68:Drivers/STM32F0xx_HAL_Driver/Src/stm32f0xx_hal_flash.c ****   @endverbatim
  69:Drivers/STM32F0xx_HAL_Driver/Src/stm32f0xx_hal_flash.c ****   ******************************************************************************
  70:Drivers/STM32F0xx_HAL_Driver/Src/stm32f0xx_hal_flash.c ****   * @attention
  71:Drivers/STM32F0xx_HAL_Driver/Src/stm32f0xx_hal_flash.c ****   *
  72:Drivers/STM32F0xx_HAL_Driver/Src/stm32f0xx_hal_flash.c ****   * Copyright (c) 2016 STMicroelectronics.
  73:Drivers/STM32F0xx_HAL_Driver/Src/stm32f0xx_hal_flash.c ****   * All rights reserved.
  74:Drivers/STM32F0xx_HAL_Driver/Src/stm32f0xx_hal_flash.c ****   *
  75:Drivers/STM32F0xx_HAL_Driver/Src/stm32f0xx_hal_flash.c ****   * This software is licensed under terms that can be found in the LICENSE file in
  76:Drivers/STM32F0xx_HAL_Driver/Src/stm32f0xx_hal_flash.c ****   * the root directory of this software component.
  77:Drivers/STM32F0xx_HAL_Driver/Src/stm32f0xx_hal_flash.c ****   * If no LICENSE file comes with this software, it is provided AS-IS.
  78:Drivers/STM32F0xx_HAL_Driver/Src/stm32f0xx_hal_flash.c ****   ******************************************************************************
  79:Drivers/STM32F0xx_HAL_Driver/Src/stm32f0xx_hal_flash.c ****   */
  80:Drivers/STM32F0xx_HAL_Driver/Src/stm32f0xx_hal_flash.c **** 
  81:Drivers/STM32F0xx_HAL_Driver/Src/stm32f0xx_hal_flash.c **** /* Includes ------------------------------------------------------------------*/
  82:Drivers/STM32F0xx_HAL_Driver/Src/stm32f0xx_hal_flash.c **** #include "stm32f0xx_hal.h"
  83:Drivers/STM32F0xx_HAL_Driver/Src/stm32f0xx_hal_flash.c **** 
  84:Drivers/STM32F0xx_HAL_Driver/Src/stm32f0xx_hal_flash.c **** /** @addtogroup STM32F0xx_HAL_Driver
  85:Drivers/STM32F0xx_HAL_Driver/Src/stm32f0xx_hal_flash.c ****   * @{
  86:Drivers/STM32F0xx_HAL_Driver/Src/stm32f0xx_hal_flash.c ****   */
  87:Drivers/STM32F0xx_HAL_Driver/Src/stm32f0xx_hal_flash.c **** 
  88:Drivers/STM32F0xx_HAL_Driver/Src/stm32f0xx_hal_flash.c **** #ifdef HAL_FLASH_MODULE_ENABLED
  89:Drivers/STM32F0xx_HAL_Driver/Src/stm32f0xx_hal_flash.c **** 
ARM GAS  C:\msys64\tmp\ccaiO6PM.s 			page 3


  90:Drivers/STM32F0xx_HAL_Driver/Src/stm32f0xx_hal_flash.c **** /** @defgroup FLASH FLASH
  91:Drivers/STM32F0xx_HAL_Driver/Src/stm32f0xx_hal_flash.c ****   * @brief FLASH HAL module driver
  92:Drivers/STM32F0xx_HAL_Driver/Src/stm32f0xx_hal_flash.c ****   * @{
  93:Drivers/STM32F0xx_HAL_Driver/Src/stm32f0xx_hal_flash.c ****   */
  94:Drivers/STM32F0xx_HAL_Driver/Src/stm32f0xx_hal_flash.c **** 
  95:Drivers/STM32F0xx_HAL_Driver/Src/stm32f0xx_hal_flash.c **** /* Private typedef -----------------------------------------------------------*/
  96:Drivers/STM32F0xx_HAL_Driver/Src/stm32f0xx_hal_flash.c **** /* Private define ------------------------------------------------------------*/
  97:Drivers/STM32F0xx_HAL_Driver/Src/stm32f0xx_hal_flash.c **** /** @defgroup FLASH_Private_Constants FLASH Private Constants
  98:Drivers/STM32F0xx_HAL_Driver/Src/stm32f0xx_hal_flash.c ****   * @{
  99:Drivers/STM32F0xx_HAL_Driver/Src/stm32f0xx_hal_flash.c ****   */
 100:Drivers/STM32F0xx_HAL_Driver/Src/stm32f0xx_hal_flash.c **** /**
 101:Drivers/STM32F0xx_HAL_Driver/Src/stm32f0xx_hal_flash.c ****   * @}
 102:Drivers/STM32F0xx_HAL_Driver/Src/stm32f0xx_hal_flash.c ****   */
 103:Drivers/STM32F0xx_HAL_Driver/Src/stm32f0xx_hal_flash.c **** 
 104:Drivers/STM32F0xx_HAL_Driver/Src/stm32f0xx_hal_flash.c **** /* Private macro ---------------------------- ---------------------------------*/
 105:Drivers/STM32F0xx_HAL_Driver/Src/stm32f0xx_hal_flash.c **** /** @defgroup FLASH_Private_Macros FLASH Private Macros
 106:Drivers/STM32F0xx_HAL_Driver/Src/stm32f0xx_hal_flash.c ****   * @{
 107:Drivers/STM32F0xx_HAL_Driver/Src/stm32f0xx_hal_flash.c ****   */
 108:Drivers/STM32F0xx_HAL_Driver/Src/stm32f0xx_hal_flash.c ****  
 109:Drivers/STM32F0xx_HAL_Driver/Src/stm32f0xx_hal_flash.c **** /**
 110:Drivers/STM32F0xx_HAL_Driver/Src/stm32f0xx_hal_flash.c ****   * @}
 111:Drivers/STM32F0xx_HAL_Driver/Src/stm32f0xx_hal_flash.c ****   */
 112:Drivers/STM32F0xx_HAL_Driver/Src/stm32f0xx_hal_flash.c **** 
 113:Drivers/STM32F0xx_HAL_Driver/Src/stm32f0xx_hal_flash.c **** /* Private variables ---------------------------------------------------------*/
 114:Drivers/STM32F0xx_HAL_Driver/Src/stm32f0xx_hal_flash.c **** /** @defgroup FLASH_Private_Variables FLASH Private Variables
 115:Drivers/STM32F0xx_HAL_Driver/Src/stm32f0xx_hal_flash.c ****   * @{
 116:Drivers/STM32F0xx_HAL_Driver/Src/stm32f0xx_hal_flash.c ****   */
 117:Drivers/STM32F0xx_HAL_Driver/Src/stm32f0xx_hal_flash.c **** /* Variables used for Erase pages under interruption*/
 118:Drivers/STM32F0xx_HAL_Driver/Src/stm32f0xx_hal_flash.c **** FLASH_ProcessTypeDef pFlash;
 119:Drivers/STM32F0xx_HAL_Driver/Src/stm32f0xx_hal_flash.c **** /**
 120:Drivers/STM32F0xx_HAL_Driver/Src/stm32f0xx_hal_flash.c ****   * @}
 121:Drivers/STM32F0xx_HAL_Driver/Src/stm32f0xx_hal_flash.c ****   */
 122:Drivers/STM32F0xx_HAL_Driver/Src/stm32f0xx_hal_flash.c **** 
 123:Drivers/STM32F0xx_HAL_Driver/Src/stm32f0xx_hal_flash.c **** /* Private function prototypes -----------------------------------------------*/
 124:Drivers/STM32F0xx_HAL_Driver/Src/stm32f0xx_hal_flash.c **** /** @defgroup FLASH_Private_Functions FLASH Private Functions
 125:Drivers/STM32F0xx_HAL_Driver/Src/stm32f0xx_hal_flash.c ****   * @{
 126:Drivers/STM32F0xx_HAL_Driver/Src/stm32f0xx_hal_flash.c ****   */
 127:Drivers/STM32F0xx_HAL_Driver/Src/stm32f0xx_hal_flash.c **** static  void   FLASH_Program_HalfWord(uint32_t Address, uint16_t Data);
 128:Drivers/STM32F0xx_HAL_Driver/Src/stm32f0xx_hal_flash.c **** static  void   FLASH_SetErrorCode(void);
 129:Drivers/STM32F0xx_HAL_Driver/Src/stm32f0xx_hal_flash.c **** extern void    FLASH_PageErase(uint32_t PageAddress);
 130:Drivers/STM32F0xx_HAL_Driver/Src/stm32f0xx_hal_flash.c **** /**
 131:Drivers/STM32F0xx_HAL_Driver/Src/stm32f0xx_hal_flash.c ****   * @}
 132:Drivers/STM32F0xx_HAL_Driver/Src/stm32f0xx_hal_flash.c ****   */
 133:Drivers/STM32F0xx_HAL_Driver/Src/stm32f0xx_hal_flash.c **** 
 134:Drivers/STM32F0xx_HAL_Driver/Src/stm32f0xx_hal_flash.c **** /* Exported functions ---------------------------------------------------------*/
 135:Drivers/STM32F0xx_HAL_Driver/Src/stm32f0xx_hal_flash.c **** /** @defgroup FLASH_Exported_Functions FLASH Exported Functions
 136:Drivers/STM32F0xx_HAL_Driver/Src/stm32f0xx_hal_flash.c ****   * @{
 137:Drivers/STM32F0xx_HAL_Driver/Src/stm32f0xx_hal_flash.c ****   */
 138:Drivers/STM32F0xx_HAL_Driver/Src/stm32f0xx_hal_flash.c ****   
 139:Drivers/STM32F0xx_HAL_Driver/Src/stm32f0xx_hal_flash.c **** /** @defgroup FLASH_Exported_Functions_Group1 Programming operation functions 
 140:Drivers/STM32F0xx_HAL_Driver/Src/stm32f0xx_hal_flash.c ****   *  @brief   Programming operation functions 
 141:Drivers/STM32F0xx_HAL_Driver/Src/stm32f0xx_hal_flash.c ****   *
 142:Drivers/STM32F0xx_HAL_Driver/Src/stm32f0xx_hal_flash.c **** @verbatim   
 143:Drivers/STM32F0xx_HAL_Driver/Src/stm32f0xx_hal_flash.c **** @endverbatim
 144:Drivers/STM32F0xx_HAL_Driver/Src/stm32f0xx_hal_flash.c ****   * @{
 145:Drivers/STM32F0xx_HAL_Driver/Src/stm32f0xx_hal_flash.c ****   */
 146:Drivers/STM32F0xx_HAL_Driver/Src/stm32f0xx_hal_flash.c **** 
ARM GAS  C:\msys64\tmp\ccaiO6PM.s 			page 4


 147:Drivers/STM32F0xx_HAL_Driver/Src/stm32f0xx_hal_flash.c **** /**
 148:Drivers/STM32F0xx_HAL_Driver/Src/stm32f0xx_hal_flash.c ****   * @brief  Program halfword, word or double word at a specified address
 149:Drivers/STM32F0xx_HAL_Driver/Src/stm32f0xx_hal_flash.c ****   * @note   The function HAL_FLASH_Unlock() should be called before to unlock the FLASH interface
 150:Drivers/STM32F0xx_HAL_Driver/Src/stm32f0xx_hal_flash.c ****   *         The function HAL_FLASH_Lock() should be called after to lock the FLASH interface
 151:Drivers/STM32F0xx_HAL_Driver/Src/stm32f0xx_hal_flash.c ****   *
 152:Drivers/STM32F0xx_HAL_Driver/Src/stm32f0xx_hal_flash.c ****   * @note   If an erase and a program operations are requested simultaneously,    
 153:Drivers/STM32F0xx_HAL_Driver/Src/stm32f0xx_hal_flash.c ****   *         the erase operation is performed before the program one.
 154:Drivers/STM32F0xx_HAL_Driver/Src/stm32f0xx_hal_flash.c ****   *  
 155:Drivers/STM32F0xx_HAL_Driver/Src/stm32f0xx_hal_flash.c ****   * @note   FLASH should be previously erased before new programming (only exception to this 
 156:Drivers/STM32F0xx_HAL_Driver/Src/stm32f0xx_hal_flash.c ****   *         is when 0x0000 is programmed)
 157:Drivers/STM32F0xx_HAL_Driver/Src/stm32f0xx_hal_flash.c ****   *
 158:Drivers/STM32F0xx_HAL_Driver/Src/stm32f0xx_hal_flash.c ****   * @param  TypeProgram   Indicate the way to program at a specified address.
 159:Drivers/STM32F0xx_HAL_Driver/Src/stm32f0xx_hal_flash.c ****   *                       This parameter can be a value of @ref FLASH_Type_Program
 160:Drivers/STM32F0xx_HAL_Driver/Src/stm32f0xx_hal_flash.c ****   * @param  Address       Specifie the address to be programmed.
 161:Drivers/STM32F0xx_HAL_Driver/Src/stm32f0xx_hal_flash.c ****   * @param  Data          Specifie the data to be programmed
 162:Drivers/STM32F0xx_HAL_Driver/Src/stm32f0xx_hal_flash.c ****   * 
 163:Drivers/STM32F0xx_HAL_Driver/Src/stm32f0xx_hal_flash.c ****   * @retval HAL_StatusTypeDef HAL Status
 164:Drivers/STM32F0xx_HAL_Driver/Src/stm32f0xx_hal_flash.c ****   */
 165:Drivers/STM32F0xx_HAL_Driver/Src/stm32f0xx_hal_flash.c **** HAL_StatusTypeDef HAL_FLASH_Program(uint32_t TypeProgram, uint32_t Address, uint64_t Data)
 166:Drivers/STM32F0xx_HAL_Driver/Src/stm32f0xx_hal_flash.c **** {
 167:Drivers/STM32F0xx_HAL_Driver/Src/stm32f0xx_hal_flash.c ****   HAL_StatusTypeDef status = HAL_ERROR;
 168:Drivers/STM32F0xx_HAL_Driver/Src/stm32f0xx_hal_flash.c ****   uint8_t index = 0U;
 169:Drivers/STM32F0xx_HAL_Driver/Src/stm32f0xx_hal_flash.c ****   uint8_t nbiterations = 0U;
 170:Drivers/STM32F0xx_HAL_Driver/Src/stm32f0xx_hal_flash.c ****   
 171:Drivers/STM32F0xx_HAL_Driver/Src/stm32f0xx_hal_flash.c ****   /* Process Locked */
 172:Drivers/STM32F0xx_HAL_Driver/Src/stm32f0xx_hal_flash.c ****   __HAL_LOCK(&pFlash);
 173:Drivers/STM32F0xx_HAL_Driver/Src/stm32f0xx_hal_flash.c **** 
 174:Drivers/STM32F0xx_HAL_Driver/Src/stm32f0xx_hal_flash.c ****   /* Check the parameters */
 175:Drivers/STM32F0xx_HAL_Driver/Src/stm32f0xx_hal_flash.c ****   assert_param(IS_FLASH_TYPEPROGRAM(TypeProgram));
 176:Drivers/STM32F0xx_HAL_Driver/Src/stm32f0xx_hal_flash.c ****   assert_param(IS_FLASH_PROGRAM_ADDRESS(Address));
 177:Drivers/STM32F0xx_HAL_Driver/Src/stm32f0xx_hal_flash.c **** 
 178:Drivers/STM32F0xx_HAL_Driver/Src/stm32f0xx_hal_flash.c ****     /* Wait for last operation to be completed */
 179:Drivers/STM32F0xx_HAL_Driver/Src/stm32f0xx_hal_flash.c ****     status = FLASH_WaitForLastOperation(FLASH_TIMEOUT_VALUE);
 180:Drivers/STM32F0xx_HAL_Driver/Src/stm32f0xx_hal_flash.c ****   
 181:Drivers/STM32F0xx_HAL_Driver/Src/stm32f0xx_hal_flash.c ****   if(status == HAL_OK)
 182:Drivers/STM32F0xx_HAL_Driver/Src/stm32f0xx_hal_flash.c ****   {
 183:Drivers/STM32F0xx_HAL_Driver/Src/stm32f0xx_hal_flash.c ****     if(TypeProgram == FLASH_TYPEPROGRAM_HALFWORD)
 184:Drivers/STM32F0xx_HAL_Driver/Src/stm32f0xx_hal_flash.c ****     {
 185:Drivers/STM32F0xx_HAL_Driver/Src/stm32f0xx_hal_flash.c ****       /* Program halfword (16-bit) at a specified address. */
 186:Drivers/STM32F0xx_HAL_Driver/Src/stm32f0xx_hal_flash.c ****       nbiterations = 1U;
 187:Drivers/STM32F0xx_HAL_Driver/Src/stm32f0xx_hal_flash.c ****     }
 188:Drivers/STM32F0xx_HAL_Driver/Src/stm32f0xx_hal_flash.c ****     else if(TypeProgram == FLASH_TYPEPROGRAM_WORD)
 189:Drivers/STM32F0xx_HAL_Driver/Src/stm32f0xx_hal_flash.c ****     {
 190:Drivers/STM32F0xx_HAL_Driver/Src/stm32f0xx_hal_flash.c ****       /* Program word (32-bit = 2*16-bit) at a specified address. */
 191:Drivers/STM32F0xx_HAL_Driver/Src/stm32f0xx_hal_flash.c ****       nbiterations = 2U;
 192:Drivers/STM32F0xx_HAL_Driver/Src/stm32f0xx_hal_flash.c ****     }
 193:Drivers/STM32F0xx_HAL_Driver/Src/stm32f0xx_hal_flash.c ****     else
 194:Drivers/STM32F0xx_HAL_Driver/Src/stm32f0xx_hal_flash.c ****     {
 195:Drivers/STM32F0xx_HAL_Driver/Src/stm32f0xx_hal_flash.c ****       /* Program double word (64-bit = 4*16-bit) at a specified address. */
 196:Drivers/STM32F0xx_HAL_Driver/Src/stm32f0xx_hal_flash.c ****       nbiterations = 4U;
 197:Drivers/STM32F0xx_HAL_Driver/Src/stm32f0xx_hal_flash.c ****     }
 198:Drivers/STM32F0xx_HAL_Driver/Src/stm32f0xx_hal_flash.c **** 
 199:Drivers/STM32F0xx_HAL_Driver/Src/stm32f0xx_hal_flash.c ****     for (index = 0U; index < nbiterations; index++)
 200:Drivers/STM32F0xx_HAL_Driver/Src/stm32f0xx_hal_flash.c ****     {
 201:Drivers/STM32F0xx_HAL_Driver/Src/stm32f0xx_hal_flash.c ****       FLASH_Program_HalfWord((Address + (2U*index)), (uint16_t)(Data >> (16U*index)));
 202:Drivers/STM32F0xx_HAL_Driver/Src/stm32f0xx_hal_flash.c **** 
 203:Drivers/STM32F0xx_HAL_Driver/Src/stm32f0xx_hal_flash.c ****         /* Wait for last operation to be completed */
ARM GAS  C:\msys64\tmp\ccaiO6PM.s 			page 5


 204:Drivers/STM32F0xx_HAL_Driver/Src/stm32f0xx_hal_flash.c ****         status = FLASH_WaitForLastOperation(FLASH_TIMEOUT_VALUE);
 205:Drivers/STM32F0xx_HAL_Driver/Src/stm32f0xx_hal_flash.c ****     
 206:Drivers/STM32F0xx_HAL_Driver/Src/stm32f0xx_hal_flash.c ****         /* If the program operation is completed, disable the PG Bit */
 207:Drivers/STM32F0xx_HAL_Driver/Src/stm32f0xx_hal_flash.c ****         CLEAR_BIT(FLASH->CR, FLASH_CR_PG);
 208:Drivers/STM32F0xx_HAL_Driver/Src/stm32f0xx_hal_flash.c ****       /* In case of error, stop programming procedure */
 209:Drivers/STM32F0xx_HAL_Driver/Src/stm32f0xx_hal_flash.c ****       if (status != HAL_OK)
 210:Drivers/STM32F0xx_HAL_Driver/Src/stm32f0xx_hal_flash.c ****       {
 211:Drivers/STM32F0xx_HAL_Driver/Src/stm32f0xx_hal_flash.c ****         break;
 212:Drivers/STM32F0xx_HAL_Driver/Src/stm32f0xx_hal_flash.c ****       }
 213:Drivers/STM32F0xx_HAL_Driver/Src/stm32f0xx_hal_flash.c ****     }
 214:Drivers/STM32F0xx_HAL_Driver/Src/stm32f0xx_hal_flash.c ****   }
 215:Drivers/STM32F0xx_HAL_Driver/Src/stm32f0xx_hal_flash.c **** 
 216:Drivers/STM32F0xx_HAL_Driver/Src/stm32f0xx_hal_flash.c ****   /* Process Unlocked */
 217:Drivers/STM32F0xx_HAL_Driver/Src/stm32f0xx_hal_flash.c ****   __HAL_UNLOCK(&pFlash);
 218:Drivers/STM32F0xx_HAL_Driver/Src/stm32f0xx_hal_flash.c **** 
 219:Drivers/STM32F0xx_HAL_Driver/Src/stm32f0xx_hal_flash.c ****   return status;
 220:Drivers/STM32F0xx_HAL_Driver/Src/stm32f0xx_hal_flash.c **** }
 221:Drivers/STM32F0xx_HAL_Driver/Src/stm32f0xx_hal_flash.c **** 
 222:Drivers/STM32F0xx_HAL_Driver/Src/stm32f0xx_hal_flash.c **** /**
 223:Drivers/STM32F0xx_HAL_Driver/Src/stm32f0xx_hal_flash.c ****   * @brief  Program halfword, word or double word at a specified address  with interrupt enabled.
 224:Drivers/STM32F0xx_HAL_Driver/Src/stm32f0xx_hal_flash.c ****   * @note   The function HAL_FLASH_Unlock() should be called before to unlock the FLASH interface
 225:Drivers/STM32F0xx_HAL_Driver/Src/stm32f0xx_hal_flash.c ****   *         The function HAL_FLASH_Lock() should be called after to lock the FLASH interface
 226:Drivers/STM32F0xx_HAL_Driver/Src/stm32f0xx_hal_flash.c ****   *
 227:Drivers/STM32F0xx_HAL_Driver/Src/stm32f0xx_hal_flash.c ****   * @note   If an erase and a program operations are requested simultaneously,    
 228:Drivers/STM32F0xx_HAL_Driver/Src/stm32f0xx_hal_flash.c ****   *         the erase operation is performed before the program one.
 229:Drivers/STM32F0xx_HAL_Driver/Src/stm32f0xx_hal_flash.c ****   *
 230:Drivers/STM32F0xx_HAL_Driver/Src/stm32f0xx_hal_flash.c ****   * @param  TypeProgram  Indicate the way to program at a specified address.
 231:Drivers/STM32F0xx_HAL_Driver/Src/stm32f0xx_hal_flash.c ****   *                      This parameter can be a value of @ref FLASH_Type_Program
 232:Drivers/STM32F0xx_HAL_Driver/Src/stm32f0xx_hal_flash.c ****   * @param  Address      Specifie the address to be programmed.
 233:Drivers/STM32F0xx_HAL_Driver/Src/stm32f0xx_hal_flash.c ****   * @param  Data         Specifie the data to be programmed
 234:Drivers/STM32F0xx_HAL_Driver/Src/stm32f0xx_hal_flash.c ****   * 
 235:Drivers/STM32F0xx_HAL_Driver/Src/stm32f0xx_hal_flash.c ****   * @retval HAL_StatusTypeDef HAL Status
 236:Drivers/STM32F0xx_HAL_Driver/Src/stm32f0xx_hal_flash.c ****   */
 237:Drivers/STM32F0xx_HAL_Driver/Src/stm32f0xx_hal_flash.c **** HAL_StatusTypeDef HAL_FLASH_Program_IT(uint32_t TypeProgram, uint32_t Address, uint64_t Data)
 238:Drivers/STM32F0xx_HAL_Driver/Src/stm32f0xx_hal_flash.c **** {
 239:Drivers/STM32F0xx_HAL_Driver/Src/stm32f0xx_hal_flash.c ****   HAL_StatusTypeDef status = HAL_OK;
 240:Drivers/STM32F0xx_HAL_Driver/Src/stm32f0xx_hal_flash.c ****   
 241:Drivers/STM32F0xx_HAL_Driver/Src/stm32f0xx_hal_flash.c ****   /* Process Locked */
 242:Drivers/STM32F0xx_HAL_Driver/Src/stm32f0xx_hal_flash.c ****   __HAL_LOCK(&pFlash);
 243:Drivers/STM32F0xx_HAL_Driver/Src/stm32f0xx_hal_flash.c **** 
 244:Drivers/STM32F0xx_HAL_Driver/Src/stm32f0xx_hal_flash.c ****   /* Check the parameters */
 245:Drivers/STM32F0xx_HAL_Driver/Src/stm32f0xx_hal_flash.c ****   assert_param(IS_FLASH_TYPEPROGRAM(TypeProgram));
 246:Drivers/STM32F0xx_HAL_Driver/Src/stm32f0xx_hal_flash.c ****   assert_param(IS_FLASH_PROGRAM_ADDRESS(Address));
 247:Drivers/STM32F0xx_HAL_Driver/Src/stm32f0xx_hal_flash.c **** 
 248:Drivers/STM32F0xx_HAL_Driver/Src/stm32f0xx_hal_flash.c ****   /* Enable End of FLASH Operation and Error source interrupts */
 249:Drivers/STM32F0xx_HAL_Driver/Src/stm32f0xx_hal_flash.c ****   __HAL_FLASH_ENABLE_IT(FLASH_IT_EOP | FLASH_IT_ERR);
 250:Drivers/STM32F0xx_HAL_Driver/Src/stm32f0xx_hal_flash.c ****   
 251:Drivers/STM32F0xx_HAL_Driver/Src/stm32f0xx_hal_flash.c ****   pFlash.Address = Address;
 252:Drivers/STM32F0xx_HAL_Driver/Src/stm32f0xx_hal_flash.c ****   pFlash.Data = Data;
 253:Drivers/STM32F0xx_HAL_Driver/Src/stm32f0xx_hal_flash.c **** 
 254:Drivers/STM32F0xx_HAL_Driver/Src/stm32f0xx_hal_flash.c ****   if(TypeProgram == FLASH_TYPEPROGRAM_HALFWORD)
 255:Drivers/STM32F0xx_HAL_Driver/Src/stm32f0xx_hal_flash.c ****   {
 256:Drivers/STM32F0xx_HAL_Driver/Src/stm32f0xx_hal_flash.c ****     pFlash.ProcedureOnGoing = FLASH_PROC_PROGRAMHALFWORD;
 257:Drivers/STM32F0xx_HAL_Driver/Src/stm32f0xx_hal_flash.c ****     /* Program halfword (16-bit) at a specified address. */
 258:Drivers/STM32F0xx_HAL_Driver/Src/stm32f0xx_hal_flash.c ****     pFlash.DataRemaining = 1U;
 259:Drivers/STM32F0xx_HAL_Driver/Src/stm32f0xx_hal_flash.c ****   }
 260:Drivers/STM32F0xx_HAL_Driver/Src/stm32f0xx_hal_flash.c ****   else if(TypeProgram == FLASH_TYPEPROGRAM_WORD)
ARM GAS  C:\msys64\tmp\ccaiO6PM.s 			page 6


 261:Drivers/STM32F0xx_HAL_Driver/Src/stm32f0xx_hal_flash.c ****   {
 262:Drivers/STM32F0xx_HAL_Driver/Src/stm32f0xx_hal_flash.c ****     pFlash.ProcedureOnGoing = FLASH_PROC_PROGRAMWORD;
 263:Drivers/STM32F0xx_HAL_Driver/Src/stm32f0xx_hal_flash.c ****     /* Program word (32-bit : 2*16-bit) at a specified address. */
 264:Drivers/STM32F0xx_HAL_Driver/Src/stm32f0xx_hal_flash.c ****     pFlash.DataRemaining = 2U;
 265:Drivers/STM32F0xx_HAL_Driver/Src/stm32f0xx_hal_flash.c ****   }
 266:Drivers/STM32F0xx_HAL_Driver/Src/stm32f0xx_hal_flash.c ****   else
 267:Drivers/STM32F0xx_HAL_Driver/Src/stm32f0xx_hal_flash.c ****   {
 268:Drivers/STM32F0xx_HAL_Driver/Src/stm32f0xx_hal_flash.c ****     pFlash.ProcedureOnGoing = FLASH_PROC_PROGRAMDOUBLEWORD;
 269:Drivers/STM32F0xx_HAL_Driver/Src/stm32f0xx_hal_flash.c ****     /* Program double word (64-bit : 4*16-bit) at a specified address. */
 270:Drivers/STM32F0xx_HAL_Driver/Src/stm32f0xx_hal_flash.c ****     pFlash.DataRemaining = 4U;
 271:Drivers/STM32F0xx_HAL_Driver/Src/stm32f0xx_hal_flash.c ****   }
 272:Drivers/STM32F0xx_HAL_Driver/Src/stm32f0xx_hal_flash.c **** 
 273:Drivers/STM32F0xx_HAL_Driver/Src/stm32f0xx_hal_flash.c ****   /* Program halfword (16-bit) at a specified address. */
 274:Drivers/STM32F0xx_HAL_Driver/Src/stm32f0xx_hal_flash.c ****   FLASH_Program_HalfWord(Address, (uint16_t)Data);
 275:Drivers/STM32F0xx_HAL_Driver/Src/stm32f0xx_hal_flash.c **** 
 276:Drivers/STM32F0xx_HAL_Driver/Src/stm32f0xx_hal_flash.c ****   return status;
 277:Drivers/STM32F0xx_HAL_Driver/Src/stm32f0xx_hal_flash.c **** }
 278:Drivers/STM32F0xx_HAL_Driver/Src/stm32f0xx_hal_flash.c **** 
 279:Drivers/STM32F0xx_HAL_Driver/Src/stm32f0xx_hal_flash.c **** /**
 280:Drivers/STM32F0xx_HAL_Driver/Src/stm32f0xx_hal_flash.c ****   * @brief This function handles FLASH interrupt request.
 281:Drivers/STM32F0xx_HAL_Driver/Src/stm32f0xx_hal_flash.c ****   * @retval None
 282:Drivers/STM32F0xx_HAL_Driver/Src/stm32f0xx_hal_flash.c ****   */
 283:Drivers/STM32F0xx_HAL_Driver/Src/stm32f0xx_hal_flash.c **** void HAL_FLASH_IRQHandler(void)
 284:Drivers/STM32F0xx_HAL_Driver/Src/stm32f0xx_hal_flash.c **** {
 285:Drivers/STM32F0xx_HAL_Driver/Src/stm32f0xx_hal_flash.c ****   uint32_t addresstmp = 0U;
 286:Drivers/STM32F0xx_HAL_Driver/Src/stm32f0xx_hal_flash.c ****   
 287:Drivers/STM32F0xx_HAL_Driver/Src/stm32f0xx_hal_flash.c ****   /* Check FLASH operation error flags */
 288:Drivers/STM32F0xx_HAL_Driver/Src/stm32f0xx_hal_flash.c ****   if(__HAL_FLASH_GET_FLAG(FLASH_FLAG_WRPERR) ||__HAL_FLASH_GET_FLAG(FLASH_FLAG_PGERR))
 289:Drivers/STM32F0xx_HAL_Driver/Src/stm32f0xx_hal_flash.c ****   {
 290:Drivers/STM32F0xx_HAL_Driver/Src/stm32f0xx_hal_flash.c ****     /* Return the faulty address */
 291:Drivers/STM32F0xx_HAL_Driver/Src/stm32f0xx_hal_flash.c ****     addresstmp = pFlash.Address;
 292:Drivers/STM32F0xx_HAL_Driver/Src/stm32f0xx_hal_flash.c ****     /* Reset address */
 293:Drivers/STM32F0xx_HAL_Driver/Src/stm32f0xx_hal_flash.c ****     pFlash.Address = 0xFFFFFFFFU;
 294:Drivers/STM32F0xx_HAL_Driver/Src/stm32f0xx_hal_flash.c ****   
 295:Drivers/STM32F0xx_HAL_Driver/Src/stm32f0xx_hal_flash.c ****     /* Save the Error code */
 296:Drivers/STM32F0xx_HAL_Driver/Src/stm32f0xx_hal_flash.c ****     FLASH_SetErrorCode();
 297:Drivers/STM32F0xx_HAL_Driver/Src/stm32f0xx_hal_flash.c ****     
 298:Drivers/STM32F0xx_HAL_Driver/Src/stm32f0xx_hal_flash.c ****     /* FLASH error interrupt user callback */
 299:Drivers/STM32F0xx_HAL_Driver/Src/stm32f0xx_hal_flash.c ****     HAL_FLASH_OperationErrorCallback(addresstmp);
 300:Drivers/STM32F0xx_HAL_Driver/Src/stm32f0xx_hal_flash.c **** 
 301:Drivers/STM32F0xx_HAL_Driver/Src/stm32f0xx_hal_flash.c ****     /* Stop the procedure ongoing */
 302:Drivers/STM32F0xx_HAL_Driver/Src/stm32f0xx_hal_flash.c ****     pFlash.ProcedureOnGoing = FLASH_PROC_NONE;
 303:Drivers/STM32F0xx_HAL_Driver/Src/stm32f0xx_hal_flash.c ****   }
 304:Drivers/STM32F0xx_HAL_Driver/Src/stm32f0xx_hal_flash.c **** 
 305:Drivers/STM32F0xx_HAL_Driver/Src/stm32f0xx_hal_flash.c ****   /* Check FLASH End of Operation flag  */
 306:Drivers/STM32F0xx_HAL_Driver/Src/stm32f0xx_hal_flash.c ****   if(__HAL_FLASH_GET_FLAG(FLASH_FLAG_EOP))
 307:Drivers/STM32F0xx_HAL_Driver/Src/stm32f0xx_hal_flash.c ****   {
 308:Drivers/STM32F0xx_HAL_Driver/Src/stm32f0xx_hal_flash.c ****     /* Clear FLASH End of Operation pending bit */
 309:Drivers/STM32F0xx_HAL_Driver/Src/stm32f0xx_hal_flash.c ****     __HAL_FLASH_CLEAR_FLAG(FLASH_FLAG_EOP);
 310:Drivers/STM32F0xx_HAL_Driver/Src/stm32f0xx_hal_flash.c ****     
 311:Drivers/STM32F0xx_HAL_Driver/Src/stm32f0xx_hal_flash.c ****     /* Process can continue only if no error detected */
 312:Drivers/STM32F0xx_HAL_Driver/Src/stm32f0xx_hal_flash.c ****     if(pFlash.ProcedureOnGoing != FLASH_PROC_NONE)
 313:Drivers/STM32F0xx_HAL_Driver/Src/stm32f0xx_hal_flash.c ****     {
 314:Drivers/STM32F0xx_HAL_Driver/Src/stm32f0xx_hal_flash.c ****       if(pFlash.ProcedureOnGoing == FLASH_PROC_PAGEERASE)
 315:Drivers/STM32F0xx_HAL_Driver/Src/stm32f0xx_hal_flash.c ****       {
 316:Drivers/STM32F0xx_HAL_Driver/Src/stm32f0xx_hal_flash.c ****         /* Nb of pages to erased can be decreased */
 317:Drivers/STM32F0xx_HAL_Driver/Src/stm32f0xx_hal_flash.c ****         pFlash.DataRemaining--;
ARM GAS  C:\msys64\tmp\ccaiO6PM.s 			page 7


 318:Drivers/STM32F0xx_HAL_Driver/Src/stm32f0xx_hal_flash.c **** 
 319:Drivers/STM32F0xx_HAL_Driver/Src/stm32f0xx_hal_flash.c ****         /* Check if there are still pages to erase */
 320:Drivers/STM32F0xx_HAL_Driver/Src/stm32f0xx_hal_flash.c ****         if(pFlash.DataRemaining != 0U)
 321:Drivers/STM32F0xx_HAL_Driver/Src/stm32f0xx_hal_flash.c ****         {
 322:Drivers/STM32F0xx_HAL_Driver/Src/stm32f0xx_hal_flash.c ****           addresstmp = pFlash.Address;
 323:Drivers/STM32F0xx_HAL_Driver/Src/stm32f0xx_hal_flash.c ****           /*Indicate user which sector has been erased */
 324:Drivers/STM32F0xx_HAL_Driver/Src/stm32f0xx_hal_flash.c ****           HAL_FLASH_EndOfOperationCallback(addresstmp);
 325:Drivers/STM32F0xx_HAL_Driver/Src/stm32f0xx_hal_flash.c **** 
 326:Drivers/STM32F0xx_HAL_Driver/Src/stm32f0xx_hal_flash.c ****           /*Increment sector number*/
 327:Drivers/STM32F0xx_HAL_Driver/Src/stm32f0xx_hal_flash.c ****           addresstmp = pFlash.Address + FLASH_PAGE_SIZE;
 328:Drivers/STM32F0xx_HAL_Driver/Src/stm32f0xx_hal_flash.c ****           pFlash.Address = addresstmp;
 329:Drivers/STM32F0xx_HAL_Driver/Src/stm32f0xx_hal_flash.c **** 
 330:Drivers/STM32F0xx_HAL_Driver/Src/stm32f0xx_hal_flash.c ****           /* If the erase operation is completed, disable the PER Bit */
 331:Drivers/STM32F0xx_HAL_Driver/Src/stm32f0xx_hal_flash.c ****           CLEAR_BIT(FLASH->CR, FLASH_CR_PER);
 332:Drivers/STM32F0xx_HAL_Driver/Src/stm32f0xx_hal_flash.c **** 
 333:Drivers/STM32F0xx_HAL_Driver/Src/stm32f0xx_hal_flash.c ****           FLASH_PageErase(addresstmp);
 334:Drivers/STM32F0xx_HAL_Driver/Src/stm32f0xx_hal_flash.c ****         }
 335:Drivers/STM32F0xx_HAL_Driver/Src/stm32f0xx_hal_flash.c ****         else
 336:Drivers/STM32F0xx_HAL_Driver/Src/stm32f0xx_hal_flash.c ****         {
 337:Drivers/STM32F0xx_HAL_Driver/Src/stm32f0xx_hal_flash.c ****           /* No more pages to Erase, user callback can be called. */
 338:Drivers/STM32F0xx_HAL_Driver/Src/stm32f0xx_hal_flash.c ****           /* Reset Sector and stop Erase pages procedure */
 339:Drivers/STM32F0xx_HAL_Driver/Src/stm32f0xx_hal_flash.c ****           pFlash.Address = addresstmp = 0xFFFFFFFFU;
 340:Drivers/STM32F0xx_HAL_Driver/Src/stm32f0xx_hal_flash.c ****           pFlash.ProcedureOnGoing = FLASH_PROC_NONE;
 341:Drivers/STM32F0xx_HAL_Driver/Src/stm32f0xx_hal_flash.c ****           /* FLASH EOP interrupt user callback */
 342:Drivers/STM32F0xx_HAL_Driver/Src/stm32f0xx_hal_flash.c ****           HAL_FLASH_EndOfOperationCallback(addresstmp);
 343:Drivers/STM32F0xx_HAL_Driver/Src/stm32f0xx_hal_flash.c ****         }
 344:Drivers/STM32F0xx_HAL_Driver/Src/stm32f0xx_hal_flash.c ****       }
 345:Drivers/STM32F0xx_HAL_Driver/Src/stm32f0xx_hal_flash.c ****       else if(pFlash.ProcedureOnGoing == FLASH_PROC_MASSERASE)
 346:Drivers/STM32F0xx_HAL_Driver/Src/stm32f0xx_hal_flash.c ****       {
 347:Drivers/STM32F0xx_HAL_Driver/Src/stm32f0xx_hal_flash.c ****         /* Operation is completed, disable the MER Bit */
 348:Drivers/STM32F0xx_HAL_Driver/Src/stm32f0xx_hal_flash.c ****         CLEAR_BIT(FLASH->CR, FLASH_CR_MER);
 349:Drivers/STM32F0xx_HAL_Driver/Src/stm32f0xx_hal_flash.c **** 
 350:Drivers/STM32F0xx_HAL_Driver/Src/stm32f0xx_hal_flash.c ****           /* MassErase ended. Return the selected bank */
 351:Drivers/STM32F0xx_HAL_Driver/Src/stm32f0xx_hal_flash.c ****           /* FLASH EOP interrupt user callback */
 352:Drivers/STM32F0xx_HAL_Driver/Src/stm32f0xx_hal_flash.c ****           HAL_FLASH_EndOfOperationCallback(0);
 353:Drivers/STM32F0xx_HAL_Driver/Src/stm32f0xx_hal_flash.c **** 
 354:Drivers/STM32F0xx_HAL_Driver/Src/stm32f0xx_hal_flash.c ****           /* Stop Mass Erase procedure*/
 355:Drivers/STM32F0xx_HAL_Driver/Src/stm32f0xx_hal_flash.c ****           pFlash.ProcedureOnGoing = FLASH_PROC_NONE;
 356:Drivers/STM32F0xx_HAL_Driver/Src/stm32f0xx_hal_flash.c ****         }
 357:Drivers/STM32F0xx_HAL_Driver/Src/stm32f0xx_hal_flash.c ****       else
 358:Drivers/STM32F0xx_HAL_Driver/Src/stm32f0xx_hal_flash.c ****       {
 359:Drivers/STM32F0xx_HAL_Driver/Src/stm32f0xx_hal_flash.c ****         /* Nb of 16-bit data to program can be decreased */
 360:Drivers/STM32F0xx_HAL_Driver/Src/stm32f0xx_hal_flash.c ****         pFlash.DataRemaining--;
 361:Drivers/STM32F0xx_HAL_Driver/Src/stm32f0xx_hal_flash.c ****         
 362:Drivers/STM32F0xx_HAL_Driver/Src/stm32f0xx_hal_flash.c ****         /* Check if there are still 16-bit data to program */
 363:Drivers/STM32F0xx_HAL_Driver/Src/stm32f0xx_hal_flash.c ****         if(pFlash.DataRemaining != 0U)
 364:Drivers/STM32F0xx_HAL_Driver/Src/stm32f0xx_hal_flash.c ****         {
 365:Drivers/STM32F0xx_HAL_Driver/Src/stm32f0xx_hal_flash.c ****           /* Increment address to 16-bit */
 366:Drivers/STM32F0xx_HAL_Driver/Src/stm32f0xx_hal_flash.c ****           pFlash.Address += 2;
 367:Drivers/STM32F0xx_HAL_Driver/Src/stm32f0xx_hal_flash.c ****           addresstmp = pFlash.Address;
 368:Drivers/STM32F0xx_HAL_Driver/Src/stm32f0xx_hal_flash.c ****           
 369:Drivers/STM32F0xx_HAL_Driver/Src/stm32f0xx_hal_flash.c ****           /* Shift to have next 16-bit data */
 370:Drivers/STM32F0xx_HAL_Driver/Src/stm32f0xx_hal_flash.c ****           pFlash.Data = (pFlash.Data >> 16U);
 371:Drivers/STM32F0xx_HAL_Driver/Src/stm32f0xx_hal_flash.c ****           
 372:Drivers/STM32F0xx_HAL_Driver/Src/stm32f0xx_hal_flash.c ****           /* Operation is completed, disable the PG Bit */
 373:Drivers/STM32F0xx_HAL_Driver/Src/stm32f0xx_hal_flash.c ****           CLEAR_BIT(FLASH->CR, FLASH_CR_PG);
 374:Drivers/STM32F0xx_HAL_Driver/Src/stm32f0xx_hal_flash.c **** 
ARM GAS  C:\msys64\tmp\ccaiO6PM.s 			page 8


 375:Drivers/STM32F0xx_HAL_Driver/Src/stm32f0xx_hal_flash.c ****           /*Program halfword (16-bit) at a specified address.*/
 376:Drivers/STM32F0xx_HAL_Driver/Src/stm32f0xx_hal_flash.c ****           FLASH_Program_HalfWord(addresstmp, (uint16_t)pFlash.Data);
 377:Drivers/STM32F0xx_HAL_Driver/Src/stm32f0xx_hal_flash.c ****         }
 378:Drivers/STM32F0xx_HAL_Driver/Src/stm32f0xx_hal_flash.c ****         else
 379:Drivers/STM32F0xx_HAL_Driver/Src/stm32f0xx_hal_flash.c ****         {
 380:Drivers/STM32F0xx_HAL_Driver/Src/stm32f0xx_hal_flash.c ****           /* Program ended. Return the selected address */
 381:Drivers/STM32F0xx_HAL_Driver/Src/stm32f0xx_hal_flash.c ****           /* FLASH EOP interrupt user callback */
 382:Drivers/STM32F0xx_HAL_Driver/Src/stm32f0xx_hal_flash.c ****           if (pFlash.ProcedureOnGoing == FLASH_PROC_PROGRAMHALFWORD)
 383:Drivers/STM32F0xx_HAL_Driver/Src/stm32f0xx_hal_flash.c ****           {
 384:Drivers/STM32F0xx_HAL_Driver/Src/stm32f0xx_hal_flash.c ****             HAL_FLASH_EndOfOperationCallback(pFlash.Address);
 385:Drivers/STM32F0xx_HAL_Driver/Src/stm32f0xx_hal_flash.c ****           }
 386:Drivers/STM32F0xx_HAL_Driver/Src/stm32f0xx_hal_flash.c ****           else if (pFlash.ProcedureOnGoing == FLASH_PROC_PROGRAMWORD)
 387:Drivers/STM32F0xx_HAL_Driver/Src/stm32f0xx_hal_flash.c ****           {
 388:Drivers/STM32F0xx_HAL_Driver/Src/stm32f0xx_hal_flash.c ****             HAL_FLASH_EndOfOperationCallback(pFlash.Address - 2U);
 389:Drivers/STM32F0xx_HAL_Driver/Src/stm32f0xx_hal_flash.c ****           }
 390:Drivers/STM32F0xx_HAL_Driver/Src/stm32f0xx_hal_flash.c ****           else 
 391:Drivers/STM32F0xx_HAL_Driver/Src/stm32f0xx_hal_flash.c ****           {
 392:Drivers/STM32F0xx_HAL_Driver/Src/stm32f0xx_hal_flash.c ****             HAL_FLASH_EndOfOperationCallback(pFlash.Address - 6U);
 393:Drivers/STM32F0xx_HAL_Driver/Src/stm32f0xx_hal_flash.c ****           }
 394:Drivers/STM32F0xx_HAL_Driver/Src/stm32f0xx_hal_flash.c ****         
 395:Drivers/STM32F0xx_HAL_Driver/Src/stm32f0xx_hal_flash.c ****           /* Reset Address and stop Program procedure */
 396:Drivers/STM32F0xx_HAL_Driver/Src/stm32f0xx_hal_flash.c ****           pFlash.Address = 0xFFFFFFFFU;
 397:Drivers/STM32F0xx_HAL_Driver/Src/stm32f0xx_hal_flash.c ****           pFlash.ProcedureOnGoing = FLASH_PROC_NONE;
 398:Drivers/STM32F0xx_HAL_Driver/Src/stm32f0xx_hal_flash.c ****         }
 399:Drivers/STM32F0xx_HAL_Driver/Src/stm32f0xx_hal_flash.c ****       }
 400:Drivers/STM32F0xx_HAL_Driver/Src/stm32f0xx_hal_flash.c ****     }
 401:Drivers/STM32F0xx_HAL_Driver/Src/stm32f0xx_hal_flash.c ****   }
 402:Drivers/STM32F0xx_HAL_Driver/Src/stm32f0xx_hal_flash.c ****   
 403:Drivers/STM32F0xx_HAL_Driver/Src/stm32f0xx_hal_flash.c **** 
 404:Drivers/STM32F0xx_HAL_Driver/Src/stm32f0xx_hal_flash.c ****   if(pFlash.ProcedureOnGoing == FLASH_PROC_NONE)
 405:Drivers/STM32F0xx_HAL_Driver/Src/stm32f0xx_hal_flash.c ****   {
 406:Drivers/STM32F0xx_HAL_Driver/Src/stm32f0xx_hal_flash.c ****     /* Operation is completed, disable the PG, PER and MER Bits */
 407:Drivers/STM32F0xx_HAL_Driver/Src/stm32f0xx_hal_flash.c ****     CLEAR_BIT(FLASH->CR, (FLASH_CR_PG | FLASH_CR_PER | FLASH_CR_MER));
 408:Drivers/STM32F0xx_HAL_Driver/Src/stm32f0xx_hal_flash.c **** 
 409:Drivers/STM32F0xx_HAL_Driver/Src/stm32f0xx_hal_flash.c ****     /* Disable End of FLASH Operation and Error source interrupts */
 410:Drivers/STM32F0xx_HAL_Driver/Src/stm32f0xx_hal_flash.c ****     __HAL_FLASH_DISABLE_IT(FLASH_IT_EOP | FLASH_IT_ERR);
 411:Drivers/STM32F0xx_HAL_Driver/Src/stm32f0xx_hal_flash.c **** 
 412:Drivers/STM32F0xx_HAL_Driver/Src/stm32f0xx_hal_flash.c ****     /* Process Unlocked */
 413:Drivers/STM32F0xx_HAL_Driver/Src/stm32f0xx_hal_flash.c ****     __HAL_UNLOCK(&pFlash);
 414:Drivers/STM32F0xx_HAL_Driver/Src/stm32f0xx_hal_flash.c ****   }
 415:Drivers/STM32F0xx_HAL_Driver/Src/stm32f0xx_hal_flash.c **** }
 416:Drivers/STM32F0xx_HAL_Driver/Src/stm32f0xx_hal_flash.c **** 
 417:Drivers/STM32F0xx_HAL_Driver/Src/stm32f0xx_hal_flash.c **** /**
 418:Drivers/STM32F0xx_HAL_Driver/Src/stm32f0xx_hal_flash.c ****   * @brief  FLASH end of operation interrupt callback
 419:Drivers/STM32F0xx_HAL_Driver/Src/stm32f0xx_hal_flash.c ****   * @param  ReturnValue The value saved in this parameter depends on the ongoing procedure
 420:Drivers/STM32F0xx_HAL_Driver/Src/stm32f0xx_hal_flash.c ****   *                 - Mass Erase: No return value expected
 421:Drivers/STM32F0xx_HAL_Driver/Src/stm32f0xx_hal_flash.c ****   *                 - Pages Erase: Address of the page which has been erased 
 422:Drivers/STM32F0xx_HAL_Driver/Src/stm32f0xx_hal_flash.c ****   *                    (if 0xFFFFFFFF, it means that all the selected pages have been erased)
 423:Drivers/STM32F0xx_HAL_Driver/Src/stm32f0xx_hal_flash.c ****   *                 - Program: Address which was selected for data program
 424:Drivers/STM32F0xx_HAL_Driver/Src/stm32f0xx_hal_flash.c ****   * @retval none
 425:Drivers/STM32F0xx_HAL_Driver/Src/stm32f0xx_hal_flash.c ****   */
 426:Drivers/STM32F0xx_HAL_Driver/Src/stm32f0xx_hal_flash.c **** __weak void HAL_FLASH_EndOfOperationCallback(uint32_t ReturnValue)
 427:Drivers/STM32F0xx_HAL_Driver/Src/stm32f0xx_hal_flash.c **** {
 428:Drivers/STM32F0xx_HAL_Driver/Src/stm32f0xx_hal_flash.c ****   /* Prevent unused argument(s) compilation warning */
 429:Drivers/STM32F0xx_HAL_Driver/Src/stm32f0xx_hal_flash.c ****   UNUSED(ReturnValue);
 430:Drivers/STM32F0xx_HAL_Driver/Src/stm32f0xx_hal_flash.c **** 
 431:Drivers/STM32F0xx_HAL_Driver/Src/stm32f0xx_hal_flash.c ****   /* NOTE : This function Should not be modified, when the callback is needed,
ARM GAS  C:\msys64\tmp\ccaiO6PM.s 			page 9


 432:Drivers/STM32F0xx_HAL_Driver/Src/stm32f0xx_hal_flash.c ****             the HAL_FLASH_EndOfOperationCallback could be implemented in the user file
 433:Drivers/STM32F0xx_HAL_Driver/Src/stm32f0xx_hal_flash.c ****    */ 
 434:Drivers/STM32F0xx_HAL_Driver/Src/stm32f0xx_hal_flash.c **** }
 435:Drivers/STM32F0xx_HAL_Driver/Src/stm32f0xx_hal_flash.c **** 
 436:Drivers/STM32F0xx_HAL_Driver/Src/stm32f0xx_hal_flash.c **** /**
 437:Drivers/STM32F0xx_HAL_Driver/Src/stm32f0xx_hal_flash.c ****   * @brief  FLASH operation error interrupt callback
 438:Drivers/STM32F0xx_HAL_Driver/Src/stm32f0xx_hal_flash.c ****   * @param  ReturnValue The value saved in this parameter depends on the ongoing procedure
 439:Drivers/STM32F0xx_HAL_Driver/Src/stm32f0xx_hal_flash.c ****   *                 - Mass Erase: No return value expected
 440:Drivers/STM32F0xx_HAL_Driver/Src/stm32f0xx_hal_flash.c ****   *                 - Pages Erase: Address of the page which returned an error
 441:Drivers/STM32F0xx_HAL_Driver/Src/stm32f0xx_hal_flash.c ****   *                 - Program: Address which was selected for data program
 442:Drivers/STM32F0xx_HAL_Driver/Src/stm32f0xx_hal_flash.c ****   * @retval none
 443:Drivers/STM32F0xx_HAL_Driver/Src/stm32f0xx_hal_flash.c ****   */
 444:Drivers/STM32F0xx_HAL_Driver/Src/stm32f0xx_hal_flash.c **** __weak void HAL_FLASH_OperationErrorCallback(uint32_t ReturnValue)
 445:Drivers/STM32F0xx_HAL_Driver/Src/stm32f0xx_hal_flash.c **** {
 446:Drivers/STM32F0xx_HAL_Driver/Src/stm32f0xx_hal_flash.c ****   /* Prevent unused argument(s) compilation warning */
 447:Drivers/STM32F0xx_HAL_Driver/Src/stm32f0xx_hal_flash.c ****   UNUSED(ReturnValue);
 448:Drivers/STM32F0xx_HAL_Driver/Src/stm32f0xx_hal_flash.c **** 
 449:Drivers/STM32F0xx_HAL_Driver/Src/stm32f0xx_hal_flash.c ****   /* NOTE : This function Should not be modified, when the callback is needed,
 450:Drivers/STM32F0xx_HAL_Driver/Src/stm32f0xx_hal_flash.c ****             the HAL_FLASH_OperationErrorCallback could be implemented in the user file
 451:Drivers/STM32F0xx_HAL_Driver/Src/stm32f0xx_hal_flash.c ****    */ 
 452:Drivers/STM32F0xx_HAL_Driver/Src/stm32f0xx_hal_flash.c **** }
 453:Drivers/STM32F0xx_HAL_Driver/Src/stm32f0xx_hal_flash.c **** 
 454:Drivers/STM32F0xx_HAL_Driver/Src/stm32f0xx_hal_flash.c **** /**
 455:Drivers/STM32F0xx_HAL_Driver/Src/stm32f0xx_hal_flash.c ****   * @}
 456:Drivers/STM32F0xx_HAL_Driver/Src/stm32f0xx_hal_flash.c ****   */
 457:Drivers/STM32F0xx_HAL_Driver/Src/stm32f0xx_hal_flash.c **** 
 458:Drivers/STM32F0xx_HAL_Driver/Src/stm32f0xx_hal_flash.c **** /** @defgroup FLASH_Exported_Functions_Group2 Peripheral Control functions 
 459:Drivers/STM32F0xx_HAL_Driver/Src/stm32f0xx_hal_flash.c ****  *  @brief   management functions 
 460:Drivers/STM32F0xx_HAL_Driver/Src/stm32f0xx_hal_flash.c ****  *
 461:Drivers/STM32F0xx_HAL_Driver/Src/stm32f0xx_hal_flash.c **** @verbatim   
 462:Drivers/STM32F0xx_HAL_Driver/Src/stm32f0xx_hal_flash.c ****  ===============================================================================
 463:Drivers/STM32F0xx_HAL_Driver/Src/stm32f0xx_hal_flash.c ****                       ##### Peripheral Control functions #####
 464:Drivers/STM32F0xx_HAL_Driver/Src/stm32f0xx_hal_flash.c ****  ===============================================================================  
 465:Drivers/STM32F0xx_HAL_Driver/Src/stm32f0xx_hal_flash.c ****     [..]
 466:Drivers/STM32F0xx_HAL_Driver/Src/stm32f0xx_hal_flash.c ****     This subsection provides a set of functions allowing to control the FLASH 
 467:Drivers/STM32F0xx_HAL_Driver/Src/stm32f0xx_hal_flash.c ****     memory operations.
 468:Drivers/STM32F0xx_HAL_Driver/Src/stm32f0xx_hal_flash.c **** 
 469:Drivers/STM32F0xx_HAL_Driver/Src/stm32f0xx_hal_flash.c **** @endverbatim
 470:Drivers/STM32F0xx_HAL_Driver/Src/stm32f0xx_hal_flash.c ****   * @{
 471:Drivers/STM32F0xx_HAL_Driver/Src/stm32f0xx_hal_flash.c ****   */
 472:Drivers/STM32F0xx_HAL_Driver/Src/stm32f0xx_hal_flash.c **** 
 473:Drivers/STM32F0xx_HAL_Driver/Src/stm32f0xx_hal_flash.c **** /**
 474:Drivers/STM32F0xx_HAL_Driver/Src/stm32f0xx_hal_flash.c ****   * @brief  Unlock the FLASH control register access
 475:Drivers/STM32F0xx_HAL_Driver/Src/stm32f0xx_hal_flash.c ****   * @retval HAL Status
 476:Drivers/STM32F0xx_HAL_Driver/Src/stm32f0xx_hal_flash.c ****   */
 477:Drivers/STM32F0xx_HAL_Driver/Src/stm32f0xx_hal_flash.c **** HAL_StatusTypeDef HAL_FLASH_Unlock(void)
 478:Drivers/STM32F0xx_HAL_Driver/Src/stm32f0xx_hal_flash.c **** {
 479:Drivers/STM32F0xx_HAL_Driver/Src/stm32f0xx_hal_flash.c ****   HAL_StatusTypeDef status = HAL_OK;
 480:Drivers/STM32F0xx_HAL_Driver/Src/stm32f0xx_hal_flash.c **** 
 481:Drivers/STM32F0xx_HAL_Driver/Src/stm32f0xx_hal_flash.c ****   if(READ_BIT(FLASH->CR, FLASH_CR_LOCK) != RESET)
 482:Drivers/STM32F0xx_HAL_Driver/Src/stm32f0xx_hal_flash.c ****   {
 483:Drivers/STM32F0xx_HAL_Driver/Src/stm32f0xx_hal_flash.c ****     /* Authorize the FLASH Registers access */
 484:Drivers/STM32F0xx_HAL_Driver/Src/stm32f0xx_hal_flash.c ****     WRITE_REG(FLASH->KEYR, FLASH_KEY1);
 485:Drivers/STM32F0xx_HAL_Driver/Src/stm32f0xx_hal_flash.c ****     WRITE_REG(FLASH->KEYR, FLASH_KEY2);
 486:Drivers/STM32F0xx_HAL_Driver/Src/stm32f0xx_hal_flash.c **** 
 487:Drivers/STM32F0xx_HAL_Driver/Src/stm32f0xx_hal_flash.c ****     /* Verify Flash is unlocked */
 488:Drivers/STM32F0xx_HAL_Driver/Src/stm32f0xx_hal_flash.c ****     if(READ_BIT(FLASH->CR, FLASH_CR_LOCK) != RESET)
ARM GAS  C:\msys64\tmp\ccaiO6PM.s 			page 10


 489:Drivers/STM32F0xx_HAL_Driver/Src/stm32f0xx_hal_flash.c ****     {
 490:Drivers/STM32F0xx_HAL_Driver/Src/stm32f0xx_hal_flash.c ****       status = HAL_ERROR;
 491:Drivers/STM32F0xx_HAL_Driver/Src/stm32f0xx_hal_flash.c ****     }
 492:Drivers/STM32F0xx_HAL_Driver/Src/stm32f0xx_hal_flash.c ****   }
 493:Drivers/STM32F0xx_HAL_Driver/Src/stm32f0xx_hal_flash.c **** 
 494:Drivers/STM32F0xx_HAL_Driver/Src/stm32f0xx_hal_flash.c ****   return status;
 495:Drivers/STM32F0xx_HAL_Driver/Src/stm32f0xx_hal_flash.c **** }
 496:Drivers/STM32F0xx_HAL_Driver/Src/stm32f0xx_hal_flash.c **** 
 497:Drivers/STM32F0xx_HAL_Driver/Src/stm32f0xx_hal_flash.c **** /**
 498:Drivers/STM32F0xx_HAL_Driver/Src/stm32f0xx_hal_flash.c ****   * @brief  Locks the FLASH control register access
 499:Drivers/STM32F0xx_HAL_Driver/Src/stm32f0xx_hal_flash.c ****   * @retval HAL Status
 500:Drivers/STM32F0xx_HAL_Driver/Src/stm32f0xx_hal_flash.c ****   */
 501:Drivers/STM32F0xx_HAL_Driver/Src/stm32f0xx_hal_flash.c **** HAL_StatusTypeDef HAL_FLASH_Lock(void)
 502:Drivers/STM32F0xx_HAL_Driver/Src/stm32f0xx_hal_flash.c **** {
 503:Drivers/STM32F0xx_HAL_Driver/Src/stm32f0xx_hal_flash.c ****   /* Set the LOCK Bit to lock the FLASH Registers access */
 504:Drivers/STM32F0xx_HAL_Driver/Src/stm32f0xx_hal_flash.c ****   SET_BIT(FLASH->CR, FLASH_CR_LOCK);
 505:Drivers/STM32F0xx_HAL_Driver/Src/stm32f0xx_hal_flash.c ****   
 506:Drivers/STM32F0xx_HAL_Driver/Src/stm32f0xx_hal_flash.c ****   return HAL_OK;  
 507:Drivers/STM32F0xx_HAL_Driver/Src/stm32f0xx_hal_flash.c **** }
 508:Drivers/STM32F0xx_HAL_Driver/Src/stm32f0xx_hal_flash.c **** 
 509:Drivers/STM32F0xx_HAL_Driver/Src/stm32f0xx_hal_flash.c **** /**
 510:Drivers/STM32F0xx_HAL_Driver/Src/stm32f0xx_hal_flash.c ****   * @brief  Unlock the FLASH Option Control Registers access.
 511:Drivers/STM32F0xx_HAL_Driver/Src/stm32f0xx_hal_flash.c ****   * @retval HAL Status
 512:Drivers/STM32F0xx_HAL_Driver/Src/stm32f0xx_hal_flash.c ****   */
 513:Drivers/STM32F0xx_HAL_Driver/Src/stm32f0xx_hal_flash.c **** HAL_StatusTypeDef HAL_FLASH_OB_Unlock(void)
 514:Drivers/STM32F0xx_HAL_Driver/Src/stm32f0xx_hal_flash.c **** {
 515:Drivers/STM32F0xx_HAL_Driver/Src/stm32f0xx_hal_flash.c ****   if (HAL_IS_BIT_CLR(FLASH->CR, FLASH_CR_OPTWRE))
 516:Drivers/STM32F0xx_HAL_Driver/Src/stm32f0xx_hal_flash.c ****   {
 517:Drivers/STM32F0xx_HAL_Driver/Src/stm32f0xx_hal_flash.c ****     /* Authorizes the Option Byte register programming */
 518:Drivers/STM32F0xx_HAL_Driver/Src/stm32f0xx_hal_flash.c ****     WRITE_REG(FLASH->OPTKEYR, FLASH_OPTKEY1);
 519:Drivers/STM32F0xx_HAL_Driver/Src/stm32f0xx_hal_flash.c ****     WRITE_REG(FLASH->OPTKEYR, FLASH_OPTKEY2);
 520:Drivers/STM32F0xx_HAL_Driver/Src/stm32f0xx_hal_flash.c ****   }
 521:Drivers/STM32F0xx_HAL_Driver/Src/stm32f0xx_hal_flash.c ****   else
 522:Drivers/STM32F0xx_HAL_Driver/Src/stm32f0xx_hal_flash.c ****   {
 523:Drivers/STM32F0xx_HAL_Driver/Src/stm32f0xx_hal_flash.c ****     return HAL_ERROR;
 524:Drivers/STM32F0xx_HAL_Driver/Src/stm32f0xx_hal_flash.c ****   }  
 525:Drivers/STM32F0xx_HAL_Driver/Src/stm32f0xx_hal_flash.c ****   
 526:Drivers/STM32F0xx_HAL_Driver/Src/stm32f0xx_hal_flash.c ****   return HAL_OK;  
 527:Drivers/STM32F0xx_HAL_Driver/Src/stm32f0xx_hal_flash.c **** }
 528:Drivers/STM32F0xx_HAL_Driver/Src/stm32f0xx_hal_flash.c **** 
 529:Drivers/STM32F0xx_HAL_Driver/Src/stm32f0xx_hal_flash.c **** /**
 530:Drivers/STM32F0xx_HAL_Driver/Src/stm32f0xx_hal_flash.c ****   * @brief  Lock the FLASH Option Control Registers access.
 531:Drivers/STM32F0xx_HAL_Driver/Src/stm32f0xx_hal_flash.c ****   * @retval HAL Status 
 532:Drivers/STM32F0xx_HAL_Driver/Src/stm32f0xx_hal_flash.c ****   */
 533:Drivers/STM32F0xx_HAL_Driver/Src/stm32f0xx_hal_flash.c **** HAL_StatusTypeDef HAL_FLASH_OB_Lock(void)
 534:Drivers/STM32F0xx_HAL_Driver/Src/stm32f0xx_hal_flash.c **** {
 535:Drivers/STM32F0xx_HAL_Driver/Src/stm32f0xx_hal_flash.c ****   /* Clear the OPTWRE Bit to lock the FLASH Option Byte Registers access */
 536:Drivers/STM32F0xx_HAL_Driver/Src/stm32f0xx_hal_flash.c ****   CLEAR_BIT(FLASH->CR, FLASH_CR_OPTWRE);
 537:Drivers/STM32F0xx_HAL_Driver/Src/stm32f0xx_hal_flash.c ****   
 538:Drivers/STM32F0xx_HAL_Driver/Src/stm32f0xx_hal_flash.c ****   return HAL_OK;  
 539:Drivers/STM32F0xx_HAL_Driver/Src/stm32f0xx_hal_flash.c **** }
 540:Drivers/STM32F0xx_HAL_Driver/Src/stm32f0xx_hal_flash.c ****   
 541:Drivers/STM32F0xx_HAL_Driver/Src/stm32f0xx_hal_flash.c **** /**
 542:Drivers/STM32F0xx_HAL_Driver/Src/stm32f0xx_hal_flash.c ****   * @brief  Launch the option byte loading.
 543:Drivers/STM32F0xx_HAL_Driver/Src/stm32f0xx_hal_flash.c ****   * @note   This function will reset automatically the MCU.
 544:Drivers/STM32F0xx_HAL_Driver/Src/stm32f0xx_hal_flash.c ****   * @retval HAL Status
 545:Drivers/STM32F0xx_HAL_Driver/Src/stm32f0xx_hal_flash.c ****   */
ARM GAS  C:\msys64\tmp\ccaiO6PM.s 			page 11


 546:Drivers/STM32F0xx_HAL_Driver/Src/stm32f0xx_hal_flash.c **** HAL_StatusTypeDef HAL_FLASH_OB_Launch(void)
 547:Drivers/STM32F0xx_HAL_Driver/Src/stm32f0xx_hal_flash.c **** {
 548:Drivers/STM32F0xx_HAL_Driver/Src/stm32f0xx_hal_flash.c ****   /* Set the OBL_Launch bit to launch the option byte loading */
 549:Drivers/STM32F0xx_HAL_Driver/Src/stm32f0xx_hal_flash.c ****   SET_BIT(FLASH->CR, FLASH_CR_OBL_LAUNCH);
 550:Drivers/STM32F0xx_HAL_Driver/Src/stm32f0xx_hal_flash.c ****   
 551:Drivers/STM32F0xx_HAL_Driver/Src/stm32f0xx_hal_flash.c ****   /* Wait for last operation to be completed */
 552:Drivers/STM32F0xx_HAL_Driver/Src/stm32f0xx_hal_flash.c ****   return(FLASH_WaitForLastOperation(FLASH_TIMEOUT_VALUE));
 553:Drivers/STM32F0xx_HAL_Driver/Src/stm32f0xx_hal_flash.c **** }
 554:Drivers/STM32F0xx_HAL_Driver/Src/stm32f0xx_hal_flash.c **** 
 555:Drivers/STM32F0xx_HAL_Driver/Src/stm32f0xx_hal_flash.c **** /**
 556:Drivers/STM32F0xx_HAL_Driver/Src/stm32f0xx_hal_flash.c ****   * @}
 557:Drivers/STM32F0xx_HAL_Driver/Src/stm32f0xx_hal_flash.c ****   */  
 558:Drivers/STM32F0xx_HAL_Driver/Src/stm32f0xx_hal_flash.c **** 
 559:Drivers/STM32F0xx_HAL_Driver/Src/stm32f0xx_hal_flash.c **** /** @defgroup FLASH_Exported_Functions_Group3 Peripheral errors functions 
 560:Drivers/STM32F0xx_HAL_Driver/Src/stm32f0xx_hal_flash.c ****  *  @brief    Peripheral errors functions 
 561:Drivers/STM32F0xx_HAL_Driver/Src/stm32f0xx_hal_flash.c ****  *
 562:Drivers/STM32F0xx_HAL_Driver/Src/stm32f0xx_hal_flash.c **** @verbatim   
 563:Drivers/STM32F0xx_HAL_Driver/Src/stm32f0xx_hal_flash.c ****  ===============================================================================
 564:Drivers/STM32F0xx_HAL_Driver/Src/stm32f0xx_hal_flash.c ****                       ##### Peripheral Errors functions #####
 565:Drivers/STM32F0xx_HAL_Driver/Src/stm32f0xx_hal_flash.c ****  ===============================================================================  
 566:Drivers/STM32F0xx_HAL_Driver/Src/stm32f0xx_hal_flash.c ****     [..]
 567:Drivers/STM32F0xx_HAL_Driver/Src/stm32f0xx_hal_flash.c ****     This subsection permit to get in run-time errors of  the FLASH peripheral.
 568:Drivers/STM32F0xx_HAL_Driver/Src/stm32f0xx_hal_flash.c **** 
 569:Drivers/STM32F0xx_HAL_Driver/Src/stm32f0xx_hal_flash.c **** @endverbatim
 570:Drivers/STM32F0xx_HAL_Driver/Src/stm32f0xx_hal_flash.c ****   * @{
 571:Drivers/STM32F0xx_HAL_Driver/Src/stm32f0xx_hal_flash.c ****   */
 572:Drivers/STM32F0xx_HAL_Driver/Src/stm32f0xx_hal_flash.c **** 
 573:Drivers/STM32F0xx_HAL_Driver/Src/stm32f0xx_hal_flash.c **** /**
 574:Drivers/STM32F0xx_HAL_Driver/Src/stm32f0xx_hal_flash.c ****   * @brief  Get the specific FLASH error flag.
 575:Drivers/STM32F0xx_HAL_Driver/Src/stm32f0xx_hal_flash.c ****   * @retval FLASH_ErrorCode The returned value can be:
 576:Drivers/STM32F0xx_HAL_Driver/Src/stm32f0xx_hal_flash.c ****   *            @ref FLASH_Error_Codes
 577:Drivers/STM32F0xx_HAL_Driver/Src/stm32f0xx_hal_flash.c ****   */
 578:Drivers/STM32F0xx_HAL_Driver/Src/stm32f0xx_hal_flash.c **** uint32_t HAL_FLASH_GetError(void)
 579:Drivers/STM32F0xx_HAL_Driver/Src/stm32f0xx_hal_flash.c **** {
 580:Drivers/STM32F0xx_HAL_Driver/Src/stm32f0xx_hal_flash.c ****    return pFlash.ErrorCode;
 581:Drivers/STM32F0xx_HAL_Driver/Src/stm32f0xx_hal_flash.c **** }
 582:Drivers/STM32F0xx_HAL_Driver/Src/stm32f0xx_hal_flash.c **** 
 583:Drivers/STM32F0xx_HAL_Driver/Src/stm32f0xx_hal_flash.c **** /**
 584:Drivers/STM32F0xx_HAL_Driver/Src/stm32f0xx_hal_flash.c ****   * @}
 585:Drivers/STM32F0xx_HAL_Driver/Src/stm32f0xx_hal_flash.c ****   */
 586:Drivers/STM32F0xx_HAL_Driver/Src/stm32f0xx_hal_flash.c **** 
 587:Drivers/STM32F0xx_HAL_Driver/Src/stm32f0xx_hal_flash.c **** /**
 588:Drivers/STM32F0xx_HAL_Driver/Src/stm32f0xx_hal_flash.c ****   * @}
 589:Drivers/STM32F0xx_HAL_Driver/Src/stm32f0xx_hal_flash.c ****   */
 590:Drivers/STM32F0xx_HAL_Driver/Src/stm32f0xx_hal_flash.c **** 
 591:Drivers/STM32F0xx_HAL_Driver/Src/stm32f0xx_hal_flash.c **** /** @addtogroup FLASH_Private_Functions
 592:Drivers/STM32F0xx_HAL_Driver/Src/stm32f0xx_hal_flash.c ****  * @{
 593:Drivers/STM32F0xx_HAL_Driver/Src/stm32f0xx_hal_flash.c ****  */
 594:Drivers/STM32F0xx_HAL_Driver/Src/stm32f0xx_hal_flash.c **** 
 595:Drivers/STM32F0xx_HAL_Driver/Src/stm32f0xx_hal_flash.c **** /**
 596:Drivers/STM32F0xx_HAL_Driver/Src/stm32f0xx_hal_flash.c ****   * @brief  Program a half-word (16-bit) at a specified address.
 597:Drivers/STM32F0xx_HAL_Driver/Src/stm32f0xx_hal_flash.c ****   * @param  Address specify the address to be programmed.
 598:Drivers/STM32F0xx_HAL_Driver/Src/stm32f0xx_hal_flash.c ****   * @param  Data    specify the data to be programmed.
 599:Drivers/STM32F0xx_HAL_Driver/Src/stm32f0xx_hal_flash.c ****   * @retval None
 600:Drivers/STM32F0xx_HAL_Driver/Src/stm32f0xx_hal_flash.c ****   */
 601:Drivers/STM32F0xx_HAL_Driver/Src/stm32f0xx_hal_flash.c **** static void FLASH_Program_HalfWord(uint32_t Address, uint16_t Data)
 602:Drivers/STM32F0xx_HAL_Driver/Src/stm32f0xx_hal_flash.c **** {
ARM GAS  C:\msys64\tmp\ccaiO6PM.s 			page 12


  27              		.loc 1 602 1 view -0
  28              		.cfi_startproc
  29              		@ args = 0, pretend = 0, frame = 0
  30              		@ frame_needed = 0, uses_anonymous_args = 0
  31              		.loc 1 602 1 is_stmt 0 view .LVU1
  32 0000 10B5     		push	{r4, lr}
  33              	.LCFI0:
  34              		.cfi_def_cfa_offset 8
  35              		.cfi_offset 4, -8
  36              		.cfi_offset 14, -4
 603:Drivers/STM32F0xx_HAL_Driver/Src/stm32f0xx_hal_flash.c ****   /* Clean the error context */
 604:Drivers/STM32F0xx_HAL_Driver/Src/stm32f0xx_hal_flash.c ****   pFlash.ErrorCode = HAL_FLASH_ERROR_NONE;
  37              		.loc 1 604 3 is_stmt 1 view .LVU2
  38              		.loc 1 604 20 is_stmt 0 view .LVU3
  39 0002 054B     		ldr	r3, .L2
  40 0004 0022     		movs	r2, #0
  41 0006 DA61     		str	r2, [r3, #28]
 605:Drivers/STM32F0xx_HAL_Driver/Src/stm32f0xx_hal_flash.c ****   
 606:Drivers/STM32F0xx_HAL_Driver/Src/stm32f0xx_hal_flash.c ****     /* Proceed to program the new data */
 607:Drivers/STM32F0xx_HAL_Driver/Src/stm32f0xx_hal_flash.c ****     SET_BIT(FLASH->CR, FLASH_CR_PG);
  42              		.loc 1 607 5 is_stmt 1 view .LVU4
  43 0008 044A     		ldr	r2, .L2+4
  44 000a 1369     		ldr	r3, [r2, #16]
  45 000c 0124     		movs	r4, #1
  46 000e 2343     		orrs	r3, r4
  47 0010 1361     		str	r3, [r2, #16]
 608:Drivers/STM32F0xx_HAL_Driver/Src/stm32f0xx_hal_flash.c **** 
 609:Drivers/STM32F0xx_HAL_Driver/Src/stm32f0xx_hal_flash.c ****   /* Write data in the address */
 610:Drivers/STM32F0xx_HAL_Driver/Src/stm32f0xx_hal_flash.c ****   *(__IO uint16_t*)Address = Data;
  48              		.loc 1 610 3 view .LVU5
  49              		.loc 1 610 28 is_stmt 0 view .LVU6
  50 0012 0180     		strh	r1, [r0]
 611:Drivers/STM32F0xx_HAL_Driver/Src/stm32f0xx_hal_flash.c **** }
  51              		.loc 1 611 1 view .LVU7
  52              		@ sp needed
  53 0014 10BD     		pop	{r4, pc}
  54              	.L3:
  55 0016 C046     		.align	2
  56              	.L2:
  57 0018 00000000 		.word	pFlash
  58 001c 00200240 		.word	1073881088
  59              		.cfi_endproc
  60              	.LFE51:
  62              		.section	.text.FLASH_SetErrorCode,"ax",%progbits
  63              		.align	1
  64              		.syntax unified
  65              		.code	16
  66              		.thumb_func
  68              	FLASH_SetErrorCode:
  69              	.LFB53:
 612:Drivers/STM32F0xx_HAL_Driver/Src/stm32f0xx_hal_flash.c **** 
 613:Drivers/STM32F0xx_HAL_Driver/Src/stm32f0xx_hal_flash.c **** /**
 614:Drivers/STM32F0xx_HAL_Driver/Src/stm32f0xx_hal_flash.c ****   * @brief  Wait for a FLASH operation to complete.
 615:Drivers/STM32F0xx_HAL_Driver/Src/stm32f0xx_hal_flash.c ****   * @param  Timeout  maximum flash operation timeout
 616:Drivers/STM32F0xx_HAL_Driver/Src/stm32f0xx_hal_flash.c ****   * @retval HAL Status
 617:Drivers/STM32F0xx_HAL_Driver/Src/stm32f0xx_hal_flash.c ****   */
 618:Drivers/STM32F0xx_HAL_Driver/Src/stm32f0xx_hal_flash.c **** HAL_StatusTypeDef FLASH_WaitForLastOperation(uint32_t Timeout)
ARM GAS  C:\msys64\tmp\ccaiO6PM.s 			page 13


 619:Drivers/STM32F0xx_HAL_Driver/Src/stm32f0xx_hal_flash.c **** {
 620:Drivers/STM32F0xx_HAL_Driver/Src/stm32f0xx_hal_flash.c ****   /* Wait for the FLASH operation to complete by polling on BUSY flag to be reset.
 621:Drivers/STM32F0xx_HAL_Driver/Src/stm32f0xx_hal_flash.c ****      Even if the FLASH operation fails, the BUSY flag will be reset and an error
 622:Drivers/STM32F0xx_HAL_Driver/Src/stm32f0xx_hal_flash.c ****      flag will be set */
 623:Drivers/STM32F0xx_HAL_Driver/Src/stm32f0xx_hal_flash.c ****      
 624:Drivers/STM32F0xx_HAL_Driver/Src/stm32f0xx_hal_flash.c ****   uint32_t tickstart = HAL_GetTick();
 625:Drivers/STM32F0xx_HAL_Driver/Src/stm32f0xx_hal_flash.c ****      
 626:Drivers/STM32F0xx_HAL_Driver/Src/stm32f0xx_hal_flash.c ****   while(__HAL_FLASH_GET_FLAG(FLASH_FLAG_BSY)) 
 627:Drivers/STM32F0xx_HAL_Driver/Src/stm32f0xx_hal_flash.c ****   { 
 628:Drivers/STM32F0xx_HAL_Driver/Src/stm32f0xx_hal_flash.c ****     if (Timeout != HAL_MAX_DELAY)
 629:Drivers/STM32F0xx_HAL_Driver/Src/stm32f0xx_hal_flash.c ****     {
 630:Drivers/STM32F0xx_HAL_Driver/Src/stm32f0xx_hal_flash.c ****       if((Timeout == 0U) || ((HAL_GetTick()-tickstart) > Timeout))
 631:Drivers/STM32F0xx_HAL_Driver/Src/stm32f0xx_hal_flash.c ****       {
 632:Drivers/STM32F0xx_HAL_Driver/Src/stm32f0xx_hal_flash.c ****         return HAL_TIMEOUT;
 633:Drivers/STM32F0xx_HAL_Driver/Src/stm32f0xx_hal_flash.c ****       }
 634:Drivers/STM32F0xx_HAL_Driver/Src/stm32f0xx_hal_flash.c ****     }
 635:Drivers/STM32F0xx_HAL_Driver/Src/stm32f0xx_hal_flash.c ****   }
 636:Drivers/STM32F0xx_HAL_Driver/Src/stm32f0xx_hal_flash.c ****   
 637:Drivers/STM32F0xx_HAL_Driver/Src/stm32f0xx_hal_flash.c ****   /* Check FLASH End of Operation flag  */
 638:Drivers/STM32F0xx_HAL_Driver/Src/stm32f0xx_hal_flash.c ****   if (__HAL_FLASH_GET_FLAG(FLASH_FLAG_EOP))
 639:Drivers/STM32F0xx_HAL_Driver/Src/stm32f0xx_hal_flash.c ****   {
 640:Drivers/STM32F0xx_HAL_Driver/Src/stm32f0xx_hal_flash.c ****     /* Clear FLASH End of Operation pending bit */
 641:Drivers/STM32F0xx_HAL_Driver/Src/stm32f0xx_hal_flash.c ****     __HAL_FLASH_CLEAR_FLAG(FLASH_FLAG_EOP);
 642:Drivers/STM32F0xx_HAL_Driver/Src/stm32f0xx_hal_flash.c ****   }
 643:Drivers/STM32F0xx_HAL_Driver/Src/stm32f0xx_hal_flash.c ****   
 644:Drivers/STM32F0xx_HAL_Driver/Src/stm32f0xx_hal_flash.c ****   if(__HAL_FLASH_GET_FLAG(FLASH_FLAG_WRPERR)  || 
 645:Drivers/STM32F0xx_HAL_Driver/Src/stm32f0xx_hal_flash.c ****      __HAL_FLASH_GET_FLAG(FLASH_FLAG_PGERR))
 646:Drivers/STM32F0xx_HAL_Driver/Src/stm32f0xx_hal_flash.c ****   {
 647:Drivers/STM32F0xx_HAL_Driver/Src/stm32f0xx_hal_flash.c ****     /*Save the error code*/
 648:Drivers/STM32F0xx_HAL_Driver/Src/stm32f0xx_hal_flash.c ****     FLASH_SetErrorCode();
 649:Drivers/STM32F0xx_HAL_Driver/Src/stm32f0xx_hal_flash.c ****     return HAL_ERROR;
 650:Drivers/STM32F0xx_HAL_Driver/Src/stm32f0xx_hal_flash.c ****   }
 651:Drivers/STM32F0xx_HAL_Driver/Src/stm32f0xx_hal_flash.c **** 
 652:Drivers/STM32F0xx_HAL_Driver/Src/stm32f0xx_hal_flash.c ****   /* There is no error flag set */
 653:Drivers/STM32F0xx_HAL_Driver/Src/stm32f0xx_hal_flash.c ****   return HAL_OK;
 654:Drivers/STM32F0xx_HAL_Driver/Src/stm32f0xx_hal_flash.c **** }
 655:Drivers/STM32F0xx_HAL_Driver/Src/stm32f0xx_hal_flash.c **** 
 656:Drivers/STM32F0xx_HAL_Driver/Src/stm32f0xx_hal_flash.c **** 
 657:Drivers/STM32F0xx_HAL_Driver/Src/stm32f0xx_hal_flash.c **** /**
 658:Drivers/STM32F0xx_HAL_Driver/Src/stm32f0xx_hal_flash.c ****   * @brief  Set the specific FLASH error flag.
 659:Drivers/STM32F0xx_HAL_Driver/Src/stm32f0xx_hal_flash.c ****   * @retval None
 660:Drivers/STM32F0xx_HAL_Driver/Src/stm32f0xx_hal_flash.c ****   */
 661:Drivers/STM32F0xx_HAL_Driver/Src/stm32f0xx_hal_flash.c **** static void FLASH_SetErrorCode(void)
 662:Drivers/STM32F0xx_HAL_Driver/Src/stm32f0xx_hal_flash.c **** {
  70              		.loc 1 662 1 is_stmt 1 view -0
  71              		.cfi_startproc
  72              		@ args = 0, pretend = 0, frame = 0
  73              		@ frame_needed = 0, uses_anonymous_args = 0
  74              		@ link register save eliminated.
 663:Drivers/STM32F0xx_HAL_Driver/Src/stm32f0xx_hal_flash.c ****   uint32_t flags = 0U;
  75              		.loc 1 663 3 view .LVU9
  76              	.LVL1:
 664:Drivers/STM32F0xx_HAL_Driver/Src/stm32f0xx_hal_flash.c ****   
 665:Drivers/STM32F0xx_HAL_Driver/Src/stm32f0xx_hal_flash.c ****   if(__HAL_FLASH_GET_FLAG(FLASH_FLAG_WRPERR))
  77              		.loc 1 665 3 view .LVU10
  78              		.loc 1 665 6 is_stmt 0 view .LVU11
  79 0000 0D4B     		ldr	r3, .L8
ARM GAS  C:\msys64\tmp\ccaiO6PM.s 			page 14


  80 0002 DA68     		ldr	r2, [r3, #12]
  81 0004 1021     		movs	r1, #16
  82 0006 0B00     		movs	r3, r1
  83 0008 1340     		ands	r3, r2
  84              		.loc 1 665 5 view .LVU12
  85 000a 1142     		tst	r1, r2
  86 000c 05D0     		beq	.L5
 666:Drivers/STM32F0xx_HAL_Driver/Src/stm32f0xx_hal_flash.c ****   {
 667:Drivers/STM32F0xx_HAL_Driver/Src/stm32f0xx_hal_flash.c ****     pFlash.ErrorCode |= HAL_FLASH_ERROR_WRP;
  87              		.loc 1 667 5 is_stmt 1 view .LVU13
  88              		.loc 1 667 11 is_stmt 0 view .LVU14
  89 000e 0B4A     		ldr	r2, .L8+4
  90 0010 D369     		ldr	r3, [r2, #28]
  91              		.loc 1 667 22 view .LVU15
  92 0012 0E39     		subs	r1, r1, #14
  93 0014 0B43     		orrs	r3, r1
  94 0016 D361     		str	r3, [r2, #28]
 668:Drivers/STM32F0xx_HAL_Driver/Src/stm32f0xx_hal_flash.c ****     flags |= FLASH_FLAG_WRPERR;
  95              		.loc 1 668 5 is_stmt 1 view .LVU16
  96              	.LVL2:
  97              		.loc 1 668 11 is_stmt 0 view .LVU17
  98 0018 1023     		movs	r3, #16
  99              	.LVL3:
 100              	.L5:
 669:Drivers/STM32F0xx_HAL_Driver/Src/stm32f0xx_hal_flash.c ****   }
 670:Drivers/STM32F0xx_HAL_Driver/Src/stm32f0xx_hal_flash.c ****   if(__HAL_FLASH_GET_FLAG(FLASH_FLAG_PGERR))
 101              		.loc 1 670 3 is_stmt 1 view .LVU18
 102              		.loc 1 670 6 is_stmt 0 view .LVU19
 103 001a 074A     		ldr	r2, .L8
 104 001c D268     		ldr	r2, [r2, #12]
 105              		.loc 1 670 5 view .LVU20
 106 001e 5207     		lsls	r2, r2, #29
 107 0020 06D5     		bpl	.L6
 671:Drivers/STM32F0xx_HAL_Driver/Src/stm32f0xx_hal_flash.c ****   {
 672:Drivers/STM32F0xx_HAL_Driver/Src/stm32f0xx_hal_flash.c ****     pFlash.ErrorCode |= HAL_FLASH_ERROR_PROG;
 108              		.loc 1 672 5 is_stmt 1 view .LVU21
 109              		.loc 1 672 11 is_stmt 0 view .LVU22
 110 0022 0649     		ldr	r1, .L8+4
 111 0024 CA69     		ldr	r2, [r1, #28]
 112              		.loc 1 672 22 view .LVU23
 113 0026 0120     		movs	r0, #1
 114 0028 0243     		orrs	r2, r0
 115 002a CA61     		str	r2, [r1, #28]
 673:Drivers/STM32F0xx_HAL_Driver/Src/stm32f0xx_hal_flash.c ****     flags |= FLASH_FLAG_PGERR;
 116              		.loc 1 673 5 is_stmt 1 view .LVU24
 117              		.loc 1 673 11 is_stmt 0 view .LVU25
 118 002c 0422     		movs	r2, #4
 119 002e 1343     		orrs	r3, r2
 120              	.LVL4:
 121              	.L6:
 674:Drivers/STM32F0xx_HAL_Driver/Src/stm32f0xx_hal_flash.c ****   }
 675:Drivers/STM32F0xx_HAL_Driver/Src/stm32f0xx_hal_flash.c ****   /* Clear FLASH error pending bits */
 676:Drivers/STM32F0xx_HAL_Driver/Src/stm32f0xx_hal_flash.c ****   __HAL_FLASH_CLEAR_FLAG(flags);
 122              		.loc 1 676 3 is_stmt 1 view .LVU26
 123 0030 014A     		ldr	r2, .L8
 124 0032 D360     		str	r3, [r2, #12]
 677:Drivers/STM32F0xx_HAL_Driver/Src/stm32f0xx_hal_flash.c **** }  
ARM GAS  C:\msys64\tmp\ccaiO6PM.s 			page 15


 125              		.loc 1 677 1 is_stmt 0 view .LVU27
 126              		@ sp needed
 127 0034 7047     		bx	lr
 128              	.L9:
 129 0036 C046     		.align	2
 130              	.L8:
 131 0038 00200240 		.word	1073881088
 132 003c 00000000 		.word	pFlash
 133              		.cfi_endproc
 134              	.LFE53:
 136              		.section	.text.HAL_FLASH_Program_IT,"ax",%progbits
 137              		.align	1
 138              		.global	HAL_FLASH_Program_IT
 139              		.syntax unified
 140              		.code	16
 141              		.thumb_func
 143              	HAL_FLASH_Program_IT:
 144              	.LVL5:
 145              	.LFB41:
 238:Drivers/STM32F0xx_HAL_Driver/Src/stm32f0xx_hal_flash.c ****   HAL_StatusTypeDef status = HAL_OK;
 146              		.loc 1 238 1 is_stmt 1 view -0
 147              		.cfi_startproc
 148              		@ args = 0, pretend = 0, frame = 0
 149              		@ frame_needed = 0, uses_anonymous_args = 0
 238:Drivers/STM32F0xx_HAL_Driver/Src/stm32f0xx_hal_flash.c ****   HAL_StatusTypeDef status = HAL_OK;
 150              		.loc 1 238 1 is_stmt 0 view .LVU29
 151 0000 F8B5     		push	{r3, r4, r5, r6, r7, lr}
 152              	.LCFI1:
 153              		.cfi_def_cfa_offset 24
 154              		.cfi_offset 3, -24
 155              		.cfi_offset 4, -20
 156              		.cfi_offset 5, -16
 157              		.cfi_offset 6, -12
 158              		.cfi_offset 7, -8
 159              		.cfi_offset 14, -4
 160 0002 0700     		movs	r7, r0
 161 0004 0800     		movs	r0, r1
 162              	.LVL6:
 238:Drivers/STM32F0xx_HAL_Driver/Src/stm32f0xx_hal_flash.c ****   HAL_StatusTypeDef status = HAL_OK;
 163              		.loc 1 238 1 view .LVU30
 164 0006 1100     		movs	r1, r2
 165              	.LVL7:
 238:Drivers/STM32F0xx_HAL_Driver/Src/stm32f0xx_hal_flash.c ****   HAL_StatusTypeDef status = HAL_OK;
 166              		.loc 1 238 1 view .LVU31
 167 0008 1A00     		movs	r2, r3
 168              	.LVL8:
 239:Drivers/STM32F0xx_HAL_Driver/Src/stm32f0xx_hal_flash.c ****   
 169              		.loc 1 239 3 is_stmt 1 view .LVU32
 242:Drivers/STM32F0xx_HAL_Driver/Src/stm32f0xx_hal_flash.c **** 
 170              		.loc 1 242 3 view .LVU33
 242:Drivers/STM32F0xx_HAL_Driver/Src/stm32f0xx_hal_flash.c **** 
 171              		.loc 1 242 3 view .LVU34
 172 000a 164B     		ldr	r3, .L18
 173 000c 1B7E     		ldrb	r3, [r3, #24]
 174 000e 012B     		cmp	r3, #1
 175 0010 25D0     		beq	.L15
 242:Drivers/STM32F0xx_HAL_Driver/Src/stm32f0xx_hal_flash.c **** 
ARM GAS  C:\msys64\tmp\ccaiO6PM.s 			page 16


 176              		.loc 1 242 3 discriminator 2 view .LVU35
 177 0012 144B     		ldr	r3, .L18
 178 0014 0124     		movs	r4, #1
 179 0016 1C76     		strb	r4, [r3, #24]
 242:Drivers/STM32F0xx_HAL_Driver/Src/stm32f0xx_hal_flash.c **** 
 180              		.loc 1 242 3 discriminator 2 view .LVU36
 245:Drivers/STM32F0xx_HAL_Driver/Src/stm32f0xx_hal_flash.c ****   assert_param(IS_FLASH_PROGRAM_ADDRESS(Address));
 181              		.loc 1 245 3 view .LVU37
 246:Drivers/STM32F0xx_HAL_Driver/Src/stm32f0xx_hal_flash.c **** 
 182              		.loc 1 246 3 view .LVU38
 249:Drivers/STM32F0xx_HAL_Driver/Src/stm32f0xx_hal_flash.c ****   
 183              		.loc 1 249 3 view .LVU39
 184 0018 134C     		ldr	r4, .L18+4
 185 001a 2569     		ldr	r5, [r4, #16]
 186 001c A026     		movs	r6, #160
 187 001e 7601     		lsls	r6, r6, #5
 188 0020 3543     		orrs	r5, r6
 189 0022 2561     		str	r5, [r4, #16]
 251:Drivers/STM32F0xx_HAL_Driver/Src/stm32f0xx_hal_flash.c ****   pFlash.Data = Data;
 190              		.loc 1 251 3 view .LVU40
 251:Drivers/STM32F0xx_HAL_Driver/Src/stm32f0xx_hal_flash.c ****   pFlash.Data = Data;
 191              		.loc 1 251 18 is_stmt 0 view .LVU41
 192 0024 9860     		str	r0, [r3, #8]
 252:Drivers/STM32F0xx_HAL_Driver/Src/stm32f0xx_hal_flash.c **** 
 193              		.loc 1 252 3 is_stmt 1 view .LVU42
 252:Drivers/STM32F0xx_HAL_Driver/Src/stm32f0xx_hal_flash.c **** 
 194              		.loc 1 252 15 is_stmt 0 view .LVU43
 195 0026 1961     		str	r1, [r3, #16]
 196 0028 5A61     		str	r2, [r3, #20]
 254:Drivers/STM32F0xx_HAL_Driver/Src/stm32f0xx_hal_flash.c ****   {
 197              		.loc 1 254 3 is_stmt 1 view .LVU44
 254:Drivers/STM32F0xx_HAL_Driver/Src/stm32f0xx_hal_flash.c ****   {
 198              		.loc 1 254 5 is_stmt 0 view .LVU45
 199 002a 012F     		cmp	r7, #1
 200 002c 0BD0     		beq	.L16
 260:Drivers/STM32F0xx_HAL_Driver/Src/stm32f0xx_hal_flash.c ****   {
 201              		.loc 1 260 8 is_stmt 1 view .LVU46
 260:Drivers/STM32F0xx_HAL_Driver/Src/stm32f0xx_hal_flash.c ****   {
 202              		.loc 1 260 10 is_stmt 0 view .LVU47
 203 002e 022F     		cmp	r7, #2
 204 0030 0FD0     		beq	.L17
 268:Drivers/STM32F0xx_HAL_Driver/Src/stm32f0xx_hal_flash.c ****     /* Program double word (64-bit : 4*16-bit) at a specified address. */
 205              		.loc 1 268 5 is_stmt 1 view .LVU48
 268:Drivers/STM32F0xx_HAL_Driver/Src/stm32f0xx_hal_flash.c ****     /* Program double word (64-bit : 4*16-bit) at a specified address. */
 206              		.loc 1 268 29 is_stmt 0 view .LVU49
 207 0032 0C4B     		ldr	r3, .L18
 208 0034 0524     		movs	r4, #5
 209 0036 1C70     		strb	r4, [r3]
 270:Drivers/STM32F0xx_HAL_Driver/Src/stm32f0xx_hal_flash.c ****   }
 210              		.loc 1 270 5 is_stmt 1 view .LVU50
 270:Drivers/STM32F0xx_HAL_Driver/Src/stm32f0xx_hal_flash.c ****   }
 211              		.loc 1 270 26 is_stmt 0 view .LVU51
 212 0038 013C     		subs	r4, r4, #1
 213 003a 5C60     		str	r4, [r3, #4]
 214              	.L13:
 274:Drivers/STM32F0xx_HAL_Driver/Src/stm32f0xx_hal_flash.c **** 
 215              		.loc 1 274 3 is_stmt 1 view .LVU52
ARM GAS  C:\msys64\tmp\ccaiO6PM.s 			page 17


 216 003c 89B2     		uxth	r1, r1
 217 003e FFF7FEFF 		bl	FLASH_Program_HalfWord
 218              	.LVL9:
 276:Drivers/STM32F0xx_HAL_Driver/Src/stm32f0xx_hal_flash.c **** }
 219              		.loc 1 276 3 view .LVU53
 276:Drivers/STM32F0xx_HAL_Driver/Src/stm32f0xx_hal_flash.c **** }
 220              		.loc 1 276 10 is_stmt 0 view .LVU54
 221 0042 0020     		movs	r0, #0
 222              	.L11:
 277:Drivers/STM32F0xx_HAL_Driver/Src/stm32f0xx_hal_flash.c **** 
 223              		.loc 1 277 1 view .LVU55
 224              		@ sp needed
 225              	.LVL10:
 277:Drivers/STM32F0xx_HAL_Driver/Src/stm32f0xx_hal_flash.c **** 
 226              		.loc 1 277 1 view .LVU56
 227 0044 F8BD     		pop	{r3, r4, r5, r6, r7, pc}
 228              	.LVL11:
 229              	.L16:
 256:Drivers/STM32F0xx_HAL_Driver/Src/stm32f0xx_hal_flash.c ****     /* Program halfword (16-bit) at a specified address. */
 230              		.loc 1 256 5 is_stmt 1 view .LVU57
 256:Drivers/STM32F0xx_HAL_Driver/Src/stm32f0xx_hal_flash.c ****     /* Program halfword (16-bit) at a specified address. */
 231              		.loc 1 256 29 is_stmt 0 view .LVU58
 232 0046 074B     		ldr	r3, .L18
 233 0048 0324     		movs	r4, #3
 234 004a 1C70     		strb	r4, [r3]
 258:Drivers/STM32F0xx_HAL_Driver/Src/stm32f0xx_hal_flash.c ****   }
 235              		.loc 1 258 5 is_stmt 1 view .LVU59
 258:Drivers/STM32F0xx_HAL_Driver/Src/stm32f0xx_hal_flash.c ****   }
 236              		.loc 1 258 26 is_stmt 0 view .LVU60
 237 004c 023C     		subs	r4, r4, #2
 238 004e 5C60     		str	r4, [r3, #4]
 239 0050 F4E7     		b	.L13
 240              	.L17:
 262:Drivers/STM32F0xx_HAL_Driver/Src/stm32f0xx_hal_flash.c ****     /* Program word (32-bit : 2*16-bit) at a specified address. */
 241              		.loc 1 262 5 is_stmt 1 view .LVU61
 262:Drivers/STM32F0xx_HAL_Driver/Src/stm32f0xx_hal_flash.c ****     /* Program word (32-bit : 2*16-bit) at a specified address. */
 242              		.loc 1 262 29 is_stmt 0 view .LVU62
 243 0052 044B     		ldr	r3, .L18
 244 0054 0424     		movs	r4, #4
 245 0056 1C70     		strb	r4, [r3]
 264:Drivers/STM32F0xx_HAL_Driver/Src/stm32f0xx_hal_flash.c ****   }
 246              		.loc 1 264 5 is_stmt 1 view .LVU63
 264:Drivers/STM32F0xx_HAL_Driver/Src/stm32f0xx_hal_flash.c ****   }
 247              		.loc 1 264 26 is_stmt 0 view .LVU64
 248 0058 023C     		subs	r4, r4, #2
 249 005a 5C60     		str	r4, [r3, #4]
 250 005c EEE7     		b	.L13
 251              	.L15:
 242:Drivers/STM32F0xx_HAL_Driver/Src/stm32f0xx_hal_flash.c **** 
 252              		.loc 1 242 3 discriminator 1 view .LVU65
 253 005e 0220     		movs	r0, #2
 254              	.LVL12:
 242:Drivers/STM32F0xx_HAL_Driver/Src/stm32f0xx_hal_flash.c **** 
 255              		.loc 1 242 3 discriminator 1 view .LVU66
 256 0060 F0E7     		b	.L11
 257              	.L19:
 258 0062 C046     		.align	2
ARM GAS  C:\msys64\tmp\ccaiO6PM.s 			page 18


 259              	.L18:
 260 0064 00000000 		.word	pFlash
 261 0068 00200240 		.word	1073881088
 262              		.cfi_endproc
 263              	.LFE41:
 265              		.section	.text.HAL_FLASH_EndOfOperationCallback,"ax",%progbits
 266              		.align	1
 267              		.weak	HAL_FLASH_EndOfOperationCallback
 268              		.syntax unified
 269              		.code	16
 270              		.thumb_func
 272              	HAL_FLASH_EndOfOperationCallback:
 273              	.LVL13:
 274              	.LFB43:
 427:Drivers/STM32F0xx_HAL_Driver/Src/stm32f0xx_hal_flash.c ****   /* Prevent unused argument(s) compilation warning */
 275              		.loc 1 427 1 is_stmt 1 view -0
 276              		.cfi_startproc
 277              		@ args = 0, pretend = 0, frame = 0
 278              		@ frame_needed = 0, uses_anonymous_args = 0
 279              		@ link register save eliminated.
 429:Drivers/STM32F0xx_HAL_Driver/Src/stm32f0xx_hal_flash.c **** 
 280              		.loc 1 429 3 view .LVU68
 434:Drivers/STM32F0xx_HAL_Driver/Src/stm32f0xx_hal_flash.c **** 
 281              		.loc 1 434 1 is_stmt 0 view .LVU69
 282              		@ sp needed
 283 0000 7047     		bx	lr
 284              		.cfi_endproc
 285              	.LFE43:
 287              		.section	.text.HAL_FLASH_OperationErrorCallback,"ax",%progbits
 288              		.align	1
 289              		.weak	HAL_FLASH_OperationErrorCallback
 290              		.syntax unified
 291              		.code	16
 292              		.thumb_func
 294              	HAL_FLASH_OperationErrorCallback:
 295              	.LVL14:
 296              	.LFB44:
 445:Drivers/STM32F0xx_HAL_Driver/Src/stm32f0xx_hal_flash.c ****   /* Prevent unused argument(s) compilation warning */
 297              		.loc 1 445 1 is_stmt 1 view -0
 298              		.cfi_startproc
 299              		@ args = 0, pretend = 0, frame = 0
 300              		@ frame_needed = 0, uses_anonymous_args = 0
 301              		@ link register save eliminated.
 447:Drivers/STM32F0xx_HAL_Driver/Src/stm32f0xx_hal_flash.c **** 
 302              		.loc 1 447 3 view .LVU71
 452:Drivers/STM32F0xx_HAL_Driver/Src/stm32f0xx_hal_flash.c **** 
 303              		.loc 1 452 1 is_stmt 0 view .LVU72
 304              		@ sp needed
 305 0000 7047     		bx	lr
 306              		.cfi_endproc
 307              	.LFE44:
 309              		.section	.text.HAL_FLASH_IRQHandler,"ax",%progbits
 310              		.align	1
 311              		.global	HAL_FLASH_IRQHandler
 312              		.syntax unified
 313              		.code	16
 314              		.thumb_func
ARM GAS  C:\msys64\tmp\ccaiO6PM.s 			page 19


 316              	HAL_FLASH_IRQHandler:
 317              	.LFB42:
 284:Drivers/STM32F0xx_HAL_Driver/Src/stm32f0xx_hal_flash.c ****   uint32_t addresstmp = 0U;
 318              		.loc 1 284 1 is_stmt 1 view -0
 319              		.cfi_startproc
 320              		@ args = 0, pretend = 0, frame = 0
 321              		@ frame_needed = 0, uses_anonymous_args = 0
 322 0000 F8B5     		push	{r3, r4, r5, r6, r7, lr}
 323              	.LCFI2:
 324              		.cfi_def_cfa_offset 24
 325              		.cfi_offset 3, -24
 326              		.cfi_offset 4, -20
 327              		.cfi_offset 5, -16
 328              		.cfi_offset 6, -12
 329              		.cfi_offset 7, -8
 330              		.cfi_offset 14, -4
 285:Drivers/STM32F0xx_HAL_Driver/Src/stm32f0xx_hal_flash.c ****   
 331              		.loc 1 285 3 view .LVU74
 332              	.LVL15:
 288:Drivers/STM32F0xx_HAL_Driver/Src/stm32f0xx_hal_flash.c ****   {
 333              		.loc 1 288 3 view .LVU75
 288:Drivers/STM32F0xx_HAL_Driver/Src/stm32f0xx_hal_flash.c ****   {
 334              		.loc 1 288 6 is_stmt 0 view .LVU76
 335 0002 524B     		ldr	r3, .L42
 336 0004 DB68     		ldr	r3, [r3, #12]
 288:Drivers/STM32F0xx_HAL_Driver/Src/stm32f0xx_hal_flash.c ****   {
 337              		.loc 1 288 5 view .LVU77
 338 0006 DB06     		lsls	r3, r3, #27
 339 0008 03D4     		bmi	.L23
 288:Drivers/STM32F0xx_HAL_Driver/Src/stm32f0xx_hal_flash.c ****   {
 340              		.loc 1 288 48 discriminator 1 view .LVU78
 341 000a 504B     		ldr	r3, .L42
 342 000c DB68     		ldr	r3, [r3, #12]
 288:Drivers/STM32F0xx_HAL_Driver/Src/stm32f0xx_hal_flash.c ****   {
 343              		.loc 1 288 46 discriminator 1 view .LVU79
 344 000e 5B07     		lsls	r3, r3, #29
 345 0010 0CD5     		bpl	.L24
 346              	.L23:
 291:Drivers/STM32F0xx_HAL_Driver/Src/stm32f0xx_hal_flash.c ****     /* Reset address */
 347              		.loc 1 291 5 is_stmt 1 view .LVU80
 291:Drivers/STM32F0xx_HAL_Driver/Src/stm32f0xx_hal_flash.c ****     /* Reset address */
 348              		.loc 1 291 16 is_stmt 0 view .LVU81
 349 0012 4F4C     		ldr	r4, .L42+4
 350 0014 A368     		ldr	r3, [r4, #8]
 351 0016 1D00     		movs	r5, r3
 352              	.LVL16:
 293:Drivers/STM32F0xx_HAL_Driver/Src/stm32f0xx_hal_flash.c ****   
 353              		.loc 1 293 5 is_stmt 1 view .LVU82
 293:Drivers/STM32F0xx_HAL_Driver/Src/stm32f0xx_hal_flash.c ****   
 354              		.loc 1 293 20 is_stmt 0 view .LVU83
 355 0018 0123     		movs	r3, #1
 356              	.LVL17:
 293:Drivers/STM32F0xx_HAL_Driver/Src/stm32f0xx_hal_flash.c ****   
 357              		.loc 1 293 20 view .LVU84
 358 001a 5B42     		rsbs	r3, r3, #0
 359 001c A360     		str	r3, [r4, #8]
 296:Drivers/STM32F0xx_HAL_Driver/Src/stm32f0xx_hal_flash.c ****     
ARM GAS  C:\msys64\tmp\ccaiO6PM.s 			page 20


 360              		.loc 1 296 5 is_stmt 1 view .LVU85
 361 001e FFF7FEFF 		bl	FLASH_SetErrorCode
 362              	.LVL18:
 299:Drivers/STM32F0xx_HAL_Driver/Src/stm32f0xx_hal_flash.c **** 
 363              		.loc 1 299 5 view .LVU86
 364 0022 2800     		movs	r0, r5
 365 0024 FFF7FEFF 		bl	HAL_FLASH_OperationErrorCallback
 366              	.LVL19:
 302:Drivers/STM32F0xx_HAL_Driver/Src/stm32f0xx_hal_flash.c ****   }
 367              		.loc 1 302 5 view .LVU87
 302:Drivers/STM32F0xx_HAL_Driver/Src/stm32f0xx_hal_flash.c ****   }
 368              		.loc 1 302 29 is_stmt 0 view .LVU88
 369 0028 0023     		movs	r3, #0
 370 002a 2370     		strb	r3, [r4]
 371              	.LVL20:
 372              	.L24:
 306:Drivers/STM32F0xx_HAL_Driver/Src/stm32f0xx_hal_flash.c ****   {
 373              		.loc 1 306 3 is_stmt 1 view .LVU89
 306:Drivers/STM32F0xx_HAL_Driver/Src/stm32f0xx_hal_flash.c ****   {
 374              		.loc 1 306 6 is_stmt 0 view .LVU90
 375 002c 474B     		ldr	r3, .L42
 376 002e DB68     		ldr	r3, [r3, #12]
 306:Drivers/STM32F0xx_HAL_Driver/Src/stm32f0xx_hal_flash.c ****   {
 377              		.loc 1 306 5 view .LVU91
 378 0030 9B06     		lsls	r3, r3, #26
 379 0032 28D5     		bpl	.L25
 309:Drivers/STM32F0xx_HAL_Driver/Src/stm32f0xx_hal_flash.c ****     
 380              		.loc 1 309 5 is_stmt 1 view .LVU92
 381 0034 454B     		ldr	r3, .L42
 382 0036 2022     		movs	r2, #32
 383 0038 DA60     		str	r2, [r3, #12]
 312:Drivers/STM32F0xx_HAL_Driver/Src/stm32f0xx_hal_flash.c ****     {
 384              		.loc 1 312 5 view .LVU93
 312:Drivers/STM32F0xx_HAL_Driver/Src/stm32f0xx_hal_flash.c ****     {
 385              		.loc 1 312 14 is_stmt 0 view .LVU94
 386 003a 454B     		ldr	r3, .L42+4
 387 003c 1B78     		ldrb	r3, [r3]
 312:Drivers/STM32F0xx_HAL_Driver/Src/stm32f0xx_hal_flash.c ****     {
 388              		.loc 1 312 7 view .LVU95
 389 003e 002B     		cmp	r3, #0
 390 0040 21D0     		beq	.L25
 314:Drivers/STM32F0xx_HAL_Driver/Src/stm32f0xx_hal_flash.c ****       {
 391              		.loc 1 314 7 is_stmt 1 view .LVU96
 314:Drivers/STM32F0xx_HAL_Driver/Src/stm32f0xx_hal_flash.c ****       {
 392              		.loc 1 314 16 is_stmt 0 view .LVU97
 393 0042 434B     		ldr	r3, .L42+4
 394 0044 1B78     		ldrb	r3, [r3]
 314:Drivers/STM32F0xx_HAL_Driver/Src/stm32f0xx_hal_flash.c ****       {
 395              		.loc 1 314 9 view .LVU98
 396 0046 012B     		cmp	r3, #1
 397 0048 2ED0     		beq	.L37
 345:Drivers/STM32F0xx_HAL_Driver/Src/stm32f0xx_hal_flash.c ****       {
 398              		.loc 1 345 12 is_stmt 1 view .LVU99
 345:Drivers/STM32F0xx_HAL_Driver/Src/stm32f0xx_hal_flash.c ****       {
 399              		.loc 1 345 21 is_stmt 0 view .LVU100
 400 004a 414B     		ldr	r3, .L42+4
 401 004c 1B78     		ldrb	r3, [r3]
ARM GAS  C:\msys64\tmp\ccaiO6PM.s 			page 21


 345:Drivers/STM32F0xx_HAL_Driver/Src/stm32f0xx_hal_flash.c ****       {
 402              		.loc 1 345 14 view .LVU101
 403 004e 022B     		cmp	r3, #2
 404 0050 4CD0     		beq	.L38
 360:Drivers/STM32F0xx_HAL_Driver/Src/stm32f0xx_hal_flash.c ****         
 405              		.loc 1 360 9 is_stmt 1 view .LVU102
 360:Drivers/STM32F0xx_HAL_Driver/Src/stm32f0xx_hal_flash.c ****         
 406              		.loc 1 360 15 is_stmt 0 view .LVU103
 407 0052 3F4B     		ldr	r3, .L42+4
 408 0054 5A68     		ldr	r2, [r3, #4]
 360:Drivers/STM32F0xx_HAL_Driver/Src/stm32f0xx_hal_flash.c ****         
 409              		.loc 1 360 29 view .LVU104
 410 0056 013A     		subs	r2, r2, #1
 411 0058 5A60     		str	r2, [r3, #4]
 363:Drivers/STM32F0xx_HAL_Driver/Src/stm32f0xx_hal_flash.c ****         {
 412              		.loc 1 363 9 is_stmt 1 view .LVU105
 363:Drivers/STM32F0xx_HAL_Driver/Src/stm32f0xx_hal_flash.c ****         {
 413              		.loc 1 363 18 is_stmt 0 view .LVU106
 414 005a 5B68     		ldr	r3, [r3, #4]
 363:Drivers/STM32F0xx_HAL_Driver/Src/stm32f0xx_hal_flash.c ****         {
 415              		.loc 1 363 11 view .LVU107
 416 005c 002B     		cmp	r3, #0
 417 005e 51D1     		bne	.L39
 382:Drivers/STM32F0xx_HAL_Driver/Src/stm32f0xx_hal_flash.c ****           {
 418              		.loc 1 382 11 is_stmt 1 view .LVU108
 382:Drivers/STM32F0xx_HAL_Driver/Src/stm32f0xx_hal_flash.c ****           {
 419              		.loc 1 382 21 is_stmt 0 view .LVU109
 420 0060 3B4B     		ldr	r3, .L42+4
 421 0062 1B78     		ldrb	r3, [r3]
 382:Drivers/STM32F0xx_HAL_Driver/Src/stm32f0xx_hal_flash.c ****           {
 422              		.loc 1 382 14 view .LVU110
 423 0064 032B     		cmp	r3, #3
 424 0066 65D0     		beq	.L40
 386:Drivers/STM32F0xx_HAL_Driver/Src/stm32f0xx_hal_flash.c ****           {
 425              		.loc 1 386 16 is_stmt 1 view .LVU111
 386:Drivers/STM32F0xx_HAL_Driver/Src/stm32f0xx_hal_flash.c ****           {
 426              		.loc 1 386 26 is_stmt 0 view .LVU112
 427 0068 394B     		ldr	r3, .L42+4
 428 006a 1B78     		ldrb	r3, [r3]
 386:Drivers/STM32F0xx_HAL_Driver/Src/stm32f0xx_hal_flash.c ****           {
 429              		.loc 1 386 19 view .LVU113
 430 006c 042B     		cmp	r3, #4
 431 006e 66D0     		beq	.L41
 392:Drivers/STM32F0xx_HAL_Driver/Src/stm32f0xx_hal_flash.c ****           }
 432              		.loc 1 392 13 is_stmt 1 view .LVU114
 392:Drivers/STM32F0xx_HAL_Driver/Src/stm32f0xx_hal_flash.c ****           }
 433              		.loc 1 392 52 is_stmt 0 view .LVU115
 434 0070 374B     		ldr	r3, .L42+4
 435 0072 9868     		ldr	r0, [r3, #8]
 392:Drivers/STM32F0xx_HAL_Driver/Src/stm32f0xx_hal_flash.c ****           }
 436              		.loc 1 392 61 view .LVU116
 437 0074 0638     		subs	r0, r0, #6
 392:Drivers/STM32F0xx_HAL_Driver/Src/stm32f0xx_hal_flash.c ****           }
 438              		.loc 1 392 13 view .LVU117
 439 0076 FFF7FEFF 		bl	HAL_FLASH_EndOfOperationCallback
 440              	.LVL21:
 441              	.L31:
ARM GAS  C:\msys64\tmp\ccaiO6PM.s 			page 22


 396:Drivers/STM32F0xx_HAL_Driver/Src/stm32f0xx_hal_flash.c ****           pFlash.ProcedureOnGoing = FLASH_PROC_NONE;
 442              		.loc 1 396 11 is_stmt 1 view .LVU118
 396:Drivers/STM32F0xx_HAL_Driver/Src/stm32f0xx_hal_flash.c ****           pFlash.ProcedureOnGoing = FLASH_PROC_NONE;
 443              		.loc 1 396 26 is_stmt 0 view .LVU119
 444 007a 354B     		ldr	r3, .L42+4
 445 007c 0122     		movs	r2, #1
 446 007e 5242     		rsbs	r2, r2, #0
 447 0080 9A60     		str	r2, [r3, #8]
 397:Drivers/STM32F0xx_HAL_Driver/Src/stm32f0xx_hal_flash.c ****         }
 448              		.loc 1 397 11 is_stmt 1 view .LVU120
 397:Drivers/STM32F0xx_HAL_Driver/Src/stm32f0xx_hal_flash.c ****         }
 449              		.loc 1 397 35 is_stmt 0 view .LVU121
 450 0082 0022     		movs	r2, #0
 451 0084 1A70     		strb	r2, [r3]
 452              	.L25:
 404:Drivers/STM32F0xx_HAL_Driver/Src/stm32f0xx_hal_flash.c ****   {
 453              		.loc 1 404 3 is_stmt 1 view .LVU122
 404:Drivers/STM32F0xx_HAL_Driver/Src/stm32f0xx_hal_flash.c ****   {
 454              		.loc 1 404 12 is_stmt 0 view .LVU123
 455 0086 324B     		ldr	r3, .L42+4
 456 0088 1B78     		ldrb	r3, [r3]
 404:Drivers/STM32F0xx_HAL_Driver/Src/stm32f0xx_hal_flash.c ****   {
 457              		.loc 1 404 5 view .LVU124
 458 008a 002B     		cmp	r3, #0
 459 008c 0BD1     		bne	.L22
 407:Drivers/STM32F0xx_HAL_Driver/Src/stm32f0xx_hal_flash.c **** 
 460              		.loc 1 407 5 is_stmt 1 view .LVU125
 461 008e 2F4B     		ldr	r3, .L42
 462 0090 1A69     		ldr	r2, [r3, #16]
 463 0092 0721     		movs	r1, #7
 464 0094 8A43     		bics	r2, r1
 465 0096 1A61     		str	r2, [r3, #16]
 410:Drivers/STM32F0xx_HAL_Driver/Src/stm32f0xx_hal_flash.c **** 
 466              		.loc 1 410 5 view .LVU126
 467 0098 1A69     		ldr	r2, [r3, #16]
 468 009a 2E49     		ldr	r1, .L42+8
 469 009c 0A40     		ands	r2, r1
 470 009e 1A61     		str	r2, [r3, #16]
 413:Drivers/STM32F0xx_HAL_Driver/Src/stm32f0xx_hal_flash.c ****   }
 471              		.loc 1 413 5 view .LVU127
 413:Drivers/STM32F0xx_HAL_Driver/Src/stm32f0xx_hal_flash.c ****   }
 472              		.loc 1 413 5 view .LVU128
 473 00a0 2B4B     		ldr	r3, .L42+4
 474 00a2 0022     		movs	r2, #0
 475 00a4 1A76     		strb	r2, [r3, #24]
 413:Drivers/STM32F0xx_HAL_Driver/Src/stm32f0xx_hal_flash.c ****   }
 476              		.loc 1 413 5 discriminator 1 view .LVU129
 477              	.L22:
 415:Drivers/STM32F0xx_HAL_Driver/Src/stm32f0xx_hal_flash.c **** 
 478              		.loc 1 415 1 is_stmt 0 view .LVU130
 479              		@ sp needed
 480 00a6 F8BD     		pop	{r3, r4, r5, r6, r7, pc}
 481              	.L37:
 317:Drivers/STM32F0xx_HAL_Driver/Src/stm32f0xx_hal_flash.c **** 
 482              		.loc 1 317 9 is_stmt 1 view .LVU131
 317:Drivers/STM32F0xx_HAL_Driver/Src/stm32f0xx_hal_flash.c **** 
 483              		.loc 1 317 15 is_stmt 0 view .LVU132
ARM GAS  C:\msys64\tmp\ccaiO6PM.s 			page 23


 484 00a8 294B     		ldr	r3, .L42+4
 485 00aa 5A68     		ldr	r2, [r3, #4]
 317:Drivers/STM32F0xx_HAL_Driver/Src/stm32f0xx_hal_flash.c **** 
 486              		.loc 1 317 29 view .LVU133
 487 00ac 013A     		subs	r2, r2, #1
 488 00ae 5A60     		str	r2, [r3, #4]
 320:Drivers/STM32F0xx_HAL_Driver/Src/stm32f0xx_hal_flash.c ****         {
 489              		.loc 1 320 9 is_stmt 1 view .LVU134
 320:Drivers/STM32F0xx_HAL_Driver/Src/stm32f0xx_hal_flash.c ****         {
 490              		.loc 1 320 18 is_stmt 0 view .LVU135
 491 00b0 5B68     		ldr	r3, [r3, #4]
 320:Drivers/STM32F0xx_HAL_Driver/Src/stm32f0xx_hal_flash.c ****         {
 492              		.loc 1 320 11 view .LVU136
 493 00b2 002B     		cmp	r3, #0
 494 00b4 11D0     		beq	.L27
 322:Drivers/STM32F0xx_HAL_Driver/Src/stm32f0xx_hal_flash.c ****           /*Indicate user which sector has been erased */
 495              		.loc 1 322 11 is_stmt 1 view .LVU137
 322:Drivers/STM32F0xx_HAL_Driver/Src/stm32f0xx_hal_flash.c ****           /*Indicate user which sector has been erased */
 496              		.loc 1 322 22 is_stmt 0 view .LVU138
 497 00b6 264C     		ldr	r4, .L42+4
 498 00b8 A068     		ldr	r0, [r4, #8]
 499              	.LVL22:
 324:Drivers/STM32F0xx_HAL_Driver/Src/stm32f0xx_hal_flash.c **** 
 500              		.loc 1 324 11 is_stmt 1 view .LVU139
 501 00ba FFF7FEFF 		bl	HAL_FLASH_EndOfOperationCallback
 502              	.LVL23:
 327:Drivers/STM32F0xx_HAL_Driver/Src/stm32f0xx_hal_flash.c ****           pFlash.Address = addresstmp;
 503              		.loc 1 327 11 view .LVU140
 327:Drivers/STM32F0xx_HAL_Driver/Src/stm32f0xx_hal_flash.c ****           pFlash.Address = addresstmp;
 504              		.loc 1 327 30 is_stmt 0 view .LVU141
 505 00be A068     		ldr	r0, [r4, #8]
 327:Drivers/STM32F0xx_HAL_Driver/Src/stm32f0xx_hal_flash.c ****           pFlash.Address = addresstmp;
 506              		.loc 1 327 22 view .LVU142
 507 00c0 8023     		movs	r3, #128
 508 00c2 DB00     		lsls	r3, r3, #3
 509 00c4 9C46     		mov	ip, r3
 510 00c6 6044     		add	r0, r0, ip
 511              	.LVL24:
 328:Drivers/STM32F0xx_HAL_Driver/Src/stm32f0xx_hal_flash.c **** 
 512              		.loc 1 328 11 is_stmt 1 view .LVU143
 328:Drivers/STM32F0xx_HAL_Driver/Src/stm32f0xx_hal_flash.c **** 
 513              		.loc 1 328 26 is_stmt 0 view .LVU144
 514 00c8 A060     		str	r0, [r4, #8]
 331:Drivers/STM32F0xx_HAL_Driver/Src/stm32f0xx_hal_flash.c **** 
 515              		.loc 1 331 11 is_stmt 1 view .LVU145
 516 00ca 204A     		ldr	r2, .L42
 517 00cc 1369     		ldr	r3, [r2, #16]
 518 00ce 0221     		movs	r1, #2
 519 00d0 8B43     		bics	r3, r1
 520 00d2 1361     		str	r3, [r2, #16]
 333:Drivers/STM32F0xx_HAL_Driver/Src/stm32f0xx_hal_flash.c ****         }
 521              		.loc 1 333 11 view .LVU146
 522 00d4 FFF7FEFF 		bl	FLASH_PageErase
 523              	.LVL25:
 333:Drivers/STM32F0xx_HAL_Driver/Src/stm32f0xx_hal_flash.c ****         }
 524              		.loc 1 333 11 is_stmt 0 view .LVU147
 525 00d8 D5E7     		b	.L25
ARM GAS  C:\msys64\tmp\ccaiO6PM.s 			page 24


 526              	.LVL26:
 527              	.L27:
 339:Drivers/STM32F0xx_HAL_Driver/Src/stm32f0xx_hal_flash.c ****           pFlash.ProcedureOnGoing = FLASH_PROC_NONE;
 528              		.loc 1 339 11 is_stmt 1 view .LVU148
 339:Drivers/STM32F0xx_HAL_Driver/Src/stm32f0xx_hal_flash.c ****           pFlash.ProcedureOnGoing = FLASH_PROC_NONE;
 529              		.loc 1 339 26 is_stmt 0 view .LVU149
 530 00da 1D4B     		ldr	r3, .L42+4
 531 00dc 0120     		movs	r0, #1
 532 00de 4042     		rsbs	r0, r0, #0
 533 00e0 9860     		str	r0, [r3, #8]
 340:Drivers/STM32F0xx_HAL_Driver/Src/stm32f0xx_hal_flash.c ****           /* FLASH EOP interrupt user callback */
 534              		.loc 1 340 11 is_stmt 1 view .LVU150
 340:Drivers/STM32F0xx_HAL_Driver/Src/stm32f0xx_hal_flash.c ****           /* FLASH EOP interrupt user callback */
 535              		.loc 1 340 35 is_stmt 0 view .LVU151
 536 00e2 0022     		movs	r2, #0
 537 00e4 1A70     		strb	r2, [r3]
 342:Drivers/STM32F0xx_HAL_Driver/Src/stm32f0xx_hal_flash.c ****         }
 538              		.loc 1 342 11 is_stmt 1 view .LVU152
 539 00e6 FFF7FEFF 		bl	HAL_FLASH_EndOfOperationCallback
 540              	.LVL27:
 541 00ea CCE7     		b	.L25
 542              	.LVL28:
 543              	.L38:
 348:Drivers/STM32F0xx_HAL_Driver/Src/stm32f0xx_hal_flash.c **** 
 544              		.loc 1 348 9 view .LVU153
 545 00ec 174A     		ldr	r2, .L42
 546 00ee 1369     		ldr	r3, [r2, #16]
 547 00f0 0421     		movs	r1, #4
 548 00f2 8B43     		bics	r3, r1
 549 00f4 1361     		str	r3, [r2, #16]
 352:Drivers/STM32F0xx_HAL_Driver/Src/stm32f0xx_hal_flash.c **** 
 550              		.loc 1 352 11 view .LVU154
 551 00f6 0020     		movs	r0, #0
 552 00f8 FFF7FEFF 		bl	HAL_FLASH_EndOfOperationCallback
 553              	.LVL29:
 355:Drivers/STM32F0xx_HAL_Driver/Src/stm32f0xx_hal_flash.c ****         }
 554              		.loc 1 355 11 view .LVU155
 355:Drivers/STM32F0xx_HAL_Driver/Src/stm32f0xx_hal_flash.c ****         }
 555              		.loc 1 355 35 is_stmt 0 view .LVU156
 556 00fc 144B     		ldr	r3, .L42+4
 557 00fe 0022     		movs	r2, #0
 558 0100 1A70     		strb	r2, [r3]
 559 0102 C0E7     		b	.L25
 560              	.L39:
 366:Drivers/STM32F0xx_HAL_Driver/Src/stm32f0xx_hal_flash.c ****           addresstmp = pFlash.Address;
 561              		.loc 1 366 11 is_stmt 1 view .LVU157
 366:Drivers/STM32F0xx_HAL_Driver/Src/stm32f0xx_hal_flash.c ****           addresstmp = pFlash.Address;
 562              		.loc 1 366 17 is_stmt 0 view .LVU158
 563 0104 124B     		ldr	r3, .L42+4
 564 0106 9A68     		ldr	r2, [r3, #8]
 366:Drivers/STM32F0xx_HAL_Driver/Src/stm32f0xx_hal_flash.c ****           addresstmp = pFlash.Address;
 565              		.loc 1 366 26 view .LVU159
 566 0108 0232     		adds	r2, r2, #2
 567 010a 9A60     		str	r2, [r3, #8]
 367:Drivers/STM32F0xx_HAL_Driver/Src/stm32f0xx_hal_flash.c ****           
 568              		.loc 1 367 11 is_stmt 1 view .LVU160
 367:Drivers/STM32F0xx_HAL_Driver/Src/stm32f0xx_hal_flash.c ****           
ARM GAS  C:\msys64\tmp\ccaiO6PM.s 			page 25


 569              		.loc 1 367 22 is_stmt 0 view .LVU161
 570 010c 9868     		ldr	r0, [r3, #8]
 571              	.LVL30:
 370:Drivers/STM32F0xx_HAL_Driver/Src/stm32f0xx_hal_flash.c ****           
 572              		.loc 1 370 11 is_stmt 1 view .LVU162
 370:Drivers/STM32F0xx_HAL_Driver/Src/stm32f0xx_hal_flash.c ****           
 573              		.loc 1 370 32 is_stmt 0 view .LVU163
 574 010e 1D69     		ldr	r5, [r3, #16]
 575 0110 5E69     		ldr	r6, [r3, #20]
 370:Drivers/STM32F0xx_HAL_Driver/Src/stm32f0xx_hal_flash.c ****           
 576              		.loc 1 370 38 view .LVU164
 577 0112 3404     		lsls	r4, r6, #16
 578 0114 290C     		lsrs	r1, r5, #16
 579 0116 6118     		adds	r1, r4, r1
 580 0118 320C     		lsrs	r2, r6, #16
 370:Drivers/STM32F0xx_HAL_Driver/Src/stm32f0xx_hal_flash.c ****           
 581              		.loc 1 370 23 view .LVU165
 582 011a 1961     		str	r1, [r3, #16]
 583 011c 5A61     		str	r2, [r3, #20]
 373:Drivers/STM32F0xx_HAL_Driver/Src/stm32f0xx_hal_flash.c **** 
 584              		.loc 1 373 11 is_stmt 1 view .LVU166
 585 011e 0B49     		ldr	r1, .L42
 586 0120 0A69     		ldr	r2, [r1, #16]
 587 0122 0124     		movs	r4, #1
 588 0124 A243     		bics	r2, r4
 589 0126 0A61     		str	r2, [r1, #16]
 376:Drivers/STM32F0xx_HAL_Driver/Src/stm32f0xx_hal_flash.c ****         }
 590              		.loc 1 376 11 view .LVU167
 376:Drivers/STM32F0xx_HAL_Driver/Src/stm32f0xx_hal_flash.c ****         }
 591              		.loc 1 376 62 is_stmt 0 view .LVU168
 592 0128 1A69     		ldr	r2, [r3, #16]
 593 012a 5B69     		ldr	r3, [r3, #20]
 376:Drivers/STM32F0xx_HAL_Driver/Src/stm32f0xx_hal_flash.c ****         }
 594              		.loc 1 376 11 view .LVU169
 595 012c 91B2     		uxth	r1, r2
 596 012e FFF7FEFF 		bl	FLASH_Program_HalfWord
 597              	.LVL31:
 376:Drivers/STM32F0xx_HAL_Driver/Src/stm32f0xx_hal_flash.c ****         }
 598              		.loc 1 376 11 view .LVU170
 599 0132 A8E7     		b	.L25
 600              	.LVL32:
 601              	.L40:
 384:Drivers/STM32F0xx_HAL_Driver/Src/stm32f0xx_hal_flash.c ****           }
 602              		.loc 1 384 13 is_stmt 1 view .LVU171
 384:Drivers/STM32F0xx_HAL_Driver/Src/stm32f0xx_hal_flash.c ****           }
 603              		.loc 1 384 52 is_stmt 0 view .LVU172
 604 0134 064B     		ldr	r3, .L42+4
 605 0136 9868     		ldr	r0, [r3, #8]
 384:Drivers/STM32F0xx_HAL_Driver/Src/stm32f0xx_hal_flash.c ****           }
 606              		.loc 1 384 13 view .LVU173
 607 0138 FFF7FEFF 		bl	HAL_FLASH_EndOfOperationCallback
 608              	.LVL33:
 609 013c 9DE7     		b	.L31
 610              	.L41:
 388:Drivers/STM32F0xx_HAL_Driver/Src/stm32f0xx_hal_flash.c ****           }
 611              		.loc 1 388 13 is_stmt 1 view .LVU174
 388:Drivers/STM32F0xx_HAL_Driver/Src/stm32f0xx_hal_flash.c ****           }
ARM GAS  C:\msys64\tmp\ccaiO6PM.s 			page 26


 612              		.loc 1 388 52 is_stmt 0 view .LVU175
 613 013e 044B     		ldr	r3, .L42+4
 614 0140 9868     		ldr	r0, [r3, #8]
 388:Drivers/STM32F0xx_HAL_Driver/Src/stm32f0xx_hal_flash.c ****           }
 615              		.loc 1 388 61 view .LVU176
 616 0142 0238     		subs	r0, r0, #2
 388:Drivers/STM32F0xx_HAL_Driver/Src/stm32f0xx_hal_flash.c ****           }
 617              		.loc 1 388 13 view .LVU177
 618 0144 FFF7FEFF 		bl	HAL_FLASH_EndOfOperationCallback
 619              	.LVL34:
 620 0148 97E7     		b	.L31
 621              	.L43:
 622 014a C046     		.align	2
 623              	.L42:
 624 014c 00200240 		.word	1073881088
 625 0150 00000000 		.word	pFlash
 626 0154 FFEBFFFF 		.word	-5121
 627              		.cfi_endproc
 628              	.LFE42:
 630              		.section	.text.HAL_FLASH_Unlock,"ax",%progbits
 631              		.align	1
 632              		.global	HAL_FLASH_Unlock
 633              		.syntax unified
 634              		.code	16
 635              		.thumb_func
 637              	HAL_FLASH_Unlock:
 638              	.LFB45:
 478:Drivers/STM32F0xx_HAL_Driver/Src/stm32f0xx_hal_flash.c ****   HAL_StatusTypeDef status = HAL_OK;
 639              		.loc 1 478 1 is_stmt 1 view -0
 640              		.cfi_startproc
 641              		@ args = 0, pretend = 0, frame = 0
 642              		@ frame_needed = 0, uses_anonymous_args = 0
 643              		@ link register save eliminated.
 479:Drivers/STM32F0xx_HAL_Driver/Src/stm32f0xx_hal_flash.c **** 
 644              		.loc 1 479 3 view .LVU179
 645              	.LVL35:
 481:Drivers/STM32F0xx_HAL_Driver/Src/stm32f0xx_hal_flash.c ****   {
 646              		.loc 1 481 3 view .LVU180
 481:Drivers/STM32F0xx_HAL_Driver/Src/stm32f0xx_hal_flash.c ****   {
 647              		.loc 1 481 6 is_stmt 0 view .LVU181
 648 0000 084B     		ldr	r3, .L48
 649 0002 1B69     		ldr	r3, [r3, #16]
 481:Drivers/STM32F0xx_HAL_Driver/Src/stm32f0xx_hal_flash.c ****   {
 650              		.loc 1 481 5 view .LVU182
 651 0004 1B06     		lsls	r3, r3, #24
 652 0006 09D5     		bpl	.L46
 484:Drivers/STM32F0xx_HAL_Driver/Src/stm32f0xx_hal_flash.c ****     WRITE_REG(FLASH->KEYR, FLASH_KEY2);
 653              		.loc 1 484 5 is_stmt 1 view .LVU183
 654 0008 064B     		ldr	r3, .L48
 655 000a 074A     		ldr	r2, .L48+4
 656 000c 5A60     		str	r2, [r3, #4]
 485:Drivers/STM32F0xx_HAL_Driver/Src/stm32f0xx_hal_flash.c **** 
 657              		.loc 1 485 5 view .LVU184
 658 000e 074A     		ldr	r2, .L48+8
 659 0010 5A60     		str	r2, [r3, #4]
 488:Drivers/STM32F0xx_HAL_Driver/Src/stm32f0xx_hal_flash.c ****     {
 660              		.loc 1 488 5 view .LVU185
ARM GAS  C:\msys64\tmp\ccaiO6PM.s 			page 27


 488:Drivers/STM32F0xx_HAL_Driver/Src/stm32f0xx_hal_flash.c ****     {
 661              		.loc 1 488 8 is_stmt 0 view .LVU186
 662 0012 1B69     		ldr	r3, [r3, #16]
 488:Drivers/STM32F0xx_HAL_Driver/Src/stm32f0xx_hal_flash.c ****     {
 663              		.loc 1 488 7 view .LVU187
 664 0014 1B06     		lsls	r3, r3, #24
 665 0016 03D4     		bmi	.L47
 479:Drivers/STM32F0xx_HAL_Driver/Src/stm32f0xx_hal_flash.c **** 
 666              		.loc 1 479 21 view .LVU188
 667 0018 0020     		movs	r0, #0
 668 001a 00E0     		b	.L45
 669              	.L46:
 670 001c 0020     		movs	r0, #0
 671              	.L45:
 672              	.LVL36:
 494:Drivers/STM32F0xx_HAL_Driver/Src/stm32f0xx_hal_flash.c **** }
 673              		.loc 1 494 3 is_stmt 1 view .LVU189
 495:Drivers/STM32F0xx_HAL_Driver/Src/stm32f0xx_hal_flash.c **** 
 674              		.loc 1 495 1 is_stmt 0 view .LVU190
 675              		@ sp needed
 676 001e 7047     		bx	lr
 677              	.LVL37:
 678              	.L47:
 490:Drivers/STM32F0xx_HAL_Driver/Src/stm32f0xx_hal_flash.c ****     }
 679              		.loc 1 490 14 view .LVU191
 680 0020 0120     		movs	r0, #1
 681 0022 FCE7     		b	.L45
 682              	.L49:
 683              		.align	2
 684              	.L48:
 685 0024 00200240 		.word	1073881088
 686 0028 23016745 		.word	1164378403
 687 002c AB89EFCD 		.word	-839939669
 688              		.cfi_endproc
 689              	.LFE45:
 691              		.section	.text.HAL_FLASH_Lock,"ax",%progbits
 692              		.align	1
 693              		.global	HAL_FLASH_Lock
 694              		.syntax unified
 695              		.code	16
 696              		.thumb_func
 698              	HAL_FLASH_Lock:
 699              	.LFB46:
 502:Drivers/STM32F0xx_HAL_Driver/Src/stm32f0xx_hal_flash.c ****   /* Set the LOCK Bit to lock the FLASH Registers access */
 700              		.loc 1 502 1 is_stmt 1 view -0
 701              		.cfi_startproc
 702              		@ args = 0, pretend = 0, frame = 0
 703              		@ frame_needed = 0, uses_anonymous_args = 0
 704              		@ link register save eliminated.
 504:Drivers/STM32F0xx_HAL_Driver/Src/stm32f0xx_hal_flash.c ****   
 705              		.loc 1 504 3 view .LVU193
 706 0000 034A     		ldr	r2, .L51
 707 0002 1369     		ldr	r3, [r2, #16]
 708 0004 8021     		movs	r1, #128
 709 0006 0B43     		orrs	r3, r1
 710 0008 1361     		str	r3, [r2, #16]
 506:Drivers/STM32F0xx_HAL_Driver/Src/stm32f0xx_hal_flash.c **** }
ARM GAS  C:\msys64\tmp\ccaiO6PM.s 			page 28


 711              		.loc 1 506 3 view .LVU194
 507:Drivers/STM32F0xx_HAL_Driver/Src/stm32f0xx_hal_flash.c **** 
 712              		.loc 1 507 1 is_stmt 0 view .LVU195
 713 000a 0020     		movs	r0, #0
 714              		@ sp needed
 715 000c 7047     		bx	lr
 716              	.L52:
 717 000e C046     		.align	2
 718              	.L51:
 719 0010 00200240 		.word	1073881088
 720              		.cfi_endproc
 721              	.LFE46:
 723              		.section	.text.HAL_FLASH_OB_Unlock,"ax",%progbits
 724              		.align	1
 725              		.global	HAL_FLASH_OB_Unlock
 726              		.syntax unified
 727              		.code	16
 728              		.thumb_func
 730              	HAL_FLASH_OB_Unlock:
 731              	.LFB47:
 514:Drivers/STM32F0xx_HAL_Driver/Src/stm32f0xx_hal_flash.c ****   if (HAL_IS_BIT_CLR(FLASH->CR, FLASH_CR_OPTWRE))
 732              		.loc 1 514 1 is_stmt 1 view -0
 733              		.cfi_startproc
 734              		@ args = 0, pretend = 0, frame = 0
 735              		@ frame_needed = 0, uses_anonymous_args = 0
 736              		@ link register save eliminated.
 515:Drivers/STM32F0xx_HAL_Driver/Src/stm32f0xx_hal_flash.c ****   {
 737              		.loc 1 515 3 view .LVU197
 515:Drivers/STM32F0xx_HAL_Driver/Src/stm32f0xx_hal_flash.c ****   {
 738              		.loc 1 515 7 is_stmt 0 view .LVU198
 739 0000 064B     		ldr	r3, .L56
 740 0002 1B69     		ldr	r3, [r3, #16]
 515:Drivers/STM32F0xx_HAL_Driver/Src/stm32f0xx_hal_flash.c ****   {
 741              		.loc 1 515 6 view .LVU199
 742 0004 9B05     		lsls	r3, r3, #22
 743 0006 06D4     		bmi	.L55
 518:Drivers/STM32F0xx_HAL_Driver/Src/stm32f0xx_hal_flash.c ****     WRITE_REG(FLASH->OPTKEYR, FLASH_OPTKEY2);
 744              		.loc 1 518 5 is_stmt 1 view .LVU200
 745 0008 044B     		ldr	r3, .L56
 746 000a 054A     		ldr	r2, .L56+4
 747 000c 9A60     		str	r2, [r3, #8]
 519:Drivers/STM32F0xx_HAL_Driver/Src/stm32f0xx_hal_flash.c ****   }
 748              		.loc 1 519 5 view .LVU201
 749 000e 054A     		ldr	r2, .L56+8
 750 0010 9A60     		str	r2, [r3, #8]
 526:Drivers/STM32F0xx_HAL_Driver/Src/stm32f0xx_hal_flash.c **** }
 751              		.loc 1 526 3 view .LVU202
 526:Drivers/STM32F0xx_HAL_Driver/Src/stm32f0xx_hal_flash.c **** }
 752              		.loc 1 526 10 is_stmt 0 view .LVU203
 753 0012 0020     		movs	r0, #0
 754              	.L54:
 527:Drivers/STM32F0xx_HAL_Driver/Src/stm32f0xx_hal_flash.c **** 
 755              		.loc 1 527 1 view .LVU204
 756              		@ sp needed
 757 0014 7047     		bx	lr
 758              	.L55:
 523:Drivers/STM32F0xx_HAL_Driver/Src/stm32f0xx_hal_flash.c ****   }  
ARM GAS  C:\msys64\tmp\ccaiO6PM.s 			page 29


 759              		.loc 1 523 12 view .LVU205
 760 0016 0120     		movs	r0, #1
 761 0018 FCE7     		b	.L54
 762              	.L57:
 763 001a C046     		.align	2
 764              	.L56:
 765 001c 00200240 		.word	1073881088
 766 0020 23016745 		.word	1164378403
 767 0024 AB89EFCD 		.word	-839939669
 768              		.cfi_endproc
 769              	.LFE47:
 771              		.section	.text.HAL_FLASH_OB_Lock,"ax",%progbits
 772              		.align	1
 773              		.global	HAL_FLASH_OB_Lock
 774              		.syntax unified
 775              		.code	16
 776              		.thumb_func
 778              	HAL_FLASH_OB_Lock:
 779              	.LFB48:
 534:Drivers/STM32F0xx_HAL_Driver/Src/stm32f0xx_hal_flash.c ****   /* Clear the OPTWRE Bit to lock the FLASH Option Byte Registers access */
 780              		.loc 1 534 1 is_stmt 1 view -0
 781              		.cfi_startproc
 782              		@ args = 0, pretend = 0, frame = 0
 783              		@ frame_needed = 0, uses_anonymous_args = 0
 784              		@ link register save eliminated.
 536:Drivers/STM32F0xx_HAL_Driver/Src/stm32f0xx_hal_flash.c ****   
 785              		.loc 1 536 3 view .LVU207
 786 0000 034A     		ldr	r2, .L59
 787 0002 1369     		ldr	r3, [r2, #16]
 788 0004 0349     		ldr	r1, .L59+4
 789 0006 0B40     		ands	r3, r1
 790 0008 1361     		str	r3, [r2, #16]
 538:Drivers/STM32F0xx_HAL_Driver/Src/stm32f0xx_hal_flash.c **** }
 791              		.loc 1 538 3 view .LVU208
 539:Drivers/STM32F0xx_HAL_Driver/Src/stm32f0xx_hal_flash.c ****   
 792              		.loc 1 539 1 is_stmt 0 view .LVU209
 793 000a 0020     		movs	r0, #0
 794              		@ sp needed
 795 000c 7047     		bx	lr
 796              	.L60:
 797 000e C046     		.align	2
 798              	.L59:
 799 0010 00200240 		.word	1073881088
 800 0014 FFFDFFFF 		.word	-513
 801              		.cfi_endproc
 802              	.LFE48:
 804              		.section	.text.HAL_FLASH_GetError,"ax",%progbits
 805              		.align	1
 806              		.global	HAL_FLASH_GetError
 807              		.syntax unified
 808              		.code	16
 809              		.thumb_func
 811              	HAL_FLASH_GetError:
 812              	.LFB50:
 579:Drivers/STM32F0xx_HAL_Driver/Src/stm32f0xx_hal_flash.c ****    return pFlash.ErrorCode;
 813              		.loc 1 579 1 is_stmt 1 view -0
 814              		.cfi_startproc
ARM GAS  C:\msys64\tmp\ccaiO6PM.s 			page 30


 815              		@ args = 0, pretend = 0, frame = 0
 816              		@ frame_needed = 0, uses_anonymous_args = 0
 817              		@ link register save eliminated.
 580:Drivers/STM32F0xx_HAL_Driver/Src/stm32f0xx_hal_flash.c **** }
 818              		.loc 1 580 4 view .LVU211
 580:Drivers/STM32F0xx_HAL_Driver/Src/stm32f0xx_hal_flash.c **** }
 819              		.loc 1 580 17 is_stmt 0 view .LVU212
 820 0000 014B     		ldr	r3, .L62
 821 0002 D869     		ldr	r0, [r3, #28]
 581:Drivers/STM32F0xx_HAL_Driver/Src/stm32f0xx_hal_flash.c **** 
 822              		.loc 1 581 1 view .LVU213
 823              		@ sp needed
 824 0004 7047     		bx	lr
 825              	.L63:
 826 0006 C046     		.align	2
 827              	.L62:
 828 0008 00000000 		.word	pFlash
 829              		.cfi_endproc
 830              	.LFE50:
 832              		.section	.text.FLASH_WaitForLastOperation,"ax",%progbits
 833              		.align	1
 834              		.global	FLASH_WaitForLastOperation
 835              		.syntax unified
 836              		.code	16
 837              		.thumb_func
 839              	FLASH_WaitForLastOperation:
 840              	.LVL38:
 841              	.LFB52:
 619:Drivers/STM32F0xx_HAL_Driver/Src/stm32f0xx_hal_flash.c ****   /* Wait for the FLASH operation to complete by polling on BUSY flag to be reset.
 842              		.loc 1 619 1 is_stmt 1 view -0
 843              		.cfi_startproc
 844              		@ args = 0, pretend = 0, frame = 0
 845              		@ frame_needed = 0, uses_anonymous_args = 0
 619:Drivers/STM32F0xx_HAL_Driver/Src/stm32f0xx_hal_flash.c ****   /* Wait for the FLASH operation to complete by polling on BUSY flag to be reset.
 846              		.loc 1 619 1 is_stmt 0 view .LVU215
 847 0000 70B5     		push	{r4, r5, r6, lr}
 848              	.LCFI3:
 849              		.cfi_def_cfa_offset 16
 850              		.cfi_offset 4, -16
 851              		.cfi_offset 5, -12
 852              		.cfi_offset 6, -8
 853              		.cfi_offset 14, -4
 854 0002 0400     		movs	r4, r0
 624:Drivers/STM32F0xx_HAL_Driver/Src/stm32f0xx_hal_flash.c ****      
 855              		.loc 1 624 3 is_stmt 1 view .LVU216
 624:Drivers/STM32F0xx_HAL_Driver/Src/stm32f0xx_hal_flash.c ****      
 856              		.loc 1 624 24 is_stmt 0 view .LVU217
 857 0004 FFF7FEFF 		bl	HAL_GetTick
 858              	.LVL39:
 624:Drivers/STM32F0xx_HAL_Driver/Src/stm32f0xx_hal_flash.c ****      
 859              		.loc 1 624 24 view .LVU218
 860 0008 0500     		movs	r5, r0
 861              	.LVL40:
 626:Drivers/STM32F0xx_HAL_Driver/Src/stm32f0xx_hal_flash.c ****   { 
 862              		.loc 1 626 3 is_stmt 1 view .LVU219
 863              	.L66:
 626:Drivers/STM32F0xx_HAL_Driver/Src/stm32f0xx_hal_flash.c ****   { 
ARM GAS  C:\msys64\tmp\ccaiO6PM.s 			page 31


 864              		.loc 1 626 9 discriminator 1 view .LVU220
 865 000a 124B     		ldr	r3, .L77
 866 000c DB68     		ldr	r3, [r3, #12]
 867 000e DB07     		lsls	r3, r3, #31
 868 0010 0AD5     		bpl	.L76
 628:Drivers/STM32F0xx_HAL_Driver/Src/stm32f0xx_hal_flash.c ****     {
 869              		.loc 1 628 5 view .LVU221
 628:Drivers/STM32F0xx_HAL_Driver/Src/stm32f0xx_hal_flash.c ****     {
 870              		.loc 1 628 8 is_stmt 0 view .LVU222
 871 0012 631C     		adds	r3, r4, #1
 872 0014 F9D0     		beq	.L66
 630:Drivers/STM32F0xx_HAL_Driver/Src/stm32f0xx_hal_flash.c ****       {
 873              		.loc 1 630 7 is_stmt 1 view .LVU223
 630:Drivers/STM32F0xx_HAL_Driver/Src/stm32f0xx_hal_flash.c ****       {
 874              		.loc 1 630 9 is_stmt 0 view .LVU224
 875 0016 002C     		cmp	r4, #0
 876 0018 04D0     		beq	.L67
 630:Drivers/STM32F0xx_HAL_Driver/Src/stm32f0xx_hal_flash.c ****       {
 877              		.loc 1 630 31 discriminator 1 view .LVU225
 878 001a FFF7FEFF 		bl	HAL_GetTick
 879              	.LVL41:
 630:Drivers/STM32F0xx_HAL_Driver/Src/stm32f0xx_hal_flash.c ****       {
 880              		.loc 1 630 44 discriminator 2 view .LVU226
 881 001e 401B     		subs	r0, r0, r5
 630:Drivers/STM32F0xx_HAL_Driver/Src/stm32f0xx_hal_flash.c ****       {
 882              		.loc 1 630 26 discriminator 2 view .LVU227
 883 0020 A042     		cmp	r0, r4
 884 0022 F2D9     		bls	.L66
 885              	.L67:
 632:Drivers/STM32F0xx_HAL_Driver/Src/stm32f0xx_hal_flash.c ****       }
 886              		.loc 1 632 16 view .LVU228
 887 0024 0320     		movs	r0, #3
 888 0026 0FE0     		b	.L68
 889              	.L76:
 638:Drivers/STM32F0xx_HAL_Driver/Src/stm32f0xx_hal_flash.c ****   {
 890              		.loc 1 638 3 is_stmt 1 view .LVU229
 638:Drivers/STM32F0xx_HAL_Driver/Src/stm32f0xx_hal_flash.c ****   {
 891              		.loc 1 638 7 is_stmt 0 view .LVU230
 892 0028 0A4B     		ldr	r3, .L77
 893 002a DB68     		ldr	r3, [r3, #12]
 638:Drivers/STM32F0xx_HAL_Driver/Src/stm32f0xx_hal_flash.c ****   {
 894              		.loc 1 638 6 view .LVU231
 895 002c 9B06     		lsls	r3, r3, #26
 896 002e 02D5     		bpl	.L70
 641:Drivers/STM32F0xx_HAL_Driver/Src/stm32f0xx_hal_flash.c ****   }
 897              		.loc 1 641 5 is_stmt 1 view .LVU232
 898 0030 084B     		ldr	r3, .L77
 899 0032 2022     		movs	r2, #32
 900 0034 DA60     		str	r2, [r3, #12]
 901              	.L70:
 644:Drivers/STM32F0xx_HAL_Driver/Src/stm32f0xx_hal_flash.c ****      __HAL_FLASH_GET_FLAG(FLASH_FLAG_PGERR))
 902              		.loc 1 644 3 view .LVU233
 644:Drivers/STM32F0xx_HAL_Driver/Src/stm32f0xx_hal_flash.c ****      __HAL_FLASH_GET_FLAG(FLASH_FLAG_PGERR))
 903              		.loc 1 644 6 is_stmt 0 view .LVU234
 904 0036 074B     		ldr	r3, .L77
 905 0038 DB68     		ldr	r3, [r3, #12]
 644:Drivers/STM32F0xx_HAL_Driver/Src/stm32f0xx_hal_flash.c ****      __HAL_FLASH_GET_FLAG(FLASH_FLAG_PGERR))
ARM GAS  C:\msys64\tmp\ccaiO6PM.s 			page 32


 906              		.loc 1 644 5 view .LVU235
 907 003a DB06     		lsls	r3, r3, #27
 908 003c 05D4     		bmi	.L71
 645:Drivers/STM32F0xx_HAL_Driver/Src/stm32f0xx_hal_flash.c ****   {
 909              		.loc 1 645 6 view .LVU236
 910 003e 054B     		ldr	r3, .L77
 911 0040 DB68     		ldr	r3, [r3, #12]
 644:Drivers/STM32F0xx_HAL_Driver/Src/stm32f0xx_hal_flash.c ****      __HAL_FLASH_GET_FLAG(FLASH_FLAG_PGERR))
 912              		.loc 1 644 47 discriminator 1 view .LVU237
 913 0042 5B07     		lsls	r3, r3, #29
 914 0044 01D4     		bmi	.L71
 653:Drivers/STM32F0xx_HAL_Driver/Src/stm32f0xx_hal_flash.c **** }
 915              		.loc 1 653 10 view .LVU238
 916 0046 0020     		movs	r0, #0
 917              	.L68:
 654:Drivers/STM32F0xx_HAL_Driver/Src/stm32f0xx_hal_flash.c **** 
 918              		.loc 1 654 1 view .LVU239
 919              		@ sp needed
 920              	.LVL42:
 921              	.LVL43:
 654:Drivers/STM32F0xx_HAL_Driver/Src/stm32f0xx_hal_flash.c **** 
 922              		.loc 1 654 1 view .LVU240
 923 0048 70BD     		pop	{r4, r5, r6, pc}
 924              	.LVL44:
 925              	.L71:
 648:Drivers/STM32F0xx_HAL_Driver/Src/stm32f0xx_hal_flash.c ****     return HAL_ERROR;
 926              		.loc 1 648 5 is_stmt 1 view .LVU241
 927 004a FFF7FEFF 		bl	FLASH_SetErrorCode
 928              	.LVL45:
 649:Drivers/STM32F0xx_HAL_Driver/Src/stm32f0xx_hal_flash.c ****   }
 929              		.loc 1 649 5 view .LVU242
 649:Drivers/STM32F0xx_HAL_Driver/Src/stm32f0xx_hal_flash.c ****   }
 930              		.loc 1 649 12 is_stmt 0 view .LVU243
 931 004e 0120     		movs	r0, #1
 932 0050 FAE7     		b	.L68
 933              	.L78:
 934 0052 C046     		.align	2
 935              	.L77:
 936 0054 00200240 		.word	1073881088
 937              		.cfi_endproc
 938              	.LFE52:
 940              		.section	.text.HAL_FLASH_Program,"ax",%progbits
 941              		.align	1
 942              		.global	HAL_FLASH_Program
 943              		.syntax unified
 944              		.code	16
 945              		.thumb_func
 947              	HAL_FLASH_Program:
 948              	.LVL46:
 949              	.LFB40:
 166:Drivers/STM32F0xx_HAL_Driver/Src/stm32f0xx_hal_flash.c ****   HAL_StatusTypeDef status = HAL_ERROR;
 950              		.loc 1 166 1 is_stmt 1 view -0
 951              		.cfi_startproc
 952              		@ args = 0, pretend = 0, frame = 0
 953              		@ frame_needed = 0, uses_anonymous_args = 0
 166:Drivers/STM32F0xx_HAL_Driver/Src/stm32f0xx_hal_flash.c ****   HAL_StatusTypeDef status = HAL_ERROR;
 954              		.loc 1 166 1 is_stmt 0 view .LVU245
ARM GAS  C:\msys64\tmp\ccaiO6PM.s 			page 33


 955 0000 F0B5     		push	{r4, r5, r6, r7, lr}
 956              	.LCFI4:
 957              		.cfi_def_cfa_offset 20
 958              		.cfi_offset 4, -20
 959              		.cfi_offset 5, -16
 960              		.cfi_offset 6, -12
 961              		.cfi_offset 7, -8
 962              		.cfi_offset 14, -4
 963 0002 C646     		mov	lr, r8
 964 0004 00B5     		push	{lr}
 965              	.LCFI5:
 966              		.cfi_def_cfa_offset 24
 967              		.cfi_offset 8, -24
 968 0006 0400     		movs	r4, r0
 969 0008 0D00     		movs	r5, r1
 970 000a 9046     		mov	r8, r2
 971 000c 1E00     		movs	r6, r3
 167:Drivers/STM32F0xx_HAL_Driver/Src/stm32f0xx_hal_flash.c ****   uint8_t index = 0U;
 972              		.loc 1 167 3 is_stmt 1 view .LVU246
 973              	.LVL47:
 168:Drivers/STM32F0xx_HAL_Driver/Src/stm32f0xx_hal_flash.c ****   uint8_t nbiterations = 0U;
 974              		.loc 1 168 3 view .LVU247
 169:Drivers/STM32F0xx_HAL_Driver/Src/stm32f0xx_hal_flash.c ****   
 975              		.loc 1 169 3 view .LVU248
 172:Drivers/STM32F0xx_HAL_Driver/Src/stm32f0xx_hal_flash.c **** 
 976              		.loc 1 172 3 view .LVU249
 172:Drivers/STM32F0xx_HAL_Driver/Src/stm32f0xx_hal_flash.c **** 
 977              		.loc 1 172 3 view .LVU250
 978 000e 204B     		ldr	r3, .L91
 979 0010 1B7E     		ldrb	r3, [r3, #24]
 980 0012 012B     		cmp	r3, #1
 981 0014 3AD0     		beq	.L87
 172:Drivers/STM32F0xx_HAL_Driver/Src/stm32f0xx_hal_flash.c **** 
 982              		.loc 1 172 3 discriminator 2 view .LVU251
 983 0016 1E4B     		ldr	r3, .L91
 984 0018 0122     		movs	r2, #1
 985              	.LVL48:
 172:Drivers/STM32F0xx_HAL_Driver/Src/stm32f0xx_hal_flash.c **** 
 986              		.loc 1 172 3 is_stmt 0 discriminator 2 view .LVU252
 987 001a 1A76     		strb	r2, [r3, #24]
 172:Drivers/STM32F0xx_HAL_Driver/Src/stm32f0xx_hal_flash.c **** 
 988              		.loc 1 172 3 is_stmt 1 discriminator 2 view .LVU253
 175:Drivers/STM32F0xx_HAL_Driver/Src/stm32f0xx_hal_flash.c ****   assert_param(IS_FLASH_PROGRAM_ADDRESS(Address));
 989              		.loc 1 175 3 view .LVU254
 176:Drivers/STM32F0xx_HAL_Driver/Src/stm32f0xx_hal_flash.c **** 
 990              		.loc 1 176 3 view .LVU255
 179:Drivers/STM32F0xx_HAL_Driver/Src/stm32f0xx_hal_flash.c ****   
 991              		.loc 1 179 5 view .LVU256
 179:Drivers/STM32F0xx_HAL_Driver/Src/stm32f0xx_hal_flash.c ****   
 992              		.loc 1 179 14 is_stmt 0 view .LVU257
 993 001c 1D48     		ldr	r0, .L91+4
 994              	.LVL49:
 179:Drivers/STM32F0xx_HAL_Driver/Src/stm32f0xx_hal_flash.c ****   
 995              		.loc 1 179 14 view .LVU258
 996 001e FFF7FEFF 		bl	FLASH_WaitForLastOperation
 997              	.LVL50:
 179:Drivers/STM32F0xx_HAL_Driver/Src/stm32f0xx_hal_flash.c ****   
ARM GAS  C:\msys64\tmp\ccaiO6PM.s 			page 34


 998              		.loc 1 179 14 view .LVU259
 999 0022 031E     		subs	r3, r0, #0
 1000              	.LVL51:
 181:Drivers/STM32F0xx_HAL_Driver/Src/stm32f0xx_hal_flash.c ****   {
 1001              		.loc 1 181 3 is_stmt 1 view .LVU260
 181:Drivers/STM32F0xx_HAL_Driver/Src/stm32f0xx_hal_flash.c ****   {
 1002              		.loc 1 181 5 is_stmt 0 view .LVU261
 1003 0024 2CD1     		bne	.L81
 183:Drivers/STM32F0xx_HAL_Driver/Src/stm32f0xx_hal_flash.c ****     {
 1004              		.loc 1 183 5 is_stmt 1 view .LVU262
 183:Drivers/STM32F0xx_HAL_Driver/Src/stm32f0xx_hal_flash.c ****     {
 1005              		.loc 1 183 7 is_stmt 0 view .LVU263
 1006 0026 012C     		cmp	r4, #1
 1007 0028 06D0     		beq	.L88
 188:Drivers/STM32F0xx_HAL_Driver/Src/stm32f0xx_hal_flash.c ****     {
 1008              		.loc 1 188 10 is_stmt 1 view .LVU264
 188:Drivers/STM32F0xx_HAL_Driver/Src/stm32f0xx_hal_flash.c ****     {
 1009              		.loc 1 188 12 is_stmt 0 view .LVU265
 1010 002a 022C     		cmp	r4, #2
 1011 002c 02D0     		beq	.L90
 196:Drivers/STM32F0xx_HAL_Driver/Src/stm32f0xx_hal_flash.c ****     }
 1012              		.loc 1 196 20 view .LVU266
 1013 002e 0427     		movs	r7, #4
 1014              	.L82:
 1015              	.LVL52:
 199:Drivers/STM32F0xx_HAL_Driver/Src/stm32f0xx_hal_flash.c ****     {
 1016              		.loc 1 199 5 is_stmt 1 view .LVU267
 199:Drivers/STM32F0xx_HAL_Driver/Src/stm32f0xx_hal_flash.c ****     {
 1017              		.loc 1 199 16 is_stmt 0 view .LVU268
 1018 0030 1C00     		movs	r4, r3
 1019              	.LVL53:
 199:Drivers/STM32F0xx_HAL_Driver/Src/stm32f0xx_hal_flash.c ****     {
 1020              		.loc 1 199 5 view .LVU269
 1021 0032 1AE0     		b	.L83
 1022              	.LVL54:
 1023              	.L90:
 191:Drivers/STM32F0xx_HAL_Driver/Src/stm32f0xx_hal_flash.c ****     }
 1024              		.loc 1 191 20 view .LVU270
 1025 0034 0227     		movs	r7, #2
 1026 0036 FBE7     		b	.L82
 1027              	.L88:
 186:Drivers/STM32F0xx_HAL_Driver/Src/stm32f0xx_hal_flash.c ****     }
 1028              		.loc 1 186 20 view .LVU271
 1029 0038 0127     		movs	r7, #1
 1030 003a F9E7     		b	.L82
 1031              	.LVL55:
 1032              	.L84:
 201:Drivers/STM32F0xx_HAL_Driver/Src/stm32f0xx_hal_flash.c **** 
 1033              		.loc 1 201 70 view .LVU272
 1034 003c 2022     		movs	r2, #32
 1035 003e D21A     		subs	r2, r2, r3
 1036 0040 3100     		movs	r1, r6
 1037 0042 9140     		lsls	r1, r1, r2
 1038 0044 0A00     		movs	r2, r1
 1039 0046 4146     		mov	r1, r8
 1040 0048 D940     		lsrs	r1, r1, r3
 1041 004a 5118     		adds	r1, r2, r1
ARM GAS  C:\msys64\tmp\ccaiO6PM.s 			page 35


 1042              	.L85:
 201:Drivers/STM32F0xx_HAL_Driver/Src/stm32f0xx_hal_flash.c **** 
 1043              		.loc 1 201 7 view .LVU273
 1044 004c 89B2     		uxth	r1, r1
 1045 004e FFF7FEFF 		bl	FLASH_Program_HalfWord
 1046              	.LVL56:
 204:Drivers/STM32F0xx_HAL_Driver/Src/stm32f0xx_hal_flash.c ****     
 1047              		.loc 1 204 9 is_stmt 1 view .LVU274
 204:Drivers/STM32F0xx_HAL_Driver/Src/stm32f0xx_hal_flash.c ****     
 1048              		.loc 1 204 18 is_stmt 0 view .LVU275
 1049 0052 1048     		ldr	r0, .L91+4
 1050 0054 FFF7FEFF 		bl	FLASH_WaitForLastOperation
 1051              	.LVL57:
 207:Drivers/STM32F0xx_HAL_Driver/Src/stm32f0xx_hal_flash.c ****       /* In case of error, stop programming procedure */
 1052              		.loc 1 207 9 is_stmt 1 view .LVU276
 1053 0058 0F4A     		ldr	r2, .L91+8
 1054 005a 1369     		ldr	r3, [r2, #16]
 1055 005c 0121     		movs	r1, #1
 1056 005e 8B43     		bics	r3, r1
 1057 0060 1361     		str	r3, [r2, #16]
 209:Drivers/STM32F0xx_HAL_Driver/Src/stm32f0xx_hal_flash.c ****       {
 1058              		.loc 1 209 7 view .LVU277
 209:Drivers/STM32F0xx_HAL_Driver/Src/stm32f0xx_hal_flash.c ****       {
 1059              		.loc 1 209 10 is_stmt 0 view .LVU278
 1060 0062 0028     		cmp	r0, #0
 1061 0064 0CD1     		bne	.L81
 199:Drivers/STM32F0xx_HAL_Driver/Src/stm32f0xx_hal_flash.c ****     {
 1062              		.loc 1 199 49 is_stmt 1 discriminator 1 view .LVU279
 1063 0066 0134     		adds	r4, r4, #1
 1064              	.LVL58:
 199:Drivers/STM32F0xx_HAL_Driver/Src/stm32f0xx_hal_flash.c ****     {
 1065              		.loc 1 199 49 is_stmt 0 discriminator 1 view .LVU280
 1066 0068 E4B2     		uxtb	r4, r4
 1067              	.LVL59:
 1068              	.L83:
 199:Drivers/STM32F0xx_HAL_Driver/Src/stm32f0xx_hal_flash.c ****     {
 1069              		.loc 1 199 28 is_stmt 1 discriminator 2 view .LVU281
 1070 006a BC42     		cmp	r4, r7
 1071 006c 08D2     		bcs	.L81
 201:Drivers/STM32F0xx_HAL_Driver/Src/stm32f0xx_hal_flash.c **** 
 1072              		.loc 1 201 7 view .LVU282
 201:Drivers/STM32F0xx_HAL_Driver/Src/stm32f0xx_hal_flash.c **** 
 1073              		.loc 1 201 44 is_stmt 0 view .LVU283
 1074 006e 6000     		lsls	r0, r4, #1
 1075              	.LVL60:
 201:Drivers/STM32F0xx_HAL_Driver/Src/stm32f0xx_hal_flash.c **** 
 1076              		.loc 1 201 39 view .LVU284
 1077 0070 4019     		adds	r0, r0, r5
 201:Drivers/STM32F0xx_HAL_Driver/Src/stm32f0xx_hal_flash.c **** 
 1078              		.loc 1 201 77 view .LVU285
 1079 0072 2301     		lsls	r3, r4, #4
 201:Drivers/STM32F0xx_HAL_Driver/Src/stm32f0xx_hal_flash.c **** 
 1080              		.loc 1 201 70 view .LVU286
 1081 0074 1A00     		movs	r2, r3
 1082 0076 203A     		subs	r2, r2, #32
 1083 0078 E0D4     		bmi	.L84
 1084 007a 3100     		movs	r1, r6
ARM GAS  C:\msys64\tmp\ccaiO6PM.s 			page 36


 1085 007c D140     		lsrs	r1, r1, r2
 1086 007e E5E7     		b	.L85
 1087              	.LVL61:
 1088              	.L81:
 217:Drivers/STM32F0xx_HAL_Driver/Src/stm32f0xx_hal_flash.c **** 
 1089              		.loc 1 217 3 is_stmt 1 view .LVU287
 217:Drivers/STM32F0xx_HAL_Driver/Src/stm32f0xx_hal_flash.c **** 
 1090              		.loc 1 217 3 view .LVU288
 1091 0080 034B     		ldr	r3, .L91
 1092 0082 0022     		movs	r2, #0
 1093 0084 1A76     		strb	r2, [r3, #24]
 217:Drivers/STM32F0xx_HAL_Driver/Src/stm32f0xx_hal_flash.c **** 
 1094              		.loc 1 217 3 view .LVU289
 219:Drivers/STM32F0xx_HAL_Driver/Src/stm32f0xx_hal_flash.c **** }
 1095              		.loc 1 219 3 view .LVU290
 1096              	.LVL62:
 1097              	.L80:
 220:Drivers/STM32F0xx_HAL_Driver/Src/stm32f0xx_hal_flash.c **** 
 1098              		.loc 1 220 1 is_stmt 0 view .LVU291
 1099              		@ sp needed
 1100              	.LVL63:
 220:Drivers/STM32F0xx_HAL_Driver/Src/stm32f0xx_hal_flash.c **** 
 1101              		.loc 1 220 1 view .LVU292
 1102 0086 80BC     		pop	{r7}
 1103 0088 B846     		mov	r8, r7
 1104 008a F0BD     		pop	{r4, r5, r6, r7, pc}
 1105              	.LVL64:
 1106              	.L87:
 172:Drivers/STM32F0xx_HAL_Driver/Src/stm32f0xx_hal_flash.c **** 
 1107              		.loc 1 172 3 discriminator 1 view .LVU293
 1108 008c 0220     		movs	r0, #2
 1109              	.LVL65:
 172:Drivers/STM32F0xx_HAL_Driver/Src/stm32f0xx_hal_flash.c **** 
 1110              		.loc 1 172 3 discriminator 1 view .LVU294
 1111 008e FAE7     		b	.L80
 1112              	.L92:
 1113              		.align	2
 1114              	.L91:
 1115 0090 00000000 		.word	pFlash
 1116 0094 50C30000 		.word	50000
 1117 0098 00200240 		.word	1073881088
 1118              		.cfi_endproc
 1119              	.LFE40:
 1121              		.section	.text.HAL_FLASH_OB_Launch,"ax",%progbits
 1122              		.align	1
 1123              		.global	HAL_FLASH_OB_Launch
 1124              		.syntax unified
 1125              		.code	16
 1126              		.thumb_func
 1128              	HAL_FLASH_OB_Launch:
 1129              	.LFB49:
 547:Drivers/STM32F0xx_HAL_Driver/Src/stm32f0xx_hal_flash.c ****   /* Set the OBL_Launch bit to launch the option byte loading */
 1130              		.loc 1 547 1 is_stmt 1 view -0
 1131              		.cfi_startproc
 1132              		@ args = 0, pretend = 0, frame = 0
 1133              		@ frame_needed = 0, uses_anonymous_args = 0
 1134 0000 10B5     		push	{r4, lr}
ARM GAS  C:\msys64\tmp\ccaiO6PM.s 			page 37


 1135              	.LCFI6:
 1136              		.cfi_def_cfa_offset 8
 1137              		.cfi_offset 4, -8
 1138              		.cfi_offset 14, -4
 549:Drivers/STM32F0xx_HAL_Driver/Src/stm32f0xx_hal_flash.c ****   
 1139              		.loc 1 549 3 view .LVU296
 1140 0002 054A     		ldr	r2, .L94
 1141 0004 1169     		ldr	r1, [r2, #16]
 1142 0006 8023     		movs	r3, #128
 1143 0008 9B01     		lsls	r3, r3, #6
 1144 000a 0B43     		orrs	r3, r1
 1145 000c 1361     		str	r3, [r2, #16]
 552:Drivers/STM32F0xx_HAL_Driver/Src/stm32f0xx_hal_flash.c **** }
 1146              		.loc 1 552 3 view .LVU297
 552:Drivers/STM32F0xx_HAL_Driver/Src/stm32f0xx_hal_flash.c **** }
 1147              		.loc 1 552 10 is_stmt 0 view .LVU298
 1148 000e 0348     		ldr	r0, .L94+4
 1149 0010 FFF7FEFF 		bl	FLASH_WaitForLastOperation
 1150              	.LVL66:
 553:Drivers/STM32F0xx_HAL_Driver/Src/stm32f0xx_hal_flash.c **** 
 1151              		.loc 1 553 1 view .LVU299
 1152              		@ sp needed
 1153 0014 10BD     		pop	{r4, pc}
 1154              	.L95:
 1155 0016 C046     		.align	2
 1156              	.L94:
 1157 0018 00200240 		.word	1073881088
 1158 001c 50C30000 		.word	50000
 1159              		.cfi_endproc
 1160              	.LFE49:
 1162              		.global	pFlash
 1163              		.section	.bss.pFlash,"aw",%nobits
 1164              		.align	3
 1167              	pFlash:
 1168 0000 00000000 		.space	32
 1168      00000000 
 1168      00000000 
 1168      00000000 
 1168      00000000 
 1169              		.text
 1170              	.Letext0:
 1171              		.file 2 "C:/msys64/ucrt64/arm-none-eabi/include/machine/_default_types.h"
 1172              		.file 3 "C:/msys64/ucrt64/arm-none-eabi/include/sys/_stdint.h"
 1173              		.file 4 "Drivers/CMSIS/Device/ST/STM32F0xx/Include/stm32f030x8.h"
 1174              		.file 5 "Drivers/CMSIS/Device/ST/STM32F0xx/Include/stm32f0xx.h"
 1175              		.file 6 "Drivers/STM32F0xx_HAL_Driver/Inc/stm32f0xx_hal_def.h"
 1176              		.file 7 "Drivers/STM32F0xx_HAL_Driver/Inc/stm32f0xx_hal_flash.h"
 1177              		.file 8 "Drivers/STM32F0xx_HAL_Driver/Inc/stm32f0xx_hal.h"
ARM GAS  C:\msys64\tmp\ccaiO6PM.s 			page 38


DEFINED SYMBOLS
                            *ABS*:00000000 stm32f0xx_hal_flash.c
C:\msys64\tmp\ccaiO6PM.s:19     .text.FLASH_Program_HalfWord:00000000 $t
C:\msys64\tmp\ccaiO6PM.s:24     .text.FLASH_Program_HalfWord:00000000 FLASH_Program_HalfWord
C:\msys64\tmp\ccaiO6PM.s:57     .text.FLASH_Program_HalfWord:00000018 $d
C:\msys64\tmp\ccaiO6PM.s:1167   .bss.pFlash:00000000 pFlash
C:\msys64\tmp\ccaiO6PM.s:63     .text.FLASH_SetErrorCode:00000000 $t
C:\msys64\tmp\ccaiO6PM.s:68     .text.FLASH_SetErrorCode:00000000 FLASH_SetErrorCode
C:\msys64\tmp\ccaiO6PM.s:131    .text.FLASH_SetErrorCode:00000038 $d
C:\msys64\tmp\ccaiO6PM.s:137    .text.HAL_FLASH_Program_IT:00000000 $t
C:\msys64\tmp\ccaiO6PM.s:143    .text.HAL_FLASH_Program_IT:00000000 HAL_FLASH_Program_IT
C:\msys64\tmp\ccaiO6PM.s:260    .text.HAL_FLASH_Program_IT:00000064 $d
C:\msys64\tmp\ccaiO6PM.s:266    .text.HAL_FLASH_EndOfOperationCallback:00000000 $t
C:\msys64\tmp\ccaiO6PM.s:272    .text.HAL_FLASH_EndOfOperationCallback:00000000 HAL_FLASH_EndOfOperationCallback
C:\msys64\tmp\ccaiO6PM.s:288    .text.HAL_FLASH_OperationErrorCallback:00000000 $t
C:\msys64\tmp\ccaiO6PM.s:294    .text.HAL_FLASH_OperationErrorCallback:00000000 HAL_FLASH_OperationErrorCallback
C:\msys64\tmp\ccaiO6PM.s:310    .text.HAL_FLASH_IRQHandler:00000000 $t
C:\msys64\tmp\ccaiO6PM.s:316    .text.HAL_FLASH_IRQHandler:00000000 HAL_FLASH_IRQHandler
C:\msys64\tmp\ccaiO6PM.s:624    .text.HAL_FLASH_IRQHandler:0000014c $d
C:\msys64\tmp\ccaiO6PM.s:631    .text.HAL_FLASH_Unlock:00000000 $t
C:\msys64\tmp\ccaiO6PM.s:637    .text.HAL_FLASH_Unlock:00000000 HAL_FLASH_Unlock
C:\msys64\tmp\ccaiO6PM.s:685    .text.HAL_FLASH_Unlock:00000024 $d
C:\msys64\tmp\ccaiO6PM.s:692    .text.HAL_FLASH_Lock:00000000 $t
C:\msys64\tmp\ccaiO6PM.s:698    .text.HAL_FLASH_Lock:00000000 HAL_FLASH_Lock
C:\msys64\tmp\ccaiO6PM.s:719    .text.HAL_FLASH_Lock:00000010 $d
C:\msys64\tmp\ccaiO6PM.s:724    .text.HAL_FLASH_OB_Unlock:00000000 $t
C:\msys64\tmp\ccaiO6PM.s:730    .text.HAL_FLASH_OB_Unlock:00000000 HAL_FLASH_OB_Unlock
C:\msys64\tmp\ccaiO6PM.s:765    .text.HAL_FLASH_OB_Unlock:0000001c $d
C:\msys64\tmp\ccaiO6PM.s:772    .text.HAL_FLASH_OB_Lock:00000000 $t
C:\msys64\tmp\ccaiO6PM.s:778    .text.HAL_FLASH_OB_Lock:00000000 HAL_FLASH_OB_Lock
C:\msys64\tmp\ccaiO6PM.s:799    .text.HAL_FLASH_OB_Lock:00000010 $d
C:\msys64\tmp\ccaiO6PM.s:805    .text.HAL_FLASH_GetError:00000000 $t
C:\msys64\tmp\ccaiO6PM.s:811    .text.HAL_FLASH_GetError:00000000 HAL_FLASH_GetError
C:\msys64\tmp\ccaiO6PM.s:828    .text.HAL_FLASH_GetError:00000008 $d
C:\msys64\tmp\ccaiO6PM.s:833    .text.FLASH_WaitForLastOperation:00000000 $t
C:\msys64\tmp\ccaiO6PM.s:839    .text.FLASH_WaitForLastOperation:00000000 FLASH_WaitForLastOperation
C:\msys64\tmp\ccaiO6PM.s:936    .text.FLASH_WaitForLastOperation:00000054 $d
C:\msys64\tmp\ccaiO6PM.s:941    .text.HAL_FLASH_Program:00000000 $t
C:\msys64\tmp\ccaiO6PM.s:947    .text.HAL_FLASH_Program:00000000 HAL_FLASH_Program
C:\msys64\tmp\ccaiO6PM.s:1115   .text.HAL_FLASH_Program:00000090 $d
C:\msys64\tmp\ccaiO6PM.s:1122   .text.HAL_FLASH_OB_Launch:00000000 $t
C:\msys64\tmp\ccaiO6PM.s:1128   .text.HAL_FLASH_OB_Launch:00000000 HAL_FLASH_OB_Launch
C:\msys64\tmp\ccaiO6PM.s:1157   .text.HAL_FLASH_OB_Launch:00000018 $d
C:\msys64\tmp\ccaiO6PM.s:1164   .bss.pFlash:00000000 $d

UNDEFINED SYMBOLS
FLASH_PageErase
HAL_GetTick
